tiempo,crudo,filtrado,fusion,kalman,distancia
0.032,102.05256999061734,30.6157709971852,61.260615033472064,61.260615033472064,0.0
0.064,97.94907503678624,50.81576220906551,103.15203479063454,94.46643563246738,0.0018840000000000146
0.096,104.84513975415823,67.02457547259331,132.56311365553196,110.85321264318004,0.003768000000000029
0.128,102.35439383528703,77.62352098140141,155.65649533428905,124.42711019889965,0.0057148000000006504
0.16,95.43590537184537,82.9672362985346,166.75831466139388,134.48555066778098,0.007661600000001272
0.192,98.76882662587703,87.70771339673732,177.39197233891997,143.2303638728183,0.009545600000001287
0.224,104.96033009195207,92.88349840530174,187.0352165084053,151.26537717074712,0.011429600000001301
0.256,104.58894356562422,96.39513195339848,193.70417451512589,158.34626688985958,0.013439199999997983
0.28800000000000003,97.81940949777685,96.82241521671199,193.43746183812004,163.72700362514814,0.015323199999997997
0.32,99.79000825808659,97.71269312912436,196.18549635680415,168.41100337503676,0.01720719999999801
0.352,107.01070652763913,100.50209714867879,199.8710225106342,172.73857929935426,0.01915399999999863
0.384,102.27796537520291,101.03485761663602,200.88063870161199,176.37466265434006,0.021100799999994705
0.41600000000000004,105.13011011203183,102.26343336525477,202.8730557514033,179.71408750473813,0.02298479999999472
0.448,101.02143402693608,101.89083356375916,202.72162435959285,182.38602457174656,0.024868799999994733
0.48,97.39819710210982,100.54304262526435,203.78981296404461,184.69742895077638,0.026815599999995353
0.512,102.76605799081013,101.20994723492807,201.7618097710921,186.20895565145247,0.028762399999995976
0.544,100.95809222191343,101.13439073102367,200.20498965428985,187.20891621978373,0.03064639999999599
0.5760000000000001,97.71053519745243,100.10723407095229,200.08918756349453,188.0032675183667,0.032530399999996004
0.608,103.84751620139073,101.22931871008382,200.31714878364932,188.59012084300076,0.03453999999999723
0.64,97.35890350930921,100.06819414985142,200.69948237420806,189.24146503767457,0.03642399999999725
0.672,101.75594472691202,100.57451932296959,200.8161859161686,189.7951246058319,0.03830799999999727
0.704,104.8001883866971,101.84222004208783,201.70451027377015,190.35740913520763,0.04025479999999789
0.736,91.37465177319231,98.70194956141916,199.9128852920859,190.49313246135287,0.042201599999998514
0.768,102.82720991422092,99.93952766725968,199.87318754530446,190.6483187610573,0.04408559999999853
0.8,104.64041699607125,101.34979446590316,199.8092813391828,190.76370597574993,0.04596959999999855
0.8320000000000001,96.45349833385393,99.88090562628838,200.1495441799994,190.8682755678909,0.04791639999999917
0.864,95.2466715533418,98.4906354044044,198.92136248953085,190.73154283969976,0.049863199999999795
0.896,113.84348451438788,103.09649013739944,203.2671178671169,191.45755897246866,0.05174719999999981
0.928,107.9006563492438,104.53774000095274,205.24605611962554,192.4103213788875,0.05363119999999983
0.96,101.50388045496152,103.62758213715537,205.409972720904,193.11740954578514,0.05564080000000106
0.992,104.32457421714312,103.8366797611517,205.1606166026888,193.75423112745816,0.057524800000001076
1.024,98.32084197280952,102.18192842464904,201.15594610016853,193.5509366375319,0.059408800000001094
1.056,104.64028832713197,102.91943639539392,202.2983852880753,193.5397800093589,0.061355599999997165
1.088,103.21270861464737,103.00741806116994,203.02104318265418,193.66143887790105,0.06330239999999779
1.12,108.62961818245526,104.69407809755552,204.01461913155674,193.99234371006742,0.0651863999999978
1.1520000000000001,98.9105439513111,102.95901785368218,203.34372120279244,194.14192256521255,0.06707039999999781
1.184,103.28322137378572,103.05627890971324,202.4418699610053,194.04976048181115,0.06901719999999843
1.216,102.05518552361151,102.75595089388271,202.78911635897057,194.03712960121456,0.0709639999999945
1.248,105.50929797490295,103.58195501818878,204.10800937414672,194.31693421823005,0.07284799999999451
1.28,96.09226135677979,101.33504691976609,199.93179056158107,193.73877567999622,0.07479479999999514
1.312,101.50747419136526,101.38677510124583,199.66712541194127,193.21735852243495,0.07674159999999576
1.344,102.10855612685776,101.6033094089294,201.80826243854708,193.22929036943566,0.07862559999999577
1.3760000000000001,105.9557728508974,102.9090484415198,202.5956596983827,193.38157944456407,0.08050959999999578
1.408,102.16023680851183,102.68440495161741,203.2680273707653,193.57656803318642,0.0824563999999964
1.44,102.56301264515251,102.64798725967793,203.66681246200767,193.80844323413834,0.08440319999999703
1.472,96.54558811348423,100.81726751581982,201.28485693144995,193.6186548820185,0.08628719999999704
1.504,102.35512410045186,101.27862449120943,200.52597695325306,193.32586234147126,0.08817119999999705
1.536,106.64724859069935,102.8892117210564,201.16426630116825,193.09872658578954,0.09018079999999827
1.568,99.97494347584424,102.01493124749274,201.42328890023933,193.0624509876975,0.09206479999999828
1.6,101.67642061461717,101.91337805763006,203.48075230425093,193.40513693727794,0.09394879999999829
1.6320000000000001,98.65087432555195,100.93462693800662,200.8822734917061,193.16404601815876,0.09589559999999892
1.6640000000000001,104.7320871394098,102.07386499842755,203.4823653309811,193.43720210971884,0.09784239999999954
1.696,103.72889457328188,102.57037387088386,204.4881572615255,193.89439682000145,0.09972639999999955
1.728,100.97531745513976,102.09185694616062,201.06940977230406,193.65005563148938,0.10161039999999956
1.76,98.5413618776818,101.02670842561696,201.59483693570456,193.49360724302767,0.10355720000000018
1.792,99.42854795863227,100.54726028552155,202.17961857765079,193.4713196457697,0.1055040000000008
1.824,99.49680750194977,100.23212445045,199.24849327748015,192.97397301588626,0.10738800000000082
1.856,107.24333125090196,102.3354864905856,204.91753552882318,193.59272743424796,0.10927200000000083
1.8880000000000001,104.3447688383269,102.93827119490797,202.56750582836355,193.571272599441,0.11128159999999751
1.92,107.82953856013575,104.40565140447629,202.73637626459615,193.68713287756685,0.11316559999999752
1.952,108.84234567499838,105.7366596856329,205.00059944851284,194.19184149737464,0.11504959999999753
1.984,102.2688506509056,104.69631697521471,201.69042333294743,193.95463211358322,0.11699639999999815
2.016,91.23904580297123,100.65913562354166,198.5783091071475,193.1970721048888,0.11894319999999878
2.048,104.64786079364742,101.85575317457338,200.7643316983092,193.02372658059716,0.12082719999999879
2.08,103.6465874336327,102.39300345229117,202.74603257983,193.24043909490524,0.1227111999999988
2.112,108.89521686475787,104.34366747603116,206.0886735688642,193.9715035309239,0.12465799999999942
2.144,100.83642983338555,103.29149618323747,204.23314090195652,194.2344003256648,0.1266047999999955
2.176,105.34264327615637,103.90684031111313,205.149137372003,194.66693989321183,0.12848879999999552
2.208,106.50949321417548,104.68763618203182,204.76010895271799,194.9507776988522,0.13037279999999554
2.24,102.33859734667058,103.98292453142345,202.38419331471235,194.65034003509163,0.13238239999999676
2.2720000000000002,100.57599125167111,102.96084454749774,202.29608796128383,194.4912007037476,0.1342663999999968
2.3040000000000003,93.49954107853445,100.12245350680875,201.27709928105472,194.17643077919638,0.1361503999999968
2.336,103.60929164851993,101.1685049493221,201.32916136830568,193.87662318003743,0.13809719999999742
2.368,104.75811337528901,102.24538747711216,201.82277450534863,193.7204227604351,0.14004399999999803
2.4,95.31864934532646,100.16736603757644,199.96125866873797,193.30699784867866,0.14192799999999806
2.432,98.69891288890445,99.72683009297484,199.9600156625325,192.96817683649238,0.14381199999999808
2.464,99.97474350565098,99.80120411677768,199.9246430566414,192.6328458747736,0.1457587999999987
2.496,103.99909228770711,101.0605705680565,200.86105730806136,192.52769763306802,0.1477055999999993
2.528,96.86684530345737,99.80245298867675,201.59639301092858,192.62610825078139,0.14958959999999932
2.56,105.59411587369007,101.53995185418074,201.20648371188275,192.5847008220746,0.15153639999999993
2.592,102.17406162094323,101.73018478420948,199.22889884223522,192.19285009294913,0.15348320000000054
2.624,106.2671525669775,103.09127511903988,201.21687640880984,192.28317572155822,0.15536720000000057
2.656,103.3613040506592,103.17228379852567,202.82137662781236,192.64756318440175,0.1572512000000006
2.688,102.93639413736524,103.10151690017753,202.8176846387267,192.8938958258519,0.1591980000000012
2.72,102.626144798907,102.95890526979636,201.18823299887896,192.80071617854605,0.1611448000000018
2.7520000000000002,100.01457589886724,102.07560645851761,199.24028079300172,192.42326066824978,0.16302880000000183
2.7840000000000003,104.89762050208498,102.92221067158782,202.08638749103955,192.6292618988009,0.16491280000000186
2.816,103.91946223366374,103.2213861402106,202.1854094786539,192.71303344006262,0.16692239999999853
2.848,100.05464247216683,102.27136303979746,200.86262090182262,192.64508781131394,0.16880639999999855
2.88,108.64055811446462,104.18212156219761,203.8745803856491,193.13459734643845,0.17069039999999858
2.912,102.19008399722523,103.58451029270589,204.04638211081618,193.5151692020631,0.17263719999999919
2.944,98.9375082321234,102.19040967453113,203.11315374578402,193.6579464859326,0.17458399999999527
2.976,94.1098139551225,99.76623095870853,199.3616831132755,193.14730794039812,0.1764679999999953
3.008,101.97012712382113,100.42739980824231,199.9428507224681,192.83428359291673,0.17835199999999532
3.04,99.68694420499045,100.20526312726675,200.47896448999313,192.6235177757342,0.18029879999999593
3.072,101.09714414474072,100.47282743250892,200.52034934901866,192.45839060370096,0.18224559999999654
3.104,97.92520308432765,99.70854012805454,199.6713140435033,192.22091111700234,0.18412959999999656
3.136,104.23344721658265,101.06601225461296,202.5927407611171,192.55518579526003,0.1860135999999966
3.168,104.11587228211425,101.98097026286334,202.74722208060342,192.7540516103893,0.1880231999999978
3.2,98.57167523605256,100.9581817548201,201.55269027546916,192.80358263487628,0.18990719999999783
3.232,97.95315848515439,100.05667477392038,203.562055739166,193.20783881762003,0.19179119999999786
3.2640000000000002,92.74526222577511,97.8632510094768,201.78608134850379,193.16604533384964,0.19373799999999847
3.2960000000000003,102.99701814961057,99.40338115151692,201.1242111914522,193.01201951470418,0.19568479999999908
3.3280000000000003,91.0962476274568,96.91124109429889,198.91735432759157,192.53786973926213,0.1975687999999991
3.36,99.17961416242504,97.59175301473672,201.0276452901905,192.53149730840866,0.19945279999999913
3.392,102.20523189254902,98.9757966780804,200.55861169194992,192.38995100094328,0.20139959999999973
3.424,100.16301616107553,99.33196252297893,202.44760231807732,192.61592682734005,0.20334640000000034
3.456,95.4541535211381,98.16861982242668,199.60517853145063,192.33796331288204,0.20523040000000037
3.488,99.21840267003361,98.48355467670875,197.32505567566963,191.69761393817126,0.2071144000000004
3.52,96.87844535420102,98.00202187995643,197.03655923157976,191.01808235620067,0.20912400000000161
3.552,96.0821197535675,97.42605124203973,198.81945594666703,190.88711088295685,0.21100800000000164
3.584,94.08967567147072,96.42513857086902,198.35625089797728,190.69600595901412,0.21289200000000166
3.616,97.40437950991266,96.7189108525821,198.10891904120484,190.44329074388142,0.21483879999999775
3.648,96.9113858188162,96.77665334245233,199.09855385182016,190.4154377929633,0.21678559999999836
3.68,97.68700265091269,97.04975813499044,198.5723858605392,190.3488244155572,0.21866959999999838
3.712,108.20994671245751,100.39781470823056,202.43308046931952,190.99304401416754,0.2205535999999984
3.744,98.25294803206413,99.75435470538062,205.01388202190608,191.93634677282935,0.22250039999999902
3.7760000000000002,107.15061973141194,101.97323421319001,209.09930162308382,193.44836486373086,0.2244471999999951
3.8080000000000003,104.42391416113219,102.70843819757266,212.09745169337464,195.28080250224988,0.22633119999999513
3.84,99.25191403185087,101.67148094785611,211.91946621680415,196.6979252018008,0.22827799999999573
3.872,102.8153229695303,102.01463355435837,212.362562956751,197.93875162562853,0.23022479999999634
3.904,100.3515940736357,101.51572171014156,213.44041177826472,199.2015128650772,0.23210879999999637
3.936,97.40723688462307,100.28317626248601,213.0922318042468,200.17269775222968,0.2339927999999964
3.968,106.66225926493948,102.19690116322204,217.14351583820573,201.64993956674817,0.235939599999997
4.0,89.60564457245769,98.41952418599271,215.2384164016968,202.51498602866698,0.2378863999999976
4.032,102.78614512389643,99.72951046736382,217.0141037855234,203.59628958838152,0.23977039999999764
4.064,97.42243702514867,99.03738843469927,218.87551940231054,204.81879148983694,0.24165439999999766
4.096,95.07183001439313,97.84772090860741,220.77094630135304,206.06022442946175,0.24366399999999888
4.128,100.95563316747103,98.7800945862665,223.34944046116377,207.64652883633744,0.2455479999999989
4.16,97.72628504910543,98.46395172511818,224.46313303182603,209.14729167651709,0.24743199999999893
4.192,103.2046454882369,99.88615985405379,225.13245899469325,210.44613315394656,0.24937879999999954
4.224,99.73062093755365,99.83949817910374,227.86321483496508,212.00414756905244,0.25132560000000015
4.256,99.18831932266566,99.64414452217231,226.5820994731821,213.0997199133174,0.25320960000000015
4.288,99.84976049113564,99.70582931286131,227.59689271517746,214.18067144101582,0.25509360000000014
4.32,97.39054269995526,99.0112433289895,231.09716512579269,215.64808067405343,0.2570404000000008
4.352,97.97753307003485,98.7011302513031,232.44907895386052,217.0945855260953,0.2589872000000014
4.384,92.4108159326987,96.81403595572176,231.671687945418,218.19000411572335,0.2608712000000014
4.416,107.56108372194151,100.03815028558768,234.29947663213096,219.56277788103426,0.2627552000000014
4.448,99.95338392007149,100.01272037593282,234.985699059215,220.7084208495388,0.2647647999999981
4.48,103.23428154080914,100.97918872539572,240.81491344506298,222.80464530627228,0.2666487999999981
4.5120000000000005,102.71500891760405,101.49993478305821,244.56006687517458,225.19932180534843,0.2685327999999981
4.5440000000000005,99.3015618101115,100.8404228911742,246.05204192506474,227.37917823144144,0.2704795999999987
4.5760000000000005,99.11017689966936,100.32134909372274,243.05406261117167,228.6218592688688,0.2724263999999948
4.6080000000000005,103.70702248710484,101.33705111173737,244.71512825736482,229.99170023593524,0.2743103999999948
4.64,98.23814132242549,100.4073781749438,243.61915072334745,230.91523418822032,0.2761943999999948
4.672,102.649862277392,101.08012340567825,244.9189571966,231.85543917457306,0.2781411999999954
4.704,101.5881326263221,101.2325261718714,247.27156830163764,233.051286154938,0.28008799999999606
4.736,103.79653364396182,102.00172841349851,244.06803833929405,233.5022902086845,0.28197199999999606
4.768,97.19439224803651,100.5595275638599,243.46072539849706,233.7617415190643,0.28385599999999606
4.8,100.42154321349089,100.51813225874919,245.13326022938713,234.17409071906079,0.2858655999999973
4.832,96.69712709791173,99.37183071049796,246.6205063474076,234.88386029977087,0.2877495999999973
4.864,96.81097272098782,98.60357331364492,249.0572573372396,235.9062092195318,0.28963359999999727
4.896,95.44600585619403,97.65630307640964,248.293332763172,236.5538137241833,0.2915803999999979
4.928,107.00819235948244,100.46186986133148,247.7808549532422,236.99144621569033,0.29352719999999854
4.96,95.47528843978924,98.9658954348688,245.45513953279132,236.98035296539567,0.29541119999999854
4.992,101.14159981116177,99.61860674775667,245.2607074014877,236.9360758337081,0.29729519999999854
5.024,97.28111730073033,98.91735991364877,248.8771775945369,237.5029515051845,0.2992419999999992
5.056,94.01691950550072,97.44722779120436,246.37347230262435,237.5140596605959,0.3011887999999998
5.088,100.14730857141691,98.25725202526812,247.49213930826895,237.7770665689813,0.3030727999999998
5.12,100.62651155827415,98.96802988516993,248.09946556135574,238.05096106601619,0.30501960000000045
5.152,104.64679485385832,100.67165937577644,250.84066764972303,238.7714320994632,0.3069664000000011
5.184,110.4845963398458,103.61554046499724,252.1460679074413,239.64920722366685,0.3088504000000011
5.216,104.0515730359838,103.74635023629321,248.61802517935143,239.7295402764191,0.3107344000000011
5.248,100.07660474642964,102.64542658933414,249.16397722573626,239.84271585253882,0.31268119999999716
5.28,100.31373641690729,101.94591953760607,247.29706113136538,239.59749976192768,0.3146279999999978
5.312,107.06209100794679,103.48077097870828,247.95798959884212,239.56772693844593,0.3165119999999978
5.344,103.22091264056118,103.40281347726415,247.61811242518226,239.48182599899056,0.3183959999999978
5.376,100.72052562821158,102.59812712254836,246.9518828191062,239.18802030205242,0.32040559999999446
5.408,102.07959085272313,102.44256624160079,253.06773852972654,240.15721408778936,0.32228959999999446
5.44,98.94981408993729,101.39474059610173,250.4283445590478,240.47326246625704,0.32417359999999446
5.472,94.34312162767493,99.27925490557368,246.87821715231843,240.0381092887959,0.3261203999999951
5.5040000000000004,103.43801409974907,100.52688266382629,247.5222742728293,239.79829049064836,0.32806719999999573
5.5360000000000005,106.20616576907264,102.23066759540018,248.11642354992904,239.76085119578065,0.3299511999999957
5.5680000000000005,102.53728365539254,102.32265241339789,247.37858327589822,239.5966410659862,0.3318351999999957
5.6000000000000005,103.81409098911263,102.77008398611231,246.248555122823,239.20618692030484,0.33378199999999636
5.632,99.13607674260547,101.67988181306025,245.5459100318472,238.75922699012438,0.335728799999997
5.664,98.28465567005382,100.66131397015832,246.05659861745383,238.53703241529675,0.337612799999997
5.696,103.80213744126533,101.60356101149041,246.65042907477152,238.46253634136187,0.339496799999997
5.728,97.14892584243806,100.26717046077471,247.1166906015816,238.3830493355446,0.3415063999999982
5.76,92.46894239405938,97.9277020407601,244.50850922044748,237.94874165055916,0.3433903999999982
5.792,101.51495742836016,99.0038786570401,245.070626365401,237.6947843811086,0.3452743999999982
5.824,102.45603335491596,100.03952506640285,245.49722944586512,237.51257348582556,0.34722119999999884
5.856,101.39266771040549,100.44546785960364,245.4423047674378,237.35340107915906,0.3491679999999995
5.888,102.63306391755128,101.10174667698793,247.10127021057951,237.57474045676926,0.3510519999999995
5.92,107.59107824695084,103.0485461479768,251.11697988990937,238.48285142020023,0.3529359999999995
5.952,95.51481179009511,100.78842584061228,248.41801332644565,238.6866569679281,0.3548828000000001
5.984,105.78036685771247,102.28600814574233,252.8057369182246,239.64774127380844,0.35682960000000075
6.016,97.39573482244961,100.8189261487545,248.07458505679614,239.62997834950534,0.35871360000000074
6.048,100.50600721146506,100.72505046756766,247.7294047059013,239.55295368546538,0.36059760000000074
6.08,95.2856502056059,99.09323038897912,245.71953150264866,239.02322153150163,0.3626071999999974
6.112,99.28152931292011,99.14972006616142,244.8854271779541,238.541265484222,0.3644911999999974
6.144,101.65334614010878,99.90080788834562,244.29532304528374,238.0397349025134,0.3663751999999974
6.176,100.01482024576464,99.93501159557132,243.86680799136332,237.4999865934823,0.36832199999999804
6.208,97.31085589528993,99.1477648854869,242.72800090183728,236.85181013539054,0.3702687999999941
6.24,96.50316850180441,98.35438597038214,241.923829856151,236.22683240120946,0.3721527999999941
6.272,105.8318713044895,100.59763157061434,244.6322627340681,236.20519369570064,0.3740367999999941
6.304,95.38751165612408,99.03459559626725,242.9768102782345,235.83640540940112,0.37598359999999476
6.336,93.57672601925029,97.39723472316216,241.32221301091107,235.23488889608586,0.3779303999999954
6.368,99.43868102447283,98.00966861355535,243.0555811134344,235.10741404625114,0.3798143999999954
6.4,101.61028106541289,99.0898523491126,246.47010245561012,235.62103169617998,0.3816983999999954
6.432,98.47975026119298,98.90682172273671,245.7986054755036,235.81727983369626,0.3837079999999966
6.464,100.59251707807445,99.41253032933803,247.92398930682913,236.46556344535804,0.3855919999999966
6.496,101.8410626409775,100.14109002282986,247.63690496325847,236.94454778392313,0.3874759999999966
6.5280000000000005,101.43379870723014,100.52890262814994,247.65577938790346,237.2888200164074,0.38942279999999724
6.5600000000000005,100.02145934638199,100.37666964361955,247.19942344651434,237.4881805410453,0.3913695999999979
6.5920000000000005,104.9425732939255,101.74644073871133,246.83500364960975,237.63693158615166,0.39325359999999787
6.6240000000000006,105.95533849295468,103.00911006498433,253.62233826027443,238.98724974263243,0.39513759999999787
6.656000000000001,102.83177896162935,102.95591073397783,252.41743646791895,239.77221273224094,0.3971471999999991
6.688,97.84692846724221,101.42321605395715,251.60939485467617,240.37171256389666,0.3990311999999991
6.72,96.47490793965,99.938723619665,252.7115588453987,241.06219335792738,0.4009151999999991
6.752,99.91634428948988,99.93200982061246,251.35074850771764,241.32996220364373,0.4028619999999997
6.784,101.33701596998317,100.35351166542367,251.62407016048118,241.5987360936226,0.40480880000000036
6.816,103.73032934890034,101.36655697046666,250.91853630112618,241.7425960608585,0.40669280000000035
6.848,100.9567015918447,101.24360035688007,250.83265996053757,241.84487432786506,0.40857680000000035
6.88,109.48940351446316,103.71734130415498,250.10531780401445,241.74556000574125,0.41052359999999644
6.912,99.26882565752703,102.38278661016659,248.07163820647415,241.29613038064704,0.4124703999999971
6.944,103.30861563394195,102.66053531729919,250.17113658562306,241.35948373988504,0.41435439999999707
6.976,109.72246779121444,104.77911505947377,253.13758452418267,241.94828999630727,0.41623839999999707
7.008,102.88808307288434,104.21180546349693,250.55519656555913,241.8602512759571,0.4182479999999983
7.04,104.33862362421726,104.24985091171303,250.41500261476696,241.86563930107786,0.4201319999999983
7.072,100.98506302984406,103.27041454715233,248.4837022571877,241.52049154659252,0.4220159999999983
7.104,102.48049743565221,103.0334394137023,251.18211247617336,241.67478685799847,0.4239627999999989
7.136,102.42953302818,102.8522674980456,248.41754491774202,241.30077525086543,0.425909599999995
7.168,104.37890712143127,103.3102593850613,249.6719808179511,241.27294194788846,0.427793599999995
7.2,99.6892401610688,102.22395361786354,248.96187483462919,241.12161898697528,0.429677599999995
7.232,105.02200462655307,103.0633689204704,247.53074329290132,240.6872205003374,0.43162439999999563
7.264,101.7415272192923,102.66681641011695,249.83571755853245,240.74864166745795,0.43357119999999627
7.296,104.07190589696229,103.08834325617055,252.5113854231148,241.334668339898,0.43545519999999627
7.328,100.8586631386012,102.41943922089973,252.74961887643204,241.85774530483943,0.43733919999999626
7.36,101.50694048213023,102.14568959926888,250.97913188788547,241.86282618717706,0.4393487999999975
7.392,95.69216180565392,100.20963126118438,250.75609931680378,241.92948581433646,0.4412327999999975
7.424,98.09517280271842,99.57529372364459,250.61833312791188,241.95914487731565,0.4431167999999975
7.456,103.08544045509714,100.62833774308035,251.04014752281614,242.0083497236361,0.4450635999999981
7.488,99.3878099037665,100.2561793912862,249.63086297558874,241.79357161782988,0.44701039999999875
7.5200000000000005,96.4126670298401,99.10312568285235,246.554186548195,241.1122303912308,0.44889439999999875
7.5520000000000005,108.62209936357237,101.95881778706836,249.15568157048574,241.02507435937093,0.45077839999999875
7.5840000000000005,106.19460621116167,103.22955431429634,249.88728946360712,241.03467920497351,0.4527251999999994
7.6160000000000005,102.54617533425845,103.02454062028497,251.14056400793717,241.2693851723209,0.454672
7.648000000000001,102.93440692640675,102.99750051212149,250.5282758196833,241.40222066068853,0.456556
7.68,95.09363869049253,100.62634196563279,247.41924121908232,240.94828572735616,0.45844
7.712,98.25933884441073,99.91624102926616,247.17171825748449,240.42884413500124,0.46044960000000124
7.744,104.61733637392649,101.32656963266426,246.01646498150438,239.89718892198178,0.46233360000000123
7.776,103.49334670994398,101.97660275584818,247.97409496639793,239.81608813749452,0.46421760000000123
7.808,101.1616260026224,101.73210972988043,247.6821780644682,239.64539680395498,0.4661643999999973
7.84,98.89021574940253,100.87954153573706,249.79710626473803,239.8883969203753,0.46811119999999795
7.872,100.89570780956072,100.88439141788415,247.06948409384813,239.64515514866625,0.46999519999999795
7.904,99.28550059032041,100.40472416961501,245.4526899366865,239.1533038120084,0.47187919999999794
7.936,105.41967807142495,101.90921034015798,248.38178610817508,239.1777687520157,0.4738887999999946
7.968,94.69164586615064,99.74394099795578,247.06394378429647,239.06214612879012,0.4757727999999946
8.0,105.76699645822993,101.55085763603802,255.92300471891696,240.57091890431306,0.4776567999999946
8.032,100.67521032251808,101.28816344198204,252.7364385597533,241.17841365645722,0.47960359999999524
8.064,98.63880996227442,100.49335739806975,251.2610787403441,241.40891691241256,0.4815503999999959
8.096,100.5680187147332,100.51575579306878,250.19889786035657,241.4568809116347,0.4834343999999959
8.128,103.4842064925775,101.40629100292139,251.66958750102484,241.76235471281817,0.4853183999999959
8.16,97.5898974676419,100.26137294233754,254.61398645606678,242.4940340460986,0.4872651999999965
8.192,99.59987050363227,100.06292221072596,250.83347657254745,242.409018355559,0.48921199999999715
8.224,103.36884530105999,101.05469913782616,251.39924069276273,242.49322554812116,0.49109599999999715
8.256,100.99124429029763,101.0356626835676,251.16249760879543,242.5193415390202,0.49297999999999714
8.288,100.52962324763043,100.88385085278642,248.7730845590418,242.00538606993624,0.49498959999999836
8.32,105.46259129738172,102.257472986165,254.41927690264131,242.70926874354313,0.49687359999999836
8.352,97.57589532423552,100.85299968758615,250.55095416114636,242.5855936107323,0.49875759999999836
8.384,103.64078723136961,101.68933595072119,250.86881162113195,242.49040142265068,0.5007043999999989
8.416,102.60114454131244,101.96287852789857,249.91991747512705,242.24069130383478,0.5026511999999995
8.448,98.48440906680351,100.91933768957003,249.06917619697907,241.93362939651178,0.5045351999999995
8.48,102.54615719346208,101.40738354073764,252.64041856412823,242.32853091528546,0.5064191999999995
8.512,100.59497038400805,101.16365959371876,248.4441415266895,241.84100718007718,0.5083660000000001
8.544,104.81203838905492,102.2581732323196,248.11784458536965,241.38266509349856,0.5103128000000007
8.576,96.61187889174568,100.56428493014742,246.5716774352647,240.77886273269127,0.5121968000000007
8.608,101.12648253933847,100.73294421290473,247.02679306019067,240.36672189316107,0.5140808000000007
8.64,102.64817843922117,101.30751448079965,247.9944508097429,240.10145445346174,0.5160903999999974
8.672,99.93013400902842,100.89430033926828,248.49741178227836,240.07810115778614,0.5179743999999974
8.704,105.09323490230165,102.15398070817828,247.94571932308833,239.9591197877991,0.5198583999999974
8.736,103.87527407710328,102.67036871885577,247.55055910840485,239.73871737771793,0.521805199999998
8.768,100.85668820199112,102.12626456379637,244.07115974834306,238.92844462670175,0.523751999999994
8.8,97.11144027059599,100.62181727583625,244.549315235027,238.40280753786072,0.525635999999994
8.832,106.1805649603058,102.28944158117712,249.12382954302348,238.800285164825,0.527519999999994
8.864,98.86876331093669,101.26323810010499,249.34751808455493,239.1148740434194,0.5294667999999946
8.896,97.48448628146613,100.12961255451333,247.9173085329838,239.11365874647532,0.5314135999999952
8.928,96.58626951955611,99.06660964402616,250.38934739634166,239.61152965635463,0.5332975999999952
8.96,107.46281566465885,101.58547145021595,238.6936172000556,237.9023890985468,0.5351815999999952
8.992,102.98730630295483,102.0060219060376,227.07514628473643,234.2968176838167,0.5371911999999964
9.024000000000001,107.72997687967307,103.72320839812824,221.76865927281335,230.48625148959493,0.5390751999999964
9.056000000000001,96.20505266363543,101.46776167778039,214.48516374701103,226.04709372553822,0.5409591999999964
9.088000000000001,101.52041052089486,101.48355633071472,209.80316944827533,221.51254979655897,0.542905999999997
9.120000000000001,102.08497885151586,101.66398308695506,208.9098012160424,217.63704961098378,0.5448527999999976
9.152000000000001,97.26724835599478,100.34496266766698,204.77524266782586,213.76609386241864,0.5467367999999976
9.184000000000001,102.58459299522846,101.01685176593541,199.9730147088961,209.72658016038937,0.5486207999999976
9.216000000000001,103.01412054052366,101.61603239831189,200.86427370145782,206.5280906941811,0.5505675999999982
9.248,101.74005154365852,101.65323814191588,201.2462321342893,203.97765339105706,0.5525143999999987
9.28,99.33294023268704,100.95714876914721,199.8758346667288,201.69223371894978,0.5543983999999987
9.312,99.15912704206823,100.41774225102351,199.7302150957713,199.7426791860115,0.5563451999999993
9.344,99.94699368656521,100.27651768168602,201.85465754424504,198.53050797232518,0.5582919999999999
9.376,103.18376132428648,101.14869077446615,203.40845304062165,197.87040320882386,0.5601759999999999
9.408,99.63956026428352,100.69595162141135,202.83204415217398,197.22544719050728,0.5620599999999999
9.44,101.47955199157335,100.93103173245994,203.58795597130455,196.78261140978455,0.5640067999999959
9.472,97.49327749711988,99.8997054618579,201.17201993398274,195.98264939085362,0.5659535999999965
9.504,98.80764074209748,99.57208604592977,201.85273645879755,195.5021198612583,0.5678375999999965
9.536,100.0660869217393,99.72028630867263,201.64898890916174,195.071687181519,0.5697215999999965
9.568,102.23670823543944,100.47521288670265,202.10289525732907,194.69845095353185,0.5717311999999932
9.6,101.90821984118566,100.90511497304755,201.83192331380386,194.44659101907897,0.5736151999999932
9.632,93.90638227650473,98.8054951640847,200.01856588925313,193.91210392326454,0.5754991999999932
9.664,99.60063408876644,99.04403684148922,200.13822361708975,193.44458205707457,0.5774459999999938
9.696,101.57053765556644,99.80198708571238,199.4855483789591,192.94354789114672,0.5793927999999944
9.728,97.01956912122179,98.9672616963652,197.67755605307423,192.25739090564684,0.5812767999999944
9.76,102.80971994897213,100.11999917214726,200.40567985613487,192.1892102495881,0.5831607999999944
9.792,100.56722645924543,100.2541673582767,201.77804322797488,192.3303311228936,0.585107599999995
9.824,100.83259593024937,100.42769592986849,204.525555606241,192.9432023749959,0.5870543999999955
9.856,109.28167811561991,103.0838905855939,206.2041562290267,193.80040134832777,0.5889383999999955
9.888,98.34915814037899,101.66347085202942,203.6791955020754,194.04543782929304,0.5908223999999955
9.92,94.23337175633642,99.43444112332152,200.3876870652549,193.5475017651282,0.5928319999999968
9.952,98.7555005615926,99.23075895480284,200.25641708190494,193.21879806192126,0.5947159999999968
9.984,97.28593415692033,98.64731151543808,200.1934033728253,192.9381835867269,0.5965999999999968
10.016,96.56699645961426,98.02321699869093,199.26708016897388,192.4892640816758,0.5985467999999974
10.048,97.19923511173968,97.77602243260556,198.43217408953785,191.97048196683258,0.600493599999998
10.08,99.50162131944799,98.29370209865829,197.37960810677143,191.4065196559444,0.602377599999998
10.112,105.48674071612243,100.45161368389753,201.42472782206912,191.67678972634675,0.604261599999998
10.144,98.17547211775506,99.76877121405478,202.60004166231056,192.05943711150303,0.6062083999999985
10.176,99.02657311591598,99.54611178461313,202.45387563411828,192.3463705843076,0.6081551999999991
10.208,101.87994275166744,100.24626107472942,202.0094649639321,192.5523659427265,0.6100391999999991
10.24,97.89511369221024,99.54091685997366,200.97808383736526,192.534399235433,0.6119231999999991
10.272,103.26094691292074,100.65692587585778,201.38229127900243,192.489978286468,0.6139327999999958
10.304,93.82812200134657,98.6082847135044,198.98767556585577,192.1230446439149,0.6158167999999958
10.336,98.85169607473401,98.68130812187329,199.70572353943996,191.95248997490674,0.6177007999999958
10.368,102.29502551148212,99.76542333875592,201.51500634059767,192.0888476067789,0.6196475999999964
10.4,101.94289916883213,100.41866608777877,202.06474975064157,192.3000270361747,0.6215943999999924
10.432,96.65210768395245,99.28869856663087,200.5100333353049,192.24301706669348,0.6234783999999924
10.464,100.50516660727612,99.65363897882443,199.43297708356292,192.00138125756732,0.6253623999999924
10.496,96.03735273433705,98.56875310547821,198.01739999653591,191.49583164119073,0.627309199999993
10.528,104.5999593237499,100.37811497095971,198.69468203861348,191.20437161260884,0.6292559999999936
10.56,94.3028195194033,98.55552633549279,196.6338363768304,190.64409054212194,0.6311399999999936
10.592,99.3074907900717,98.78111567186644,199.39166243707282,190.63294525202775,0.6330867999999942
10.624,97.15191362254677,98.29235505707054,198.14415808196077,190.39802204670443,0.6350335999999948
10.656,99.69297611731375,98.71254137514349,197.4041785806436,190.1231182643933,0.6369175999999948
10.688,101.37904766083352,99.51249326085049,199.94019352654544,190.3569837795103,0.6388015999999948
10.72,102.48201847161728,100.40335082408052,201.8863266589055,190.8493321177294,0.6407483999999953
10.752,104.86832071774438,101.74284179217968,202.2878645707738,191.32524399467698,0.6426951999999959
10.784,102.21708756863802,101.88511552511717,202.61457055341901,191.82558333213746,0.6445791999999959
10.816,105.86448787765255,103.07892723087778,203.31740926799293,192.36257455312256,0.6464631999999959
10.848,97.10210664813391,101.28588105605462,201.1230455583111,192.3023306136735,0.6484727999999972
10.88,103.74167493899557,102.0226192209369,200.90009268303825,192.31550347403214,0.6503567999999972
10.912,100.39824426053363,101.53530673281591,201.78538856383648,192.4865284316167,0.6522407999999972
10.944,99.80391507258452,101.01588923474648,202.4246059000384,192.69086168884576,0.6541875999999978
10.976,102.49904937776878,101.46083727765316,200.466176463596,192.5037402785603,0.6561343999999983
11.008000000000001,103.56026933054702,102.09066689352132,200.92945542420176,192.4857730737051,0.6580183999999983
11.040000000000001,102.43617964183431,102.1943207180152,199.6469756929079,192.23893224713754,0.6599023999999983
11.072000000000001,98.46581641876999,101.07576942824164,199.01450630456122,191.8708602539523,0.6618491999999944
11.104000000000001,102.84103207748362,101.60534822301423,199.59989108559728,191.67536156509965,0.663795999999995
11.136000000000001,96.20595437221368,99.98553006777406,198.29439257644577,191.33038902620396,0.6656799999999949
11.168000000000001,106.37757863499607,101.90314463794066,199.4674010881859,191.26016728137773,0.6675639999999949
11.200000000000001,101.04085296236667,101.64445713526845,200.80630043306707,191.34212623604975,0.6695735999999962
11.232000000000001,97.14043085094224,100.29324924997059,201.69891827665523,191.67367914547947,0.6714575999999962
11.264,100.90575485504525,100.47700093149298,201.12407731612973,191.84117701917236,0.6733415999999962
11.296,102.28953545529284,101.02076128863294,201.67079151745276,192.0258787486159,0.6752883999999968
11.328,102.34570940698323,101.41824572413802,202.99403510911495,192.4166537229135,0.6772351999999928
11.36,104.0730821795702,102.21469666076766,202.17764468531863,192.64036811929037,0.6791191999999928
11.392,102.28340087658441,102.23530792551267,203.96248518366474,193.14664245670136,0.6810031999999928
11.424,97.75575631540327,100.89144244247984,202.08015736079577,193.1691523887145,0.6829499999999934
11.456,95.158084076166,99.17143493258568,201.69403251129353,193.11770044178408,0.684896799999994
11.488,100.28052249297886,99.50416120070363,202.27299212101676,193.23178477463068,0.686780799999994
11.52,103.30606575327415,100.64473256647477,204.31191649712915,193.69426036711945,0.688664799999994
11.552,108.53863472767952,103.0129032148362,207.26981881670548,194.50553527720274,0.6906743999999952
11.584,104.24382697841472,103.38218034390975,207.44269755401308,195.3041287805144,0.6925583999999952
11.616,103.34250611649529,103.3702780756854,208.3561440637779,196.1235103922883,0.6944423999999952
11.648,99.73729963655515,102.28038454394633,205.18590821233724,196.16934781148296,0.6963891999999958
11.68,108.47486644462552,104.13872911415007,205.34297612180504,196.23531767272257,0.6983359999999964
11.712,101.42219883846468,103.32377003144444,202.42929397135563,195.8134112881824,0.7002199999999964
11.744,97.68083734206641,101.63089022463103,200.69362289615762,195.15371676272474,0.7021039999999964
11.776,100.12460866176097,101.17900575576999,201.9104457799323,194.78223386413512,0.704050799999997
11.808,100.83002603602334,101.07431183984599,202.77509116073395,194.63448710915034,0.7059975999999976
11.84,117.417531730883,105.97727780715708,205.89551848091696,195.12970508815474,0.7078815999999976
11.872,143.1394944887245,117.1259428116273,216.2709809213047,197.36178938057452,0.7098283999999981
11.904,146.88628989549423,126.05404693678736,231.5617475362609,201.957462688888,0.7117751999999987
11.936,179.6774717158424,142.14107437050387,259.61634140222736,210.85057561847213,0.7136591999999987
11.968,201.02315808943837,159.8056994861842,286.95286144993327,223.08189935703024,0.7155431999999987
12.0,240.17715358218112,183.91713571498326,325.48058399576286,240.02137250915567,0.7174899999999947
12.032,356.894228946181,235.8102636843426,396.67012169821584,266.77997239364225,0.7194367999999953
12.064,488.44327953891866,311.6001684407154,523.4360553829132,311.69108427618573,0.7213207999999953
12.096,423.49320267378147,345.1680787106352,562.1152130520918,355.47422794857977,0.7232047999999953
12.128,395.52299732139466,360.274554293863,575.808974235864,393.7084015277696,0.725214399999992
12.16,417.1103635288328,377.3252970643539,593.3514246055781,428.3002913907481,0.727098399999992
12.192,398.2281342736797,383.5961482271516,611.8941898310707,461.5303303043805,0.727098399999992
12.224,345.5139117982951,372.1714772984946,619.3261587282077,490.14241607594454,0.727035599999996
12.256,274.4706042009792,342.86121536923997,622.1890743221375,513.9910993859783,0.7270983999999966
12.288,260.9864922583387,318.29879843596956,633.0740427135066,535.5448159002007,0.7270983999999966
12.32,226.22105792022546,290.67547628124635,644.6088711421537,555.3365719499157,0.727035599999996
12.352,169.07349935772575,254.19488320419015,649.2518240410834,572.283565600721,0.7270983999999966
12.384,157.5646953168798,225.20582683799702,666.271359979069,589.2951225812717,0.7270983999999966
12.416,142.01691805120498,200.24915420195939,667.9076985355415,603.5238032741129,0.7270983999999966
12.448,103.42587203820366,171.20216955283266,661.6175956709108,614.090068541338,0.727035599999996
12.48,102.4509311256354,150.57679802467348,667.5216468318262,623.7096179404997,0.7270983999999966
12.512,101.84007569914169,135.95578132701394,675.307731713383,633.0487481790805,0.7270983999999966
12.544,95.88409246276116,123.9342746677381,677.8624220961798,641.1599116805849,0.7270983999999966
12.576,97.71554541311718,116.06865589135182,712.0357916050197,654.0397029938779,0.727035599999996
12.608,103.753120437147,112.37399525509038,724.9711620978495,666.98098735663,0.7269099999999948
12.64,99.49739450751063,108.51101503081645,764.9993664366384,684.5677700731279,0.7270983999999967
12.672,103.79691524045379,107.09678509370765,737.5498805606853,694.2088336304859,0.7270355999999961
12.704,104.35930003943886,106.27553957742701,675.4385358863517,690.7600230751491,0.7270983999999967
12.736,101.14642078497923,104.73680393969268,607.3238037071515,675.6582749236104,0.7270983999999967
12.768,99.04315756409734,103.02871002701407,537.5655006944276,650.6638263046177,0.7270983999999967
12.8,99.20886032452012,101.88275511626588,478.0638786404073,619.4750984893765,0.7270355999999961
12.832,100.29252094689491,101.40568486545459,425.6687725059195,584.3452022384259,0.7270983999999922
12.864,92.15430807223282,98.63027182748804,378.2401188936343,547.0406948554036,0.7270983999999922
12.896,101.67126821198138,99.54257074283605,343.8985539953705,510.27247269157317,0.7270983999999922
12.928,100.19281235540447,99.73764322660656,312.0563074505641,474.44727321726,0.7270355999999916
12.96,100.80781007180242,100.05869328016533,284.206898721138,439.9628053149323,0.7270983999999922
12.992,102.52093768351685,100.79736660117078,259.52387873854855,407.30380846043556,0.7270983999999922
13.024000000000001,103.29301712490434,101.54606175829085,242.788382997441,377.57835905273447,0.7270355999999961
13.056000000000001,99.39805074241382,100.90165845352773,228.21011786118828,348.8972115631197,0.7290451999999928
13.088000000000001,107.89089854127158,102.99843047985087,220.4878361697704,324.1124333586109,0.7309291999999928
13.120000000000001,106.77044295326203,104.13003422187421,214.03928888218616,302.6464673372684,0.7328131999999928
13.152000000000001,103.63053546329,103.98018459429893,211.91292506521475,284.62948784993586,0.7347599999999934
13.184000000000001,101.18343944805562,103.14116105042592,209.14328383824864,269.3722386587928,0.736706799999994
13.216000000000001,94.06037078159238,100.41692396977585,203.7908619580336,255.9591719281217,0.738590799999994
13.248000000000001,102.95573948141703,101.1785686232682,204.3149974704852,245.06870413358394,0.740474799999994
13.280000000000001,103.14415891658962,101.76824571126463,203.84274643550012,236.0124743001824,0.7424215999999946
13.312000000000001,99.63825486682106,101.12924845793155,205.0078548009813,228.80628125440685,0.7443683999999952
13.344,93.0697148914161,98.71138838797691,203.09685984041064,222.60993924605773,0.7462523999999952
13.376,99.09292390909664,98.82584904431283,201.76741707302895,217.29449389353425,0.7481363999999951
13.408,101.01148595105093,99.48154011633426,201.6384920086986,212.8149290988614,0.7501459999999964
13.44,100.98789564382668,99.93344677458197,202.00801271971488,209.31590343068262,0.7520299999999964
13.472,96.09420948023437,98.78167558627769,200.160087793088,206.11572288948355,0.7539139999999964
13.504,97.45849987600096,98.38472287319466,198.26462633083065,203.10025989976262,0.755860799999997
13.536,102.03958350931592,99.48118106403103,199.3934651237122,200.83490522342052,0.7578075999999976
13.568,96.06303285904258,98.45573660253449,200.52761260845432,199.23628533792967,0.7596915999999976
13.6,104.4385220181955,100.25057222723278,202.30552664310156,198.24880969259374,0.7615755999999976
13.632,97.30493909586107,99.36688228782126,200.10297646299654,196.98997522283642,0.7635223999999982
13.664,97.99405214608669,98.95503324530088,199.9975432984264,195.93990352014646,0.7654691999999942
13.696,103.50701898611682,100.32062896754564,201.58342194874672,195.418365630437,0.7673531999999942
13.728,103.05488601163873,101.14090608077356,201.0616462041103,194.8453513333571,0.7692999999999948
13.76,102.83372955637037,101.6487531234526,203.60546852690464,194.8364767111015,0.7712467999999953
13.792,103.27546400151405,102.13676638687103,203.24635124402272,194.81564239474872,0.7731307999999953
13.824,103.69733941319174,102.60493829476724,203.43126194631148,194.83204741496334,0.7750147999999953
13.856,96.30534412245837,100.71506004307457,198.99778619593405,193.99160172890782,0.7769615999999914
13.888,95.6369897998707,99.1916389701134,195.52867299609778,192.67537376186863,0.778908399999992
13.92,102.64989141725644,100.22911470425632,198.2003664740025,192.13238301232067,0.780792399999992
13.952,94.40681865962762,98.48242589086769,196.86654537608158,191.44625393696904,0.782676399999992
13.984,94.72626522607378,97.35557769142952,197.95013153961713,190.9775722051113,0.7846859999999932
14.016,99.40074548827236,97.96912803048237,199.86346133229608,191.04289534619699,0.7865699999999932
14.048,105.76774429360664,100.30871290941964,202.541441187146,191.58110285328772,0.7884539999999932
14.08,105.3330587540899,101.81601666282072,203.77980801807604,192.19460410007235,0.7904007999999938
14.112,95.55401917353917,99.93741741603625,201.3541896501842,192.25803225664637,0.7923475999999944
14.144,99.6600911269943,99.85421952932366,200.37891576648525,192.18489128400327,0.7942315999999944
14.176,104.98269151594477,101.39276112530999,201.23241333156463,192.27946958160268,0.7961155999999944
14.208,98.2312361369039,100.44430362878815,198.95153426838124,191.89266264981453,0.798062399999995
14.24,96.13046243677695,99.15015127118478,199.84576643502004,191.7377206081575,0.8000091999999955
14.272,99.83533018303372,99.35570494473946,201.61879001519986,191.98316890430925,0.8018931999999955
14.304,95.9053923080497,98.32061115373253,202.4247712563734,192.33007226914074,0.8037771999999955
14.336,101.82366743360369,99.37152803769388,203.13921773963548,192.64063331167543,0.8057867999999968
14.368,102.87734530535744,100.42327321799294,202.3733521991459,192.8592305328181,0.8076707999999968
14.4,101.1706740749093,100.64749347506785,202.89433990179216,193.13255967889313,0.8095547999999968
14.432,99.47734014166704,100.2964474750476,202.56388464987745,193.24517199467218,0.8115015999999974
14.464,101.46179192051187,100.64605080868688,203.53741289422206,193.51360795193014,0.8134483999999934
14.496,105.55762949853859,102.11952441564239,204.21770466724396,193.90802214353474,0.8153323999999934
14.528,97.91796716751801,100.85905724120506,203.01074983585085,194.01259252550642,0.8172163999999934
14.56,103.29362567181522,101.58942777038811,200.74039261484378,193.63587356293525,0.819163199999994
14.592,98.61390605846863,100.69677125681227,201.69596623879977,193.50029624434433,0.8211099999999946
14.624,94.21497995891589,98.75223386744335,199.94771298949695,193.12426195017142,0.8229939999999946
14.656,93.51273010425533,97.18038273848694,198.2703471363631,192.5126898809898,0.8248779999999946
14.688,100.06368443129062,98.04537324632804,199.70870363064975,192.16928307000256,0.8268875999999913
14.72,98.197899630328,98.09113116152803,198.21530990121346,191.72059819989477,0.8287715999999913
14.752,103.72788958667786,99.78215868907296,202.91503343800974,192.20376244437125,0.8306555999999913
14.784,99.77734924532905,99.78071585594978,199.90985987300826,192.0041128666228,0.8326023999999919
14.816,93.83110413073126,97.99583233838422,198.8280107849153,191.64478737204172,0.8345491999999924
14.848,106.10426731842884,100.4283628323976,201.39573439265513,191.86668383993936,0.8364331999999924
14.88,97.25657970236261,99.4768278933871,201.00159358632237,191.9770790936418,0.8383171999999924
14.912,105.96237418699496,101.42249178146946,203.47911821670806,192.46448551988559,0.840263999999993
14.944,99.96878785253028,100.98638060278769,201.21436141742709,192.45375724852892,0.8422107999999936
14.976,96.75298927368408,99.7163632040566,199.07858144213975,192.10983326121215,0.8440947999999936
15.008000000000001,97.98613766559767,99.19729554251893,197.94643355173133,191.6232427082039,0.8459787999999936
15.040000000000001,96.65214431509622,98.4337501742921,199.61680038434216,191.42418936395313,0.8479883999999949
15.072000000000001,98.259856677511,98.38158212525776,198.1988675102362,191.10738856929672,0.8498723999999949
15.104000000000001,97.56756567149064,98.13737718912762,199.06397889570627,191.00451093914495,0.8517563999999949
15.136000000000001,102.41330473626931,99.42015545327013,199.8894532471061,191.01822935208608,0.8537031999999954
15.168000000000001,108.18357288920726,102.04918068405127,202.8949583179106,191.57345370779905,0.855649999999996
15.200000000000001,96.74268282980684,100.45723132777792,201.87089916881024,191.89426503395143,0.857533999999996
15.232000000000001,110.12323289623279,103.35703179831438,203.1694699693996,192.39204839272435,0.859417999999996
15.264000000000001,97.02030872583497,101.45601487657055,202.50730950357504,192.57701809225836,0.8614275999999927
15.296000000000001,103.0938576981749,101.94736772305185,201.53935308607933,192.65617774504017,0.8633115999999927
15.328000000000001,105.6100738441439,103.04617955937947,204.0161229834929,193.16929888785882,0.8651955999999927
15.36,96.52455626410462,101.08969257079701,202.1621810449862,193.20255414499027,0.8671423999999933
15.392,99.95911341433721,100.75051882385907,204.10141887108236,193.58078750582484,0.8690891999999939
15.424,105.49432229668429,102.17365986570664,203.93306784630832,193.91152380875567,0.8709731999999939
15.456,101.01994753209661,101.82754616562363,202.04645352382593,193.84092516431843,0.8728571999999939
15.488,96.61252381660083,100.26303946091679,202.44061407666968,193.80301342224783,0.8748039999999899
15.52,96.74675690144383,99.20815469307489,200.66741078489048,193.4510182263486,0.8767507999999905
15.552,102.88093268087579,100.30998808941516,200.15610670732787,193.12162187538186,0.8786347999999905
15.584,97.67235749410874,99.51869891082322,199.85135796255418,192.79668667982324,0.8805187999999905
15.616,104.83511748349308,101.11362448262418,202.24043355855565,192.86011397378385,0.8825283999999918
15.648,99.13587392368204,100.52029931494152,201.46351310501012,192.87430712831681,0.8844123999999918
15.68,97.94865053630551,99.7488046813507,199.92578235992397,192.60760591754982,0.8862963999999918
15.712,97.05633327572971,98.94106325966439,197.70979533078787,191.93665546643734,0.8882431999999923
15.744,99.09609776029208,98.98757360985269,198.76088283156145,191.57738960091325,0.8901899999999929
15.776,97.99496123702451,98.68978989800422,199.74139027266253,191.51205272731863,0.8920739999999929
15.808,96.23415381624615,97.95309907347679,198.1694655556094,191.17402720181218,0.8939579999999929
15.84,99.7026152398461,98.47795392338757,198.40266903903836,190.8879593497262,0.8959047999999935
15.872,103.26956509516464,99.91543727492069,200.21564866199498,190.98181386907947,0.8978515999999941
15.904,105.91940608139691,101.71662791686354,202.7445787979173,191.5678443738126,0.8997355999999941
15.936,98.47074117243227,100.74286189353415,202.42198645300607,191.98941640302994,0.9016195999999941
15.968,100.2306193337208,100.58918912559014,202.3118996084134,192.21189278618962,0.9036291999999954
16.0,105.23838545451068,101.98394802426628,203.60378151724723,192.73079562170784,0.9055131999999954
16.032,98.10456152472887,100.82013207440505,201.0563056638525,192.69469154238772,0.9073971999999954
16.064,103.34361993339695,101.57717843210261,200.64368786479758,192.53900606018232,0.9093439999999959
16.096,102.65440009504981,101.90034493098676,200.54881556735768,192.39432761314566,0.911290799999992
16.128,101.08579926567276,101.65598123139256,201.43539183334605,192.48773706005707,0.913174799999992
16.16,101.49589469375515,101.60795527010133,199.49787223099486,192.21355340114553,0.915058799999992
16.192,95.06968156110719,99.64647315740308,198.29767866870384,191.72033089702342,0.9170055999999925
16.224,106.6119013168593,101.73610160523995,199.64980378953456,191.56111172257238,0.9189523999999931
16.256,105.56423896718543,102.88454281382359,203.9163409931441,192.25437679935834,0.9208363999999931
16.288,92.8284422328248,99.86771263952394,201.4739640841684,192.38009847687414,0.9227203999999931
16.32,98.32540432986809,99.40502014662718,199.0383625139446,191.93936030560235,0.9247299999999898
16.352,96.07211388470095,98.4051482680493,197.2926607137362,191.36529367612832,0.9266139999999898
16.384,96.80189921219765,97.9241735512938,198.25157123809907,191.06869209809915,0.9284979999999898
16.416,100.49989531726325,98.69689008108463,200.70932664080354,191.21918892568573,0.9304447999999904
16.448,100.25559515424266,99.16450160303202,201.53499530204658,191.49189017562182,0.932391599999991
16.48,95.55095347611008,98.08043716495544,199.52891521930772,191.40357102920947,0.934275599999991
16.512,102.39640125452186,99.37522639182535,199.8982218802699,191.3980810155522,0.936159599999991
16.544,104.00259294680832,100.76343635832023,200.5462433201415,191.45944159310287,0.9381063999999916
16.576,97.59137594826832,99.81181823530466,200.09328317491958,191.42771139924437,0.9400531999999922
16.608,96.41660841191435,98.79325528828755,198.7692828050896,191.21351687437775,0.9419371999999921
16.64,100.5712941062354,99.3266669336719,198.87982907653497,191.0066662696053,0.9438839999999927
16.672,94.90844952079249,98.00120170980807,197.72847691534474,190.62886323264212,0.9458307999999933
16.704,97.55631760738763,97.86773647908193,197.58215914261984,190.34439180888887,0.9477147999999933
16.736,99.01706310831133,98.21253446785073,199.08778995117513,190.3839244361653,0.9495987999999933
16.768,103.15061463836582,99.69395851900525,198.075670453746,190.1816772887159,0.9515455999999939
16.8,102.70979597461887,100.59870975568933,202.476158239989,190.81251371460456,0.9534923999999945
16.832,103.81155267400497,101.56256263118401,204.07540694237292,191.67006370975858,0.9553763999999945
16.864,101.74030532453035,101.6158854391879,204.78636539561492,192.50108100048436,0.9572603999999945
16.896,100.07228971411854,101.15280672166709,204.49688311808995,193.02642394424564,0.9592699999999957
16.928,101.25707046089136,101.18408584343436,206.927166727969,193.99942312232727,0.9611539999999957
16.96,102.64033238095591,101.62095980469081,206.18937872095563,194.66277407562256,0.9630379999999957
16.992,102.62623571972145,101.92254257919998,205.44619595061516,195.02011256758115,0.9649847999999963
17.024,102.57927246718296,102.11956154559488,205.36596674321868,195.2982523944438,0.9669315999999923
17.056,102.543380382201,102.24670719657671,204.9970641627641,195.51071251136688,0.9688155999999923
17.088,104.33378064809361,102.87282923203178,213.67504188856594,197.2554102568652,0.9706995999999923
17.12,101.16330409471715,102.35997169083738,221.91493070507968,200.12428807270894,0.9726463999999884
17.152,126.5117514968788,109.6055056326498,238.83818753704003,205.53697352910788,0.974593199999989
17.184,136.78777402856397,117.76018615142404,257.95325843814834,213.48119002147274,0.9764771999999889
17.216,146.29833885960056,126.321631963877,280.7678570892077,224.11690869333202,0.9783611999999889
17.248,162.21395203770973,137.0893279860268,323.970444592811,240.5442828986834,0.9803707999999902
17.28,214.46862234684156,160.3031162942712,395.7325746850187,267.08997698249823,0.9822547999999902
17.312,274.3763718655462,194.5250929656537,505.97897111117334,308.78528997828585,0.9841387999999902
17.344,260.7026825752116,214.37836984852106,548.4690929044173,350.5730280330441,0.9860855999999908
17.376,367.64836229821003,260.35936758342774,663.3125961530352,405.5836778560072,0.9880323999999914
17.408,284.78146878840687,267.6859979449215,692.6768218694215,457.54682275596616,0.9880323999999914
17.44,243.32251622266796,260.37695342824543,725.9521863943361,506.17895925156597,0.9879695999999908
17.472,187.8886604041644,238.6304655210211,738.1071383044239,548.1573827207943,0.9879695999999908
17.504,153.2775781123086,213.02459929840734,748.7447616532504,584.4117659746814,0.9880323999999914
17.536,145.62233375436693,192.8039196351952,780.1514655746219,619.840164684582,0.9880323999999914
17.568,105.57019588092513,166.6338025089142,753.5221360334992,644.0877023106813,0.9879695999999908
17.6,100.70769098540316,146.85596905186088,735.0006616084167,660.5427217905319,0.9879695999999908
17.632,100.4894247110461,132.94600574961646,727.4043789447152,672.5930820556592,0.9880323999999914
17.664,102.90811328901147,123.93463801143496,733.3398526355767,683.6395297745363,0.9879695999999953
17.696,96.69083675157115,115.76149763347581,743.3931588488056,694.4547879951909,0.9879695999999953
17.728,99.48647534431232,110.87899094672676,752.2751551698192,704.8686972649291,0.9880323999999959
17.76,99.92310296992528,107.59222455368631,752.0882696104086,713.4153223971113,0.9880323999999959
17.792,99.34326782381777,105.11753753472573,726.0228423306241,715.7486854991135,0.9879695999999953
17.824,103.74971557760352,104.70719094758905,679.208567621922,709.13501505972,0.9879695999999953
17.856,101.98853778301353,103.89159499821639,604.6238392683078,690.1673188649157,0.9880323999999914
17.888,95.80757647657461,101.46638944172385,533.8639441579934,661.8767968597338,0.9880323999999914
17.92,97.92515719949007,100.40401976905372,474.0814298177441,627.9377359368991,0.9879695999999908
17.952,99.69008280505392,100.18983867985378,422.13962510743534,590.6887898155331,0.9879695999999908
17.984,100.6606163793019,100.33107198968821,377.77962536600603,552.1013273220129,0.9880323999999914
18.016000000000002,102.56471466840244,101.00116479330248,342.6659506184975,514.245478481645,0.9879695999999908
18.048000000000002,105.50627783830197,102.35269870680233,311.72699157858915,477.5901361326399,0.9879695999999908
18.080000000000002,102.96536152880742,102.53649755340385,278.9056004505602,441.57729606116,0.9880323999999914
18.112000000000002,101.65575326687687,102.27227426744575,253.35893977884632,407.51024178182485,0.9880323999999914
18.144000000000002,102.22740744784497,102.25881422156552,238.86652035142225,377.0375810734831,0.9879695999999908
18.176000000000002,98.52920801259549,101.1399323588745,226.29889639790127,348.15982007855905,0.9899163999999914
18.208000000000002,100.75871055090968,101.02556581648504,218.25438894529782,323.05282615046053,0.991863199999992
18.240000000000002,105.25771461413981,102.29521045578147,215.18970645257104,301.9868691164249,0.993747199999992
18.272000000000002,107.4427226859031,103.83946412481797,213.6782688197992,284.46023145063384,0.995631199999992
18.304000000000002,99.99907428086972,102.68734717163348,210.65420755374896,269.5070906806916,0.9975779999999925
18.336000000000002,104.32066991875129,103.17734399576881,208.76766550803973,256.9189717756575,0.9995247999999931
18.368000000000002,98.13002281438371,101.66314764135328,206.0945272919923,246.17687306726665,1.0014087999999932
18.400000000000002,100.24723062879634,101.23837253758619,205.86480045251318,237.28605416058787,1.003355599999994
18.432000000000002,97.01071705508087,99.97007589283459,203.07782137703813,229.50001507958183,1.0053023999999946
18.464,91.412501465399,97.4028035646039,199.56480401339655,222.5388156561661,1.0071863999999946
18.496,98.87325437687058,97.8439388082839,199.13380906428938,216.75956699820995,1.0090703999999946
18.528,106.08066228457045,100.31495585116986,202.83019241500156,212.64395080623262,1.0110171999999953
18.56,101.20190855536626,100.58104166242877,203.0809010983968,209.31862855512585,1.012963999999996
18.592,104.22185741019734,101.67328638675934,202.28334891477402,206.5022597544299,1.014847999999996
18.624,99.67835210609204,101.07480610255915,200.38700685896652,203.85241350592085,1.016731999999996
18.656,106.84994248674283,102.80734701781427,202.20813983599106,201.90893666289242,1.018741599999988
18.688,104.55450239327222,103.33149363045165,204.59092390950133,200.8513689962811,1.020625599999988
18.72,101.57091367323846,102.8033196432877,203.92860617720677,199.86534058456624,1.022509599999988
18.752,103.23153808215176,102.93178517494691,204.0193137273153,199.0227653472568,1.0244563999999887
18.784,107.04396134338086,104.1654380254771,208.22660240911972,199.0942029173787,1.0264031999999894
18.816,96.70489985294627,101.92727657371785,204.94486012993244,198.61015663229102,1.0282871999999894
18.848,101.95845704896075,101.93663071629072,201.5082683335489,197.59170695434483,1.0301711999999894
18.88,95.81270148161755,100.09945194588876,200.98908076952412,196.6121891208448,1.03211799999999
18.912,100.11661031045308,100.10459945525805,200.33337861961098,195.69128112055733,1.0340647999999908
18.944,101.10902010286259,100.40592564953941,202.40810663372469,195.36400914321987,1.0359487999999908
18.976,95.01249708782217,98.78789708102423,198.93462120515727,194.46728035765986,1.0378327999999908
19.008,102.31827052938053,99.84700911553111,198.07279718643997,193.4740025356293,1.039842399999992
19.04,104.836913373655,101.34398039296826,198.06008434447867,192.76107124820055,1.041726399999992
19.072,102.76268430670109,101.76959156708811,198.37986082701758,192.23505749819526,1.043610399999992
19.104,102.71979422736712,102.0546523651718,199.89190417781782,192.02649365739026,1.0455571999999926
19.136,101.42979944692144,101.8671964896967,201.54552770179146,192.15498109727463,1.0475039999999933
19.168,102.93784210983125,102.18839017573706,202.1963827853429,192.42944913745308,1.0493879999999933
19.2,102.31109272339725,102.22520094003511,202.03315313620925,192.624694984673,1.0512719999999933
19.232,105.533925525683,103.21781831572946,204.65762968517083,193.20819218978795,1.053218799999994
19.264,106.37249240736173,104.16422054321913,204.6284025349808,193.68078781079208,1.0551655999999947
19.296,93.50233813691753,100.96565582132865,200.44944566958333,193.36289735907556,1.0570495999999947
19.328,104.04537396912392,101.88957126566723,201.92332382515787,193.31787921189493,1.0589963999999954
19.36,97.94557242908441,100.70637161469237,201.56503275381294,193.2161594447313,1.060943199999996
19.392,99.2013471317789,100.25486426981831,199.10830251111895,192.73962199598827,1.062827199999996
19.424,98.47804502852864,99.7218184974314,200.12448926786163,192.5332639151709,1.064711199999996
19.456,101.26384762945322,100.18442723703794,199.66102384175525,192.2289366882103,1.0666579999999968
19.488,103.63715678346374,101.22024610096568,200.32659683293264,192.10015898803437,1.0686047999999928
19.52,106.90742330894136,102.92639926335838,202.200105383332,192.38522347458684,1.0704887999999928
19.552,93.46352881071195,100.08753812756444,199.98063012478514,192.21697249751324,1.0723727999999928
19.584,100.48459192553321,100.20665426695506,199.3903097636438,191.92089465563708,1.0743195999999888
19.616,105.05569309779176,101.66136591620607,202.24902834213853,192.19582711804347,1.0762663999999895
19.648,100.87719336967545,101.42611415224687,202.08811028408735,192.4433050766794,1.0781503999999895
19.68,100.81490697019109,101.24275199763014,201.19214897531168,192.43239001608734,1.0800971999999902
19.712,99.63163334224433,100.75941640101439,200.1533858319703,192.2354370093695,1.082043999999991
19.744,93.10713332025587,98.46373147678682,196.526249093088,191.46906263619843,1.083927999999991
19.776,99.01304981450062,98.62852697810095,197.53614503803385,191.02418877199628,1.085811999999991
19.808,105.07661573063393,100.56295360386083,199.99902549485114,191.05417785041382,1.0877587999999916
19.84,99.51012737304403,100.24710573461579,200.2740716885347,191.12852165709594,1.0897055999999923
19.872,125.99432498819363,107.97127151068912,206.57249394967448,192.38084153737722,1.0915895999999923
19.904,127.77269252559456,113.91169781516075,212.16517147923875,194.41875535520234,1.0934735999999923
19.936,128.57790616255286,118.31156031937837,217.47532999387187,196.9460706107464,1.0954831999999934
19.968,124.67319138814793,120.22004964000924,217.91985143395993,199.19927207924488,1.0973671999999934
20.0,129.7778531996712,123.08739070790782,221.37399434241166,201.6698409609399,1.0992511999999934
20.032,123.92109905864577,123.3375032131292,223.57909173221546,204.04092680676317,1.1011979999999941
20.064,127.22220563809803,124.50291394061985,225.27345644518135,206.28952781093557,1.1031447999999948
20.096,116.95954121052603,122.23990212159168,223.30178145765382,207.8257027150946,1.1050287999999948
20.128,133.03377156567416,125.47806295481641,226.94227904710442,209.74275479062547,1.1069127999999948
20.16,135.7887993423167,128.5712838710665,228.63606662968056,211.56796319209892,1.1088595999999955
20.192,127.63564370126196,128.29059182012514,228.6129375545541,213.05862710819065,1.1108063999999962
20.224,126.50626614624963,127.75529411796248,231.0938024976476,214.77994830318818,1.1126903999999962
20.256,133.4755591038067,129.47137361371574,233.345226823006,216.59721684610838,1.1145743999999962
20.288,137.7096136765026,131.9428456325518,235.26482637756254,218.3301403351414,1.116583999999993
20.32,138.95948564451737,134.04783763614148,236.73725726602126,220.11878202390307,1.118467999999993
20.352,131.64581692096658,133.327231421589,235.01821196039734,221.27254109232445,1.120351999999993
20.384,140.97228072056276,135.62074621128113,238.12241504253095,222.7278923191303,1.122298799999989
20.416,149.58579796458662,139.81026173727278,239.94515026181654,224.24973913467508,1.1242455999999896
20.448,143.8300308899913,141.01619248308833,239.8958271265051,225.5386414537424,1.1261295999999896
20.48,151.85157880331656,144.2668083791568,243.383803529415,227.22557071161782,1.1280135999999896
20.512,147.1302892783477,145.12585264891408,243.10170878319934,228.50467816663237,1.1299603999999903
20.544,147.06540322164608,145.70771782073368,243.3158810151039,229.591034995373,1.131907199999991
20.576,144.6720680546565,145.39702289091053,245.94295575748927,231.00769129004837,1.133791199999991
20.608,144.0816596665547,145.0024139236038,245.8283971194582,232.09576813469943,1.1357379999999917
20.64,142.4500842212068,144.2367150128847,246.2215821696608,233.05807129315255,1.1376847999999924
20.672,148.52209005511634,145.52232752555418,246.97958896109984,234.03483067359957,1.1395687999999924
20.704,143.39875315131127,144.88525521328128,247.27430813855636,234.88814247393324,1.1414527999999924
20.736,135.39558018111774,142.03835270363223,242.70595295778398,234.70871268128357,1.143399599999993
20.768,140.12191208069882,141.4634205167522,241.64072673177316,234.3689559376829,1.1453463999999938
20.8,166.6762768323376,149.0272774114278,250.2504277486411,235.7004621424769,1.1472303999999938
20.832,138.53052333158624,145.8782511874753,248.44599116695247,236.46437050381854,1.1491143999999938
20.864,137.0696461133342,143.235669665233,244.18848784605768,236.26798248560613,1.1510611999999945
20.896,144.4252409155867,143.59254104033909,244.58066130476112,236.17812263062316,1.1530079999999951
20.928,140.2487607020318,142.5894069388469,246.32355676474802,236.4714202847491,1.1548919999999951
20.96,145.04377756409212,143.32571812642047,245.55766190127125,236.5215733717921,1.1568387999999958
20.992,167.0895389473567,150.45486437270134,255.0287588728754,238.27689386661186,1.1587855999999965
21.024,148.9315732550611,149.99787703740924,251.79042756946936,239.1798091642694,1.1606695999999965
21.056,135.03364191901534,145.50860650189105,246.77468785030618,239.01146262699592,1.1625535999999965
21.088,146.8475947861722,145.91030298717538,247.1148836624817,238.8837276337138,1.1645003999999972
21.12,129.5502733349443,141.00229409150606,240.93051414167152,237.65975685729737,1.166447199999998
21.152,143.08924085507158,141.6283781205757,242.70648656850665,237.03020169429837,1.168331199999998
21.184,149.35294822339307,143.9457491514209,245.55984083901464,237.03104447475673,1.170215199999998
21.216,141.34971091789643,143.16693768136355,244.28962608190753,236.69896229033668,1.17222479999999
21.248,150.3849873980132,145.33235259635845,246.8281355551897,236.98931676757456,1.17410879999999
21.28,143.2597935537762,144.71058488358378,247.10215328607967,237.2767143343624,1.17599279999999
21.312,147.98529517243702,145.69299797023973,248.6892185660293,237.74791516798788,1.1779395999999906
21.344,141.0853751288579,144.31071111782518,245.7219983281565,237.59677034101136,1.1798863999999913
21.376,143.0940969100274,143.94572685548584,245.44700893087366,237.47464331110274,1.1817703999999913
21.408,145.79786079053042,144.5013670359992,246.12173228218825,237.49674421796837,1.1836543999999913
21.44,140.3701480497474,143.26200134012365,244.9741305486966,237.25569850043502,1.185601199999992
21.472,149.16325088840074,145.03237620460675,247.38609228399645,237.49484053230262,1.1875479999999927
21.504,143.8815704453574,144.68713447683194,247.70472052217593,237.79980272600494,1.1894319999999927
21.536,152.64770775744557,147.07530646101603,250.9335968769064,238.63398610939004,1.1913159999999927
21.568,139.69070328561892,144.85992550839688,247.27425329292163,238.5519855772374,1.1933255999999939
21.6,136.53628080551405,142.36283209753202,243.56483424393377,237.9162980294633,1.1952095999999939
21.632,140.78877907882338,141.8906161919194,243.41303227785588,237.3681925682733,1.1970935999999939
21.664,140.7954691971849,141.56207209349904,241.49093499037764,236.519964648216,1.1990403999999946
21.696,148.2663054398131,143.57334209739327,242.12456469371426,235.9399492717572,1.2009871999999953
21.728,139.48040725660118,142.34546164515564,241.09988163088644,235.33088350643135,1.2028711999999953
21.76,139.96303826731219,141.6307346318026,242.62500103006295,235.10809994692926,1.2047551999999953
21.792,147.7367908983917,143.4625515117793,244.1185812289303,235.14454060188365,1.206701999999996
21.824,143.5789260067552,143.49746386027206,243.39363885872456,235.0431728232834,1.2086487999999966
21.856,143.1833409092705,143.4032269749716,242.4655743760378,234.84360835393608,1.2105327999999966
21.888,150.8547283400268,145.63867738448815,244.98719915275393,235.13657236895685,1.2124167999999966
21.92,142.83551306096774,144.797728087432,244.11449280590745,235.1156862357344,1.2144263999999978
21.952,140.94856646409272,143.6429796004302,244.75370091863167,235.31714223143337,1.2163103999999978
21.984,147.11909681221047,144.6858147639643,246.32969188718744,235.76738563795703,1.2181943999999978
22.016000000000002,137.7125031883445,142.59382129127835,243.70698117765323,235.60999863746935,1.2201411999999938
22.048000000000002,144.73185629479113,143.23523179233217,243.52923228552254,235.44892618524605,1.2220879999999898
22.080000000000002,155.42326337945258,146.89164126846828,247.95861431815993,236.17014793188753,1.2239719999999898
22.112000000000002,145.83261146354027,146.57393232698988,247.43427514616974,236.66592625068608,1.2258559999999898
22.144000000000002,142.61572116922576,145.38646897966063,247.19661216211443,236.97752016193988,1.2278027999999905
22.176000000000002,143.74090564963078,144.89279998065166,244.54164484294017,236.7521738700374,1.2297495999999912
22.208000000000002,136.05059731930936,142.24013918224898,241.5323746708823,236.0743776372738,1.2316335999999912
22.240000000000002,140.75397158716527,141.79428890372387,241.6537390779066,235.48979413611735,1.233580399999992
22.272000000000002,150.90350410986161,144.5270534655652,245.93397412066764,235.78573068979642,1.2355271999999926
22.304000000000002,138.85101863073368,142.8242430151157,244.30370045223546,235.7844613410911,1.2374111999999926
22.336000000000002,147.06255833680484,144.09573761162244,246.99973103669186,236.27139657054516,1.2392951999999926
22.368000000000002,139.74289628111637,142.7898852124706,243.88022954724102,236.05414236894822,1.2412419999999933
22.400000000000002,141.21557076942298,142.31759087955632,244.5505362309769,235.99753447971997,1.243188799999994
22.432000000000002,148.53534064943295,144.18291581051932,246.7828924795067,236.4066567616704,1.245072799999994
22.464000000000002,148.75293359413791,145.5539211456049,247.85755966706037,236.93624101594045,1.246956799999994
22.496000000000002,148.5116638069978,146.44124394402277,247.56796912956068,237.21468995822028,1.2489663999999951
22.528,150.65184414828946,147.70442400530277,248.33652523903106,237.68471379102274,1.2508503999999951
22.56,146.7806998534677,147.42730675975224,249.37887639076513,238.25832744484322,1.2527343999999951
22.592,142.3522472818866,145.90478891639253,247.71213415101258,238.37500889876569,1.2546811999999958
22.624,141.53099220823742,144.59264990394598,248.25527796900877,238.5688789797273,1.2566279999999965
22.656,148.4247459351106,145.74227871329535,247.9840715869455,238.73000473401555,1.2585119999999965
22.688,143.50175078153214,145.0701203337664,246.68453298155424,238.62675387271773,1.2603959999999965
22.72,143.52449571597532,144.60643294842907,246.45968309170124,238.45006053351807,1.2623427999999972
22.752,140.4832447296599,143.36947648279832,243.7543037917231,237.81568132572002,1.264289599999998
22.784,147.82209817810215,144.70526299138947,245.9457944235755,237.7442108855486,1.266173599999998
22.816,137.75538525899546,142.62029967167126,240.83773792711267,236.761130898087,1.268057599999998
22.848,149.58008395801525,144.70823495757446,244.8620406107682,236.58150800541142,1.27006719999999
22.88,140.0289638872577,143.30445363647942,243.25639692926111,236.24664560972798,1.27195119999999
22.912,147.36356826877264,144.52218802616738,245.72552767335924,236.41929899719455,1.27383519999999
22.944,152.9164904686137,147.04047875890126,247.60823755004543,236.8500349990913,1.2757819999999906
22.976,144.26327428283722,146.20731741608205,249.06117570762493,237.46578704835946,1.2777287999999913
23.008,135.09462164796037,142.87350868564553,245.98623881455222,237.46496693615936,1.2796127999999913
23.04,142.2614528871847,142.68989194610728,242.8109408097823,236.88957422216416,1.2814967999999913
23.072,147.3130206557223,144.0768305589918,244.9178734028057,236.74824236002667,1.283443599999992
23.104,141.45188234202797,143.28934609390262,244.6817335997791,236.58975049643036,1.2853903999999927
23.136,135.52547429159603,140.96018455321064,239.59370547094824,235.59045818765085,1.2872743999999927
23.168,142.7508200591172,141.49737520498257,240.6328851888464,234.9601242448427,1.2891583999999927
23.2,158.3663903472101,146.55807974765082,246.91626183961054,235.4782880086389,1.2911679999999939
23.232,146.00380025935084,146.39179590116083,248.08361064104568,236.21681936179036,1.2930519999999939
23.264,147.84766644844262,146.82855706534536,247.90088151966003,236.7886048607575,1.2949359999999939
23.296,143.26694825935525,145.7600744235483,247.19803307267136,237.07825143003708,1.2968827999999946
23.328,144.76621145021886,145.46191553154947,246.68970156910632,237.22346595316418,1.2988295999999953
23.36,137.53579567872103,143.0840795757009,242.96771536399456,236.72016012066223,1.3007135999999953
23.392,146.4010586419589,144.0791732955783,246.1025021653154,236.87534000484453,1.3025975999999952
23.424,151.49677100582971,146.30445260865372,248.72072940471756,237.42489197707988,1.304544399999996
23.456,145.71661557456645,146.12810149842753,246.78992057145285,237.52550481360964,1.3064911999999966
23.488,141.53182906404297,144.74921976811214,244.4024375246796,237.22721184081348,1.3083751999999966
23.52,140.7916065564802,143.56193580462255,244.0480783825452,236.86733767461567,1.3103219999999973
23.552,144.51104604695615,143.84666887732263,244.96114234105747,236.73786214245806,1.312268799999998
23.584,153.9192078729614,146.86843057601425,248.29988983149173,237.28755970613608,1.314152799999998
23.616,144.5920230619284,146.1855083217885,247.06949331537234,237.51506466949292,1.316036799999998
23.648,145.0286157372687,145.83844054643254,244.70971155775237,237.222843816209,1.3179835999999987
23.68,145.4840816364988,145.7321328734524,244.57709652991704,236.95951122030314,1.3199303999999947
23.712,150.07828937229817,147.03597982310612,246.02973453193894,237.05819839022888,1.3218143999999947
23.744,158.3126841042748,150.41899110745672,249.87387245993162,237.83480283026537,1.3236983999999947
23.776,146.34408887844666,149.19652043875368,246.82722254254247,237.81654102981264,1.3257079999999914
23.808,145.671220583518,148.13893048218296,246.5411062264243,237.85266494077038,1.3275919999999914
23.84,137.5664594291421,144.96718916627069,245.5868628782101,237.7095348414334,1.3294759999999914
23.872,141.2129237864793,143.84090955233327,244.8849496783559,237.41383303469874,1.3314227999999921
23.904,140.7976643454747,142.9279359902757,245.07020512362413,237.20518329415813,1.3333695999999928
23.936,149.24420846785728,144.82281773355015,246.34409590576547,237.31630305650876,1.3352535999999928
23.968,148.81467001467792,146.02037341788846,246.41535246799845,237.4202076788009,1.3371375999999928
24.0,131.98394712345475,141.80944552955833,242.70681906582655,236.78263714618,1.3390843999999935
24.032,139.48022993877743,141.11068085232404,240.3207055868621,235.8285846899072,1.3410311999999942
24.064,144.25305356010517,142.05339266465836,241.8739053571151,235.37977200587147,1.3429151999999942
24.096,146.49881890714911,143.3870205374056,243.8535222520018,235.37049903471373,1.3447991999999942
24.128,147.63049012939018,144.66006141500097,244.44717512620133,235.3674874293001,1.3468087999999954
24.16,145.7848220009808,144.9974895907949,246.7055831301791,235.87665386017034,1.3486927999999954
24.192,142.03503605287364,144.10875352941852,245.60699458573478,236.09482063992388,1.3505767999999954
24.224,146.8064475197662,144.9180617265228,246.233946462488,236.33554314912934,1.352523599999996
24.256,152.4452508803962,147.1762184726848,246.7702175957487,236.62975922408867,1.3544703999999967
24.288,150.40307104247603,148.14427424362216,248.7955321015811,237.28873316501475,1.3563543999999967
24.32,144.4014502458837,147.02142704430062,245.8550003254745,237.29620552520763,1.3582383999999967
24.352,138.72915461497445,144.53374531550276,244.43447068792938,236.99377971985533,1.3601851999999974
24.384,140.87423582483734,143.43589246830314,242.71952649754166,236.4356916005607,1.3621319999999981
24.416,144.58120071290847,143.77948494168473,244.61365034744261,236.3728811038433,1.3640159999999981
24.448,149.7895475861891,145.58250373503603,244.66764490068738,236.33121203060742,1.3658999999999981
24.48,145.5897542323239,145.58467888422237,244.57894409994248,236.17816361925048,1.3679095999999948
24.512,154.425037297087,148.23678640808174,249.5208309075114,237.0501525209095,1.3697935999999948
24.544,152.08054361187556,149.38991356921986,250.0350153629401,237.85737970786715,1.3716775999999948
24.576,136.39207231639938,145.4905611933737,247.3491357323423,237.98092989400482,1.3736243999999909
24.608,144.59500229758737,145.22189352463778,247.31046074043525,238.0751177264604,1.3755711999999916
24.64,136.82103002467147,142.70163447464788,244.01586418915775,237.60737737154471,1.3774551999999916
24.672,144.6052386072149,143.27271571441796,246.24806973337635,237.62832050804744,1.3793391999999915
24.704,153.01114940292678,146.1942458209706,249.70292717605338,238.2193602356191,1.3812859999999922
24.736,148.76316157293968,146.9649205465613,249.63491061965806,238.69111241524638,1.383232799999993
24.768,145.7824272608448,146.61017256084634,246.12351702784326,238.49335847484716,1.385116799999993
24.8,147.56801561276555,146.8975254764221,245.37577597563975,238.14462487912658,1.3870635999999936
24.832,139.67856803773603,144.73183824481626,242.71044955479456,237.37659374476283,1.3890103999999943
24.864,168.57771774807438,151.88560209579367,250.15975492469772,238.1473134326297,1.3908943999999943
24.896,150.54971597626616,151.4848362599354,252.17021724258535,239.14242345257432,1.3927783999999943
24.928,140.5705621365447,148.2105540229182,249.35222672787256,239.395938404909,1.394725199999995
24.96,145.01332476201122,147.2513852446461,248.52734775637134,239.45426673961794,1.3966719999999957
24.992,142.71112213232982,145.8893063109512,246.67829549479382,239.21879728737662,1.3985559999999957
25.024,139.86655616569254,144.0824812673736,245.35696293416152,238.78678931368526,1.4004399999999957
25.056,136.8022348637195,141.89840734627734,244.33760851034538,238.14560638115043,1.4024495999999969
25.088,143.6195011866527,142.41473549838994,244.69452437350088,237.7879435602281,1.4043335999999969
25.12,143.73211101071877,142.8099481520886,245.27237762684865,237.59960682157984,1.4062175999999968
25.152,142.31177942762514,142.66049753474954,244.85445099820504,237.31828152774472,1.4081643999999975
25.184,138.8170621883992,141.50746693084443,243.6378553092801,236.86767461895602,1.4101111999999982
25.216,138.9560863688077,140.7420527622334,243.19905060966448,236.4706372368891,1.4119951999999982
25.248,152.36658674535562,144.22941295717007,247.27910599639515,236.88394250885895,1.4138791999999982
25.28,145.06535081483088,144.4801943144683,245.02226715846967,236.762524982908,1.415825999999999
25.312,145.67125958703187,144.83751389623734,246.04772500125642,236.84868904576084,1.417772799999995
25.344,137.19144919281655,142.5436944852111,242.35678174288265,236.30263943553578,1.419656799999995
25.376,139.0419856664831,141.4931818395927,243.28973118551238,236.02428497475256,1.421540799999995
25.408,157.7071706365276,146.35737847867316,248.15042618841403,236.57321897067504,1.4235503999999917
25.44,134.87146914285807,142.9116056779286,243.54102634963098,236.29137408670846,1.4254343999999917
25.472,152.31590488803266,145.73289544095982,246.13249551033272,236.52959189723524,1.4273183999999917
25.504,149.70443794105012,146.9243581909869,247.8602493095508,236.98597866015842,1.4292651999999924
25.536,145.81613940119405,146.59189255404905,244.3722017690141,236.72843262624173,1.431211999999993
25.568,144.96410617538453,146.10355664044968,243.69802954145945,236.44691164388692,1.433095999999993
25.6,138.27688751817934,143.75555590376857,242.92319355173066,236.07610187235676,1.434979999999993
25.632,147.73992491401233,144.95086660684169,246.26666842740195,236.3261350261785,1.4369267999999937
25.664,153.35799256311014,147.47300439372222,248.96054060001134,237.01849696316162,1.4388735999999944
25.696,146.71076520321623,147.24433263657042,250.13359725091476,237.8492968038193,1.4407575999999944
25.728,151.09836937578672,148.4005436583353,252.59662900094145,238.97552655976926,1.4426415999999944
25.76,142.26284552215188,146.55923421748025,251.8503572512821,239.65997148875596,1.4446511999999956
25.792,150.04763833665993,147.60575545323414,249.21869634811856,239.84707622363473,1.4465351999999956
25.824,139.82020464517217,145.27009021081554,244.25315798312923,239.10156537503684,1.4484191999999956
25.856,146.86768504612087,145.74936866140715,246.02093801614598,238.7595205677848,1.4503659999999963
25.888,148.4883109465424,146.5710513469477,247.7227510774254,238.7874089504819,1.452312799999997
25.92,149.8366367367482,147.55072696388785,248.81347816542018,239.05910185116454,1.454196799999997
25.952,148.6833464752621,147.89051281730013,249.7859362101843,239.45763149971827,1.456080799999997
25.984,135.38064591740573,144.1375527473318,244.95888500914168,238.85891065731246,1.4580275999999976
26.016000000000002,135.28341027434757,141.4813100054365,241.7812916076763,237.79342029686242,1.4599743999999983
26.048000000000002,143.1015658123882,141.96738674752203,241.7064197185544,236.95866277170285,1.4618583999999983
26.080000000000002,143.73381130552735,142.4973141149236,241.77496991090635,236.23596834014447,1.463805199999999
26.112000000000002,143.47511129212776,142.79065326808484,244.23893494269174,236.09005134438866,1.4657519999999997
26.144000000000002,147.02210096919197,144.06008757841695,245.20372962614272,236.19660375580818,1.4676359999999997
26.176000000000002,144.867838475606,144.30241284757366,244.61954043697517,236.17813365579477,1.4695199999999997
26.208000000000002,134.94526828981006,141.4952694802446,242.52745449505966,235.73291089046072,1.4714667999999957
26.240000000000002,144.3873416243552,142.36289112347777,242.32830804940707,235.33222732685508,1.4734135999999918
26.272000000000002,138.99264582987166,141.35181753539592,241.1688001965023,234.84563181073722,1.4752975999999918
26.304000000000002,148.1664423465951,143.39620497875566,242.27816580287032,234.6479012877122,1.4771815999999918
26.336000000000002,149.47292462121123,145.21922087149233,246.28762017400499,235.16022740861087,1.4791283999999925
26.368000000000002,140.59425215569237,143.83173025675234,243.3441031566134,235.04705451815693,1.4810751999999932
26.400000000000002,142.9664719837458,143.57215277485037,245.39576681516024,235.37714501409363,1.4829591999999931
26.432000000000002,135.92167438830705,141.27700925888735,243.9492847926947,235.33424694734114,1.4849059999999938
26.464000000000002,143.4390493301862,141.925621280277,245.02619137066245,235.4940307356821,1.4868527999999945
26.496000000000002,147.94053175568956,143.73009442290075,247.52863846636077,236.12926411131835,1.4887367999999945
26.528000000000002,146.28503205400852,144.49657571223307,248.02565624190072,236.7394808071592,1.4906207999999945
26.560000000000002,148.93492936217763,145.82808180721642,247.56054310151168,237.10363212138847,1.4925675999999952
26.592000000000002,151.7255257582727,147.5973149925333,248.74282906543294,237.61586377203858,1.494514399999996
26.624000000000002,144.02441699753518,146.52544559403387,248.72270268553376,238.08317329966155,1.496398399999996
26.656,139.80087459566693,144.50807429452377,247.80778281266686,238.30030274419872,1.498282399999996
26.688,145.44852178263864,144.79020854095822,247.76640908321258,238.3677770448494,1.500291999999997
26.72,144.76428711699236,144.78243211376846,247.6745675730901,238.5092822925013,1.502175999999997
26.752,141.6331457838528,143.83764621479375,246.71598483929074,238.45167435206474,1.504059999999997
26.784,150.11456386642925,145.7207215102844,247.0688812502978,238.41693332185767,1.5060067999999978
26.816,149.84744442677845,146.9587383852326,248.17148212283053,238.5880483468203,1.5079535999999985
26.848,146.66218683411984,146.86977291989876,247.32068840346724,238.62563378735757,1.5098375999999984
26.88,142.451526236198,145.54429891478853,247.50039210036974,238.68894227876677,1.5117215999999984
26.912,147.56462075909235,146.15039546807967,247.25403320769163,238.64476838775744,1.5136683999999991
26.944,141.49843355500775,144.7548068941581,246.29096522421884,238.43427695183257,1.5156151999999998
26.976,141.93050405380507,143.90751604205218,244.59368272056548,238.00611338737735,1.5174991999999998
27.008,138.32329862754113,142.23225081769885,242.81922294677076,237.33427355804795,1.5193831999999998
27.04,137.99431745598423,140.96087080918446,240.60197797960916,236.2798525306528,1.5213927999999919
27.072,158.31012176724678,146.16564609660315,246.84195480886746,236.64856608236462,1.5232767999999919
27.104,156.38653533982063,149.2319128695684,249.18206178558626,237.37409694000863,1.5251607999999919
27.136,144.52223753671137,147.81901026971127,248.29573961327316,237.7564530526195,1.5271075999999926
27.168,134.4046563923395,143.79470410649975,244.86178693429775,237.44806676731744,1.5290543999999933
27.2,145.4327625538627,144.28612164070861,244.89078633742457,237.25217980856831,1.5309383999999933
27.232,141.2056896814269,143.36199205292408,245.87013732955776,237.2690079954333,1.5328223999999933
27.264,107.84078017993915,132.7056284910286,233.60455052410884,235.01131626592928,1.534769199999994
27.296,97.52578275109293,122.1516747690479,222.37932879030728,231.13052391307403,1.5367159999999946
27.328,103.47889986048162,116.549842296478,217.70857993900748,227.15818475529875,1.5385999999999946
27.36,101.48404158148898,112.03010208198128,214.98983091415403,223.36130893695923,1.5405467999999953
27.392,107.02800100847116,110.52947175992824,213.5600814451137,219.99287709943243,1.542493599999996
27.424,93.32047819126029,105.36677368932784,209.8129508405042,216.6073350833266,1.544377599999996
27.456,99.15271924197565,103.50255735512218,207.22873699513855,213.36683147275875,1.546261599999996
27.488,95.53815508096073,101.11323667287374,204.68097638590382,210.20027926595986,1.5482083999999967
27.52,95.48898735733468,99.42596187821202,201.64646376871036,207.05762589642083,1.5501551999999974
27.552,96.7729770033593,98.6300664157562,199.63135306238232,204.1704883002935,1.5520391999999974
27.584,98.09400427275159,98.46924777285481,200.1716390674752,201.9037058500049,1.5539231999999974
27.616,107.65687734981266,101.22553664594216,201.74019086354792,200.27967600139587,1.555869999999998
27.648,103.09190469815164,101.785447061605,202.15564963870622,199.02478852030254,1.5578167999999988
27.68,103.0941522519394,102.17805861870531,204.508229030991,198.47427692565728,1.5597007999999988
27.712,97.12265949959327,100.6614388829717,202.74267436083136,197.65241220063746,1.5616475999999995
27.744,98.65138493339565,100.05842269809887,201.83479878270794,196.81497972516456,1.5635944000000002
27.776,100.22370979510916,100.10800882720194,201.02348546779265,196.03370810899952,1.5654784000000002
27.808,101.83281762148495,100.62545146548683,199.76370099527173,195.16582685617192,1.5673624000000002
27.84,99.77699946272179,100.3709158646573,199.97923000012878,194.44260680870153,1.5693091999999962
27.872,104.29515523424067,101.54818767553232,201.6294081698611,194.14896593453264,1.5712559999999922
27.904,103.21355902848033,102.04779908141671,200.63528833352237,193.77997346692342,1.5731399999999922
27.936,104.82847658546746,102.88200233263193,202.44756400767784,193.80578510689986,1.5750239999999922
27.968,100.63712955259096,102.20854049861964,201.7169045058261,193.59181063954534,1.5770335999999934
28.0,97.69612677544396,100.85481638166694,201.3831301497596,193.4590194027862,1.5789175999999934
28.032,102.3174080132367,101.29359387113786,202.56401150618697,193.5639996375313,1.5808015999999934
28.064,103.64939475735164,102.00033413700199,203.6396902260105,193.79324052716746,1.582748399999994
28.096,96.23428666072259,100.27051989411815,202.63603698703685,193.79933064644504,1.5846951999999948
28.128,94.78859591166432,98.625942699382,198.32934266437837,193.07625086633846,1.5865791999999947
28.16,103.70496287741949,100.14964875279324,200.6455888936343,192.90328153336725,1.5884631999999947
28.192,95.16386417670952,98.65391337996812,197.61196151889115,192.16110685472376,1.5904099999999954
28.224,102.14828758879952,99.70222564261753,198.98803635732855,191.8023300693619,1.5923567999999961
28.256,104.81544305008741,101.23619086485849,198.70487793374866,191.5086733755964,1.5942407999999961
28.288,103.44354291899835,101.89839648110043,200.45068153975546,191.58415392277396,1.5961247999999961
28.32,107.37301085490294,103.54078079324117,201.39542990248447,191.71410306975446,1.5981343999999973
28.352,101.40444811823828,102.89988099074029,200.6120772437905,191.78161357425773,1.6000183999999973
28.384,96.77679996827837,101.0629566840017,198.85701766239373,191.51924342699758,1.6019023999999973
28.416,98.71627719657982,100.35895283777512,198.6569467975678,191.21671593866336,1.603849199999998
28.448,102.53402089058639,101.01147325361849,202.01360767610865,191.57649244221855,1.6057959999999987
28.48,99.72975494837394,100.62695776204512,200.3975451380785,191.63008035052007,1.6076799999999987
28.512,98.16902700874746,99.88957853605581,201.40891784480343,191.85702492477225,1.6095639999999987
28.544,110.5903322162258,103.0998046401068,204.80131785506825,192.60547570240638,1.6115107999999994
28.576,100.62793919443276,102.35824500640457,204.59236126364232,193.18063812786573,1.6134576
28.608,101.66195574931527,102.14935822927778,203.8672615609132,193.57188969884626,1.6153416
28.64,101.27341916826626,101.88657651097432,203.42874033108623,193.76152110078448,1.6172884000000007
28.672,99.0816584053053,101.0451010792736,204.50065041195285,194.1108427488758,1.6192351999999968
28.704,96.62350503000641,99.71862226449343,200.9779072072438,193.81076364688863,1.6211191999999968
28.736,93.34479923951267,97.80647535699919,198.99259831392598,193.20566214481047,1.6230031999999968
28.768,96.46405507342472,97.40374927192684,198.1310022327715,192.502702405753,1.6249499999999928
28.8,97.56538008201044,97.45223851495192,196.71877450411918,191.67136692493432,1.6268967999999935
28.832,97.29492350136604,97.40504401087615,196.61077857309317,191.0223874594852,1.6287807999999935
28.864,101.68063361169472,98.68772089112173,197.3509352474137,190.62483817975047,1.6306647999999935
28.896,99.55177464506973,98.94693701730611,199.25361682960187,190.5921916078007,1.6326115999999942
28.928,102.28001094068489,99.94685919431974,200.95623795794558,190.87362417299101,1.6345583999999949
28.96,97.37579286179096,99.17553929456109,198.4175267689031,190.69605109021194,1.6364423999999949
28.992,101.90633595003584,99.99477829120352,200.54078129643005,190.88348872519072,1.6383891999999955
29.024,101.20432273299815,100.3576416237419,200.4867245080242,191.02721647027298,1.6403359999999962
29.056,102.45118086656392,100.98570339658849,200.6034776063466,191.2174952276136,1.6422199999999962
29.088,97.45534242666687,99.92659510561201,199.34308320906058,191.1452057526288,1.6441039999999962
29.12,100.0774211686993,99.9718429245382,200.93591253133098,191.32286528161467,1.646050799999997
29.152,99.52269117663374,99.83709740016685,200.50066482499432,191.38959012566144,1.6479975999999976
29.184,103.75418000404626,101.01222218133067,200.36321201290986,191.47079267807658,1.6498815999999976
29.216,102.4765213734563,101.45151193896835,201.97016476695543,191.82815222156484,1.6517655999999976
29.248,100.87724130945212,101.27923075011347,201.17954905715422,191.87486438744446,1.6537751999999988
29.28,101.89315952824766,101.46340938355372,199.41806212413582,191.69716372689984,1.6556591999999988
29.312,98.09548027637958,100.45303065140146,198.63305349359607,191.4095418345118,1.6575431999999988
29.344,100.92511079017483,100.59465469303348,198.19630797311805,191.0434955801757,1.6594899999999995
29.376,98.89380326835881,100.08439926563108,199.57114941038407,190.99254566742636,1.6614368000000002
29.408,107.10153595978062,102.18954027387593,201.96043209835244,191.4347051413594,1.6633208000000002
29.44,96.43416383076385,100.4629273409423,200.22883063523508,191.4834192930853,1.6652048000000002
29.472,106.86713087804519,102.38418840207316,203.77667718136766,192.11403434761513,1.6671516000000008
29.504,100.44012494370162,101.8009693645617,203.49434271255916,192.57940780945722,1.6690983999999969
29.536,101.87051507564016,101.82183307788523,202.6907636430724,192.8665373759633,1.6709823999999969
29.568,102.14398295336545,101.9184780405293,202.29663466481713,193.03036084055105,1.6728663999999969
29.6,91.1748756210069,98.69539731467258,199.48590331445791,192.55293057063227,1.6748759999999936
29.632,100.73312495233394,99.30671560597096,198.30576573898475,192.0511787388841,1.6767599999999936
29.664,101.23988063693488,99.88666511526013,198.25294066374735,191.63068153332424,1.6786439999999936
29.696,102.62293185695151,100.70754513776754,198.84751187684992,191.34247583026047,1.6805907999999943
29.728,101.16099507972258,100.84358012035403,198.08504341798647,190.96842974816235,1.682537599999995
29.76,96.08488106118241,99.41597040260254,198.3533429573611,190.7620799818866,1.684421599999995
29.792,107.14022091973007,101.73324555774079,202.6231931368085,191.3659112708921,1.686305599999995
29.824,101.96001025495787,101.8012749669059,202.86572447845077,191.85291481196614,1.6882523999999957
29.856,106.32430563345473,103.15818416687054,203.0587522600665,192.28670947186575,1.6901991999999963
29.888,101.1912344966201,102.5680992657954,202.93612157448214,192.67122588460433,1.6920831999999963
29.92,97.04982054590437,100.91261564982808,200.31727410164154,192.51214090515376,1.6939671999999963
29.952,102.41194029136776,101.36241304228997,200.67118892149665,192.34304090080997,1.6959767999999975
29.984,100.3200678576371,101.0497094868941,201.02180088274642,192.37087418185553,1.6978607999999975
30.016000000000002,98.90366552646186,100.40589629876442,199.93136214654515,192.1963030095678,1.6997447999999975
30.048000000000002,101.06389658304984,100.60329638405003,201.89397130996343,192.3571228054206,1.7016915999999982
30.080000000000002,101.59166412674627,100.8998067068589,203.2361439018514,192.73176451864904,1.7036383999999989
30.112000000000002,100.50067411235688,100.78006692850829,203.54895793346807,193.14664893152727,1.7055223999999989
30.144000000000002,101.0097601996975,100.84897490986505,202.65220356650866,193.3241299880581,1.7074063999999989
30.176000000000002,105.05610760419103,102.11111471816284,202.571411326173,193.4034308641106,1.7093531999999996
30.208000000000002,104.3533924093047,102.78379802550539,202.2158322036783,193.40401954222378,1.7113000000000003
30.240000000000002,105.31893476021146,103.54433904591721,203.8517582571459,193.75203357346788,1.7131840000000003
30.272000000000002,101.82175092965839,103.02756261103956,205.8675304688096,194.35047433046972,1.715130800000001
30.304000000000002,100.14876081054493,102.16392207089116,204.7333045513257,194.6353067295324,1.7170776000000016
30.336000000000002,106.1931000147262,103.37267545404166,205.68897081616967,195.09299174577058,1.7189616000000016
30.368000000000002,97.23455420669696,101.53123907983823,205.5795909623335,195.44803943114317,1.7208456000000016
30.400000000000002,96.54271780209558,100.03468269651543,204.50349672728777,195.49262063277996,1.7227923999999977
30.432000000000002,98.40647566077007,99.54622058579181,202.44518834821935,195.15658405141008,1.7247391999999937
30.464000000000002,100.60568695764303,99.86406049734717,202.63233383885063,194.96667547983307,1.7266231999999937
30.496000000000002,109.23565961374499,102.6755402322665,205.3983434750612,195.31178075078975,1.7285071999999937
30.528000000000002,94.27304063678878,100.15479035362318,203.33398293799505,195.11791199178668,1.7305167999999949
30.560000000000002,102.18809042119128,100.76478037389361,203.75796155491304,195.13873878332276,1.7324007999999949
30.592000000000002,92.83130387426675,98.38473742400555,199.2946995574705,194.34795665857249,1.7342847999999949
30.624000000000002,97.01106597474626,97.97263598922775,199.24444047516283,193.63977400617543,1.7362315999999955
30.656000000000002,104.45099242416558,99.91614291970909,200.8161251747477,193.34424167314017,1.7381783999999962
30.688000000000002,103.56584171642791,101.01105255872473,201.61437051311356,193.29811373399207,1.7400623999999962
30.72,99.17871043406618,100.46134992132716,201.3948278294709,193.2205981574731,1.7419463999999962
30.752,97.45281328570579,99.55878893064074,199.98515108870282,192.8505313678589,1.743893199999997
30.784,99.32071381351282,99.48736639550236,200.20943873609224,192.5880412528396,1.7458399999999976
30.816,92.02409968586909,97.24838638261238,200.1780401791729,192.41881149119857,1.7477239999999976
30.848,100.00307892807949,98.0747941462525,201.7417501379669,192.56323950813427,1.7496079999999976
30.88,105.13195637633062,100.19194281527592,201.71711138657906,192.5742001481294,1.7516175999999988
30.912,104.39116136177779,101.45170837922647,202.54908253399276,192.83662836008068,1.7535015999999988
30.944,100.48446114157323,101.1615342079305,201.52820636665922,192.8667816717006,1.7553855999999988
30.976,101.40227554299608,101.23375660845018,202.79869061427897,193.06999844109671,1.7573323999999995
31.008,103.53868292462744,101.92523450330336,202.40395179689318,193.16498673674622,1.7592792000000002
31.04,101.3048509531153,101.73911943824695,201.55745418617863,193.1410017815834,1.7611632000000002
31.072,103.82840817271313,102.36590605858679,203.33922114217222,193.44385343039195,1.7630472000000001
31.104,106.5029896413638,103.60703113341988,205.21135498328965,193.97930789607682,1.7649940000000008
31.136,100.14953253763153,102.56978155468337,203.97178813778288,194.19348791993923,1.7669408000000015
31.168,100.99835915396841,102.09835483446886,203.3257961109856,194.30341229859732,1.7688248000000015
31.2,97.66885975232304,100.7695063098251,201.16296292805612,194.0019732122688,1.7707088000000015
31.232,103.34099561262121,101.54095310066393,199.65862701958156,193.37994608099774,1.7727183999999936
31.264,100.48574368945361,101.22439027730083,199.94189381834732,193.02464161150775,1.7746023999999936
31.296,106.98810597212483,102.95350498574803,203.36821484630156,193.35380194996836,1.7764863999999936
31.328,100.23523020782864,102.1380225523722,201.087401048639,193.15913010608344,1.7784331999999943
31.36,101.74712827306112,102.02075426857888,203.63819669489428,193.46138104835052,1.780379999999995
31.392,94.22540465774438,99.68214938532853,201.11847203173085,193.3042947821383,1.782263999999995
31.424,98.52116242967378,99.3338532986321,200.82190841627514,193.12196346267373,1.784147999999995
31.456,102.5321418696306,100.29333986993164,201.23208844709296,192.99544186747198,1.7860947999999957
31.488,100.80532780330017,100.4469362499422,202.0790348243272,193.04511555370402,1.7880415999999963
31.52,99.49668893274954,100.1618620547844,202.97196989686933,193.29885080940045,1.7899255999999963
31.552,107.3550710985405,102.31982476791121,205.13840908886135,193.84734736334656,1.791872399999997
31.584,105.69848016475848,103.3334213869654,206.3405886251482,194.51415891100922,1.7938191999999977
31.616,103.96377856856726,103.52252854144595,204.5290587441565,194.7838301813724,1.7957031999999977
31.648,99.38375026340293,102.28089505803304,204.50829989508236,195.00093432258487,1.7975871999999977
31.68,102.70363887188876,102.40771820218974,205.53890625545876,195.31384698559575,1.7995339999999984
31.712,101.0884989977155,102.01195244084747,204.53029854111526,195.38756774768996,1.801480799999999
31.744,101.15248877770473,101.75411334190464,202.7390913155125,195.17517453938444,1.803364799999999
31.776,106.0374695726548,103.03912021112968,203.53253085588153,195.14483455650202,1.805248799999999
31.808,102.26572567562837,102.80710185047928,203.8752183572078,195.07914490788582,1.8072584000000003
31.84,102.29573086790666,102.65369055570748,205.822277208314,195.48062444329207,1.8091424000000003
31.872,100.68876311975635,102.06421232492214,203.65451287253507,195.41707722920725,1.8110264000000003
31.904,99.50487008567248,101.29640965314724,202.73292415856386,195.14679328186745,1.812973200000001
31.936,96.73490432199934,99.92795805380285,201.12327008815237,194.63408667403874,1.8149200000000016
31.968,99.58160200444684,99.82405123899605,202.40581599362463,194.49774966150798,1.8168040000000016
32.0,100.26247977633122,99.9555798001966,201.72723143404264,194.2632671918438,1.8186880000000016
32.032000000000004,101.08050242875952,100.29305658876547,201.0259828673389,193.89286786351568,1.8206347999999977
32.064,99.8050240877638,100.14664683846496,203.1473619014094,193.97347422028972,1.8225815999999937
32.096000000000004,101.95841446528802,100.69017712651186,201.03376682740873,193.70836893255645,1.8244655999999937
32.128,100.30144679838567,100.57355802807399,202.16973944526532,193.69685526044498,1.8263495999999937
32.160000000000004,93.7473592993128,98.52569840944562,199.0190440982709,193.01429080169692,1.8283591999999949
32.192,99.266260971033,98.74786717792183,200.34909973059217,192.7988722853245,1.8302431999999949
32.224000000000004,102.8274429354168,99.97173990517031,201.23513014971735,192.7828132863375,1.8321271999999948
32.256,96.17731182165102,98.83341148011452,200.40220118730383,192.56746949977733,1.8340739999999955
32.288000000000004,101.24588600856832,99.55715383865066,199.4116288912313,192.21181128143647,1.8360207999999962
32.32,99.32910893901348,99.4887403687595,201.1846322036304,192.2928688611692,1.8379047999999962
32.352000000000004,100.5017504546042,99.79264339451291,201.47344506992346,192.41152963096198,1.8397887999999962
32.384,96.10842394427823,98.6873775594425,199.25113937564703,192.05504793787355,1.841735599999997
32.416000000000004,105.1420634603333,100.62378332970972,200.64127837845183,192.01470024588733,1.8436823999999976
32.448,105.29903847294864,102.02635987268138,202.2023789247885,192.31564405753116,1.8455663999999976
32.480000000000004,96.69033732933683,100.42555310967802,199.3703180043471,192.04952180625992,1.8474503999999976
32.512,96.5078449387729,99.25024065840648,200.09543770420467,191.859945169911,1.8494599999999988
32.544000000000004,101.28119920956786,99.8595282237549,199.34630559558587,191.6719570974596,1.8513439999999988
32.576,95.42494269687313,98.52915256569037,197.97085702747023,191.26904162919308,1.8532279999999988
32.608000000000004,101.92789515887566,99.54877534364594,200.08774903330698,191.2707716893023,1.8551747999999995
32.64,98.19163184415797,99.14163229379955,198.6035408907777,191.00355063112053,1.8571216000000002
32.672000000000004,97.94227018221235,98.78182366032338,199.74130785585785,191.04206226635281,1.8590056000000001
32.704,99.06309809017111,98.8662059892777,199.5160777211819,191.0328372973098,1.8608896000000001
32.736000000000004,105.27416635726036,100.7885940996725,201.93487274695872,191.41164455122075,1.8628364000000008
32.768,102.09426053423608,101.18029403004157,202.77837022749418,191.8745595801977,1.8647832000000015
32.8,92.92769400535192,98.70451402263467,200.04831921602977,191.8109890548259,1.8666672000000015
32.832,94.30909275245784,97.3858876415816,198.39407829492853,191.40807778852272,1.8686140000000022
32.864,100.39251184584474,98.28787490286054,198.24526441478025,191.05115751703033,1.8705607999999982
32.896,103.48945657506599,99.84834940452217,200.20370205781836,191.16474462465217,1.8724447999999982
32.928,93.20513790738943,97.85538595538235,197.17750307894585,190.71003826108,1.8743287999999982
32.96,104.07719082723392,99.7219274169378,199.2307756286463,190.65783648580143,1.8762755999999943
32.992,103.25843239539992,100.78287891047643,200.06661197325104,190.76636740115427,1.878222399999995
33.024,100.49129136570033,100.69540264704358,200.63857373192812,191.010211502549,1.880106399999995
33.056,101.51690422615243,100.94185312077623,200.45562552718644,191.17680725821202,1.881990399999995
33.088,97.61043565197389,99.94242788013553,199.86902474237348,191.10420960124299,1.8839999999999961
33.12,93.60688368503048,98.041764621604,199.87946631510033,191.1495085507231,1.8858839999999961
33.152,103.95759143500486,99.81651266562424,199.82236539607624,191.1762733787316,1.8877679999999961
33.184,102.63306537977482,100.6614784798694,201.66556341547414,191.4803747396427,1.8897147999999968
33.216,101.97319254172643,101.0549926984265,201.25697640759464,191.65548127867032,1.8916615999999975
33.248,101.50651060033354,101.1904480689986,201.909571398516,191.9684453959215,1.8935455999999975
33.28,102.12499346896124,101.4708116889874,201.02114072360047,192.06396004435325,1.8954295999999975
33.312,94.51412172692616,99.38380470036901,199.7654106831765,191.86346940920777,1.8973763999999982
33.344,97.12115678220539,98.70501032491991,199.8197124705398,191.70909556872044,1.8993231999999989
33.376,104.28210963543532,100.37814011807453,200.07530325635392,191.68035766199523,1.9012071999999989
33.408,106.85186626587671,102.32025796241517,201.13555997904052,191.84872507423492,1.9030911999999989
33.44,104.69151856665479,103.03163614368705,201.6288248362436,191.97303140336467,1.9051008
33.472,99.13410729715311,101.86237748972685,202.50126979474734,192.33561567579895,1.9069848
33.504,102.95368608677595,102.18977006884157,202.3800909358223,192.6106400248555,1.9088688
33.536,97.29915376157723,100.72258517666225,200.75087062550853,192.489567471302,1.9108156000000007
33.568,107.53161532143905,102.76529422009529,203.2973275545193,192.8513111184061,1.9127624000000014
33.6,99.74403025025251,101.85891502914244,203.0161308456598,193.14811751666517,1.9146464000000014
33.632,101.63031141700407,101.79033394550092,202.6092410802998,193.317556659808,1.9165304000000014
33.664,101.3919633371832,101.67082276300559,202.2387827139817,193.33784234055494,1.918477200000002
33.696,96.53744525690533,100.1308095111755,200.1390467395034,192.9744093754282,1.9204239999999981
33.728,99.58372358071384,99.96668373203698,201.8332805009354,193.03484232541962,1.9223079999999981
33.76,97.09896093838285,99.10636689394073,201.12240979256612,192.95567123192544,1.9241919999999981
33.792,104.92711773139209,100.85259214517612,202.91886101935108,193.11311640020872,1.9262015999999949
33.824,99.92517980050948,100.57436844177612,201.95947736752197,193.17128504268703,1.9280855999999948
33.856,96.61181111319084,99.38560124320054,199.09497112869786,192.70045680203012,1.9299695999999948
33.888,102.07314144166905,100.19186330274108,200.38724913072042,192.49731304921423,1.9319163999999955
33.92,103.93015545051979,101.3133509470747,201.6023072834398,192.55086031341298,1.9338631999999962
33.952,102.86285933525767,101.77820346352958,201.73603148895256,192.67035276076356,1.9357471999999962
33.984,92.98586661389776,99.14050240864003,200.10728785457542,192.47341882619432,1.9376311999999962
34.016,97.65888390466921,98.69601685744878,200.0271734732138,192.24619558393758,1.939577999999997
34.048,96.9718629449579,98.17877068370152,199.83770083225707,192.0258051066086,1.9415247999999976
34.08,101.45038034136851,99.16025358100161,200.55590658714007,192.0267315686994,1.9434087999999976
34.112,100.685096446415,99.61770644062562,199.48937463563777,191.7830173570951,1.9453555999999983
34.144,97.74067885201444,99.05459816404226,200.22392815578885,191.71636717142164,1.947302399999999
34.176,103.5014629453342,100.38865759842983,202.04398120990373,192.04263893504955,1.949186399999999
34.208,105.34681018385925,101.87610337405864,204.7536782460337,192.80030474404506,1.951070399999999
34.24,99.04950801238907,101.02812476555776,202.32412106227355,192.9296577635959,1.9530171999999997
34.272,101.62523461498867,101.20725772038702,203.14601146301936,193.1843583264026,1.9549640000000004
34.304,105.40705998654656,102.46719840023486,205.73204123027813,193.91245703207318,1.9568480000000004
34.336,103.4873045467015,102.77323024417484,206.33453370180106,194.6178213218183,1.9587320000000004
34.368,96.53907022145793,100.90298223735977,203.88329839721706,194.70041558105586,1.960678800000001
34.4,100.32325750901967,100.72906481885772,202.57285456905106,194.5308734117637,1.9626256000000017
34.432,102.14515054929369,101.1538905379885,200.68080344839944,194.1009947633705,1.9645096000000017
34.464,96.20876771289757,99.67035369046121,199.0721206880169,193.40632214685354,1.9664564000000024
34.496,106.3453544444559,101.6728539166596,201.1891784697408,193.2205657380244,1.9684031999999985
34.528,106.24741992754865,103.04522371992631,202.6959908312042,193.39259342243872,1.9702871999999985
34.56,103.4050018020057,103.15315714455012,201.969723526196,193.40203194834604,1.9721711999999985
34.592,102.3648742524891,102.9166722769318,202.5107399263021,193.4562513909255,1.9741179999999945
34.624,102.42240004577582,102.768390607585,202.09861264737992,193.42606323698308,1.9760647999999952
34.656,99.84473418021594,101.89129367937429,202.06829592475754,193.44728516864978,1.9779487999999952
34.688,96.11720429727399,100.15906686474419,202.77248298130337,193.5921220889909,1.9798327999999952
34.72,99.31162544834038,99.90483443982305,202.10412064907558,193.48690525507251,1.9818423999999963
34.752,96.62809092676699,98.92181138590621,201.6833493798087,193.42744056576294,1.9837263999999963
34.784,99.08437851037891,98.970581523248,201.35134256281452,193.31864642931214,1.9856103999999963
34.816,101.0965865848396,99.60838304172547,201.97007925726746,193.29010020724516,1.987557199999997
34.848,103.59717242722347,100.80501985737487,202.49897265658512,193.3624491699745,1.9895039999999977
34.88,98.34353132728222,100.06657329834707,199.80033330746897,192.98468949752856,1.9913879999999977
34.912,102.67767808327221,100.8499047338246,201.2337466115819,192.93474762840648,1.9932719999999977
34.944,105.39996603912098,102.2149231254135,200.6562459112027,192.73788556695,1.9952187999999984
34.976,101.98402026424658,102.14565226706341,198.1886184270267,192.13002061268648,1.997165599999999
35.008,102.26980037488306,102.1828966994093,198.43327692169566,191.72789363818188,1.999049599999999
35.04,100.7519012756092,101.75359807226927,200.87975421941155,191.84135695082506,2.0009335999999993
35.072,93.80467007159913,99.36891967206822,198.43665025176327,191.38922123295418,2.0029432000000007
35.104,105.07440138240557,101.08056418516941,199.2598035866757,191.27077637369737,2.0048272000000007
35.136,103.05478506475546,101.67283044904522,200.18086892284782,191.34048027395096,2.0067112000000007
35.168,98.81663069094148,100.8159705216141,200.41136887334505,191.3878545030856,2.0086580000000014
35.2,100.06173234759345,100.5896990694079,200.00748299302688,191.35355177495384,2.010604800000002
35.232,99.08160167361868,100.13726985067112,198.73994931658027,191.1474706691551,2.012488800000002
35.264,99.4798182902494,99.9400343825446,197.97715786502113,190.84062637563392,2.014372800000002
35.296,100.4313693718237,100.08743487932833,198.41711329735804,190.6175176185504,2.0163196000000028
35.328,102.13883784002957,100.7028557675387,197.79637156967135,190.3224382829306,2.0182664000000035
35.36,100.66119640410339,100.6903579585081,196.40732764653694,189.8807874345128,2.0201504000000035
35.392,96.70567033661017,99.49495167193871,198.50762829471847,189.84779012746128,2.0220971999999997
35.424,103.37980305347624,100.66040708639996,200.77661581684146,190.23144634812448,2.024043999999996
35.456,106.05323979429707,102.27825689876909,201.54627338953216,190.736401209513,2.025927999999996
35.488,96.95600250361738,100.68158058022357,200.95544194173203,191.04302147479183,2.027811999999996
35.52,98.13784651517223,99.91846036070817,198.74813281905398,190.84319341822447,2.0297587999999966
35.552,99.09401371525593,99.67112636707247,200.28535786474612,190.95776765211173,2.0317055999999973
35.584,101.23011387258069,100.13882261872493,200.935409896021,191.22069539150397,2.0335895999999973
35.616,98.42863932888551,99.6257676317731,202.4798767158054,191.7155785165193,2.0354735999999973
35.648,106.01590737875952,101.54280955586903,205.25280789808733,192.57134931685823,2.037420399999998
35.68,105.0539353658541,102.59614729886455,204.68844066139636,193.1700786651983,2.0393671999999987
35.712,98.78634643435284,101.45320703951103,201.2374327320652,193.08724899653592,2.0412511999999987
35.744,99.28297528718069,100.80213751381191,202.65122292563638,193.2238704437594,2.0431979999999994
35.776,95.2678785327984,99.14185981950786,199.72550514951337,192.8062161093636,2.0451448
35.808,93.57492919335148,97.47178063166093,198.79210594660105,192.34664659294202,2.0470288
35.84,101.29299814255481,98.61814588492909,198.68495940771928,191.95086475877565,2.0489128
35.872,97.45066500497185,98.26790162094191,198.5094387413577,191.54351629184484,2.050859600000001
35.904,98.60390062658072,98.36870132263354,199.57422718527465,191.4026209437227,2.0528064000000015
35.936,96.68391670238333,97.86326593655846,201.03194312333417,191.60250361795022,2.0546904000000015
35.968,103.16958415572023,99.45516140230698,203.4926377917441,192.21158763917953,2.0565744000000015
36.0,104.19060896524996,100.87579567118988,204.22275583370205,192.73971180463846,2.058584000000003
36.032000000000004,98.60215476506832,100.19370339935341,201.96464459578414,192.86640100550363,2.060468000000003
36.064,106.16302960237182,101.98450126025892,202.69610022132446,193.1025514248316,2.062352000000003
36.096000000000004,97.29356821990818,100.5772213481537,201.9846690736525,193.1157585814949,2.0642988000000035
36.128,104.89472095080991,101.87247122895056,202.5467325072628,193.22830735896304,2.0662456000000042
36.160000000000004,109.80300527584009,104.2516314430174,203.89293821182716,193.61557832763864,2.0681296000000042
36.192,106.99626865407618,105.07502260633501,204.63221905978196,194.0665622088119,2.0700136000000042
36.224000000000004,104.56581118062438,104.92225917862183,204.12304975216244,194.29232739505255,2.0719604000000005
36.256,102.84438136226949,104.29889583371612,205.6155240102152,194.74736377225412,2.0739071999999967
36.288000000000004,95.17417801396118,101.56148048778962,201.09035991102934,194.35242960808125,2.0757911999999967
36.32,99.07537008487205,100.81564736691435,199.62115172261542,193.76305451786075,2.0776751999999967
36.352000000000004,98.29974415796536,100.06087640422965,200.15285306062103,193.27372475994383,2.079684799999998
36.384,100.35466168903747,100.14901198967199,200.52987102683443,193.04406849742807,2.081568799999998
36.416000000000004,103.58366401975402,101.1794075986966,201.10538264260188,192.960145617964,2.083452799999998
36.448,101.10183439398779,101.15613563728394,200.10902280923642,192.65964056338112,2.085399599999999
36.480000000000004,99.34229754896224,100.61198421078741,200.90365598888684,192.55735280495315,2.0873463999999995
36.512,95.79496541862947,99.16687857314002,200.47370778693494,192.4471926775485,2.0892303999999995
36.544000000000004,101.73231987134524,99.93651096260159,202.5798467384416,192.73817717021086,2.0911143999999995
36.576,96.41046231348237,98.87869636786581,201.7564656618919,192.7760309106963,2.0930612
36.608000000000004,105.47240250465278,100.8568082089019,201.95764634097634,192.84344642077974,2.095008000000001
36.64,98.97078008845628,100.2909997727682,199.71499855403846,192.54417957678436,2.096892000000001
36.672000000000004,100.86855583027878,100.46426659002137,201.42991010259226,192.558040655195,2.0988388000000016
36.704,101.58630025836352,100.800876690524,202.4541813033215,192.7547834522717,2.1007856000000023
36.736000000000004,102.86513297216541,101.42015357501641,201.28708745814112,192.75610856596973,2.1026696000000022
36.768,101.43215558948418,101.42375417935673,200.28479077940807,192.57578063182478,2.1045536000000022
36.800000000000004,94.86498777849724,99.45612425909887,197.50458198209475,191.87344737263135,2.106500400000003
36.832,96.77898935280521,98.65298378721076,197.49899000557937,191.29722255240466,2.1084472000000036
36.864000000000004,102.76801527808419,99.88749323447277,197.3574324346859,190.85110477925915,2.1103312000000036
36.896,101.29790458143884,100.31061663856258,197.83903815143265,190.57290264999997,2.1122152000000036
36.928,100.27087475360983,100.29869407307675,200.6594201859403,190.80410319019373,2.1141620000000043
36.96,100.27747042652312,100.29232697911065,200.2108537334624,190.91226759568704,2.116108800000005
36.992,106.28538008845288,102.09024291191332,201.7441801666908,191.32981613921967,2.117992800000005
37.024,99.33060062851268,101.26235022689312,201.62723238865527,191.59918882193287,2.1199396000000013
37.056,102.80155703720479,101.7241122699866,201.29383880365754,191.75946230961824,2.1218863999999975
37.088,99.97493263165985,101.19935837848857,199.58516207794702,191.63289381405426,2.1237703999999975
37.12,101.3964695845582,101.25849174030947,200.97823137909916,191.78137597947898,2.1256543999999975
37.152,98.22539883447249,100.34856386855837,199.73853929778608,191.62716870321492,2.127601199999998
37.184,103.45426792890392,101.28027508666202,199.84923078699057,191.52090744454446,2.129547999999999
37.216,97.4879262270593,100.1425704287812,198.79528606144828,191.29455119202672,2.131431999999999
37.248,97.97251212071625,99.4915529363617,197.44214195357418,190.86424914066166,2.133315999999999
37.28,100.84039629701842,99.89620594455872,198.4631152964992,190.59375761306225,2.1353256000000003
37.312,104.60876731371337,101.30997435530512,200.31922954256544,190.8110431528402,2.1372096000000003
37.344,102.71280272178026,101.73082286524766,201.64649375209973,191.22923207068598,2.1390936000000003
37.376,97.2180569467204,100.37699308968946,199.5554305027315,191.1418192320051,2.141040400000001
37.408,102.01102550486742,100.86720281424284,198.3321929010596,190.84882493667507,2.1429872000000016
37.44,107.58662719443333,102.88303012829999,201.42272969982258,191.21967470880014,2.1448712000000016
37.472,97.62504965030463,101.30563598490139,200.1348538860321,191.2902992760831,2.1467552000000016
37.504,96.31879305799113,99.8095831068283,199.88308080568922,191.25113731491456,2.1487020000000023
37.536,102.10234253244137,100.4974109345122,201.03877665544724,191.42824164522222,2.150648800000003
37.568,108.01972952571855,102.7541065118741,202.58752119175557,191.90504279697495,2.152532800000003
37.6,101.66361695694579,102.42695964539561,201.73734886803925,192.14166505061726,2.154416800000003
37.632,101.54883252272633,102.16352150859481,201.22055854203788,192.13905478907557,2.1564264000000044
37.664,99.54689336408572,101.37853306524208,202.24169991960497,192.42460773999167,2.1583104000000044
37.696,104.15446020573766,102.21131120739074,204.07015050301453,192.98942132431154,2.1601944000000044
37.728,99.48102289195668,101.39222471276052,202.46433323775904,193.10992276825053,2.162141200000005
37.76,100.91618698474437,101.24941339435568,200.5815889598615,192.86784171976626,2.164088000000006
37.792,103.0995578094945,101.80445671889731,201.16302572639972,192.82624870345697,2.165972000000006
37.824,102.65200373427109,102.05872082350945,200.6444156425455,192.698316784539,2.167856000000006
37.856,107.28103532418524,103.62541517371218,204.4769295686296,193.23578235542973,2.1698028000000065
37.888,93.08432884966524,100.4630892764981,198.73428718737006,192.63656400924074,2.1717496000000027
37.92,95.84991842296583,99.0791380204384,196.73796391783566,191.83590650354978,2.1736336000000027
37.952,97.87785240861403,98.7187523368911,197.23467127068824,191.27006880995947,2.1755176000000027
37.984,102.35980291226184,99.81106750950232,200.0094434656996,191.20600648374275,2.177527199999999
38.016,102.1210285454627,100.50405582029043,201.63007459964408,191.54973619544657,2.179411199999999
38.048,93.97899567323019,98.54653777617236,198.48102010507648,191.26128065438695,2.181295199999999
38.08,94.59554450817132,97.36123979577204,196.62874710476376,190.6383446870994,2.183242
38.112,99.76075209437593,98.0810934853532,198.54957432548292,190.47582352903277,2.1851888000000006
38.144,106.23461321414221,100.5271494039899,200.94676992190495,190.82803809225493,2.1870728000000006
38.176,101.54207448446365,100.83162692813202,200.1749975787722,190.9768138214315,2.1889568000000006
38.208,104.15671047010593,101.8291519907242,200.88716798704147,191.1761292298155,2.1909036000000013
38.24,105.23635755708129,102.85131366063132,203.53074483524105,191.81784987851617,2.192850400000002
38.272,104.58737655207865,103.3721325280655,202.3759738782298,192.18584337171558,2.194734400000002
38.304,101.91453121822863,102.93485213511443,203.96958838864032,192.72423786398247,2.1966812000000027
38.336,100.68949354629493,102.26124455846856,203.08827084843733,193.00566801001614,2.1986280000000034
38.368,106.19824264255006,103.44234398369301,205.38409320774394,193.70313149191566,2.2005120000000034
38.4,96.25722044262523,101.28680692137266,202.7632496737668,193.79998965848765,2.2023960000000034
38.432,105.8464818926648,102.6547094127603,206.1584219412861,194.44240111629853,2.204342800000004
38.464,101.57952798747095,102.33215498517349,204.18851508314827,194.61198945726716,2.2062896000000047
38.496,99.78885828903742,101.56916597633267,202.85974706080526,194.56181237997447,2.2081736000000047
38.528,101.72442966913044,101.61574508417199,203.1896677857191,194.58043205935837,2.2100576000000047
38.56,103.32190630591137,102.12759345069381,204.7157011000432,194.76902314441736,2.212067200000006
38.592,99.11518540521269,101.22387103704946,203.9293007382184,194.88400991539797,2.213951200000006
38.624,98.02757413800656,100.26498196733658,202.4284330901424,194.70653105609256,2.215835200000006
38.656,97.35694306079314,99.39257029537355,201.6672358564902,194.37196726685477,2.217782000000007
38.688,101.15093835324582,99.92008071273523,201.5530423522184,194.07728995101135,2.219728800000003
38.72,96.84761010351863,98.99833952997024,200.2484455821334,193.65125308241986,2.221612800000003
38.752,100.92309083960515,99.57576492286071,200.5914837472718,193.36441688179966,2.223496800000003
38.784,97.69535400917975,99.01164164875641,200.3316330487291,193.0310316337103,2.2254435999999993
38.816,103.29866276214752,100.29774798277373,199.13033986107715,192.54055720754474,2.2273904
38.848,103.10053164793842,101.13858308232314,201.12951518032145,192.55213654832184,2.2292744
38.88,103.71309039189072,101.91093527519341,200.3322696509768,192.41732059962152,2.2311584
38.912,95.50927957318723,99.99043856459156,201.3022210413603,192.37959807866017,2.2331680000000014
38.944,106.2184230909351,101.85883392249461,203.6034695233464,192.86809020330122,2.2350520000000014
38.976,90.09711765077839,98.33031904097975,199.34720169036518,192.49779257857114,2.2369360000000014
39.008,94.42382816105118,97.15837177700118,196.73570520642252,191.67041017925925,2.238882800000002
39.04,108.50734326708888,100.56306322402749,202.23189909642088,191.98757935792588,2.2408296000000028
39.072,104.32829501126923,101.6926327602,203.23403888924614,192.48015987005806,2.2427136000000027
39.104,94.33583210829298,99.4855925646279,200.41970429701328,192.37419697450804,2.2445976000000027
39.136,107.66927103628832,101.94069610612601,203.43387004261118,192.78153624522338,2.2465444000000034
39.168,100.85676437125211,101.61551658566384,200.44245508370835,192.57370945504266,2.248491200000004
39.2,103.03963972783617,102.04275352831553,202.26519811350687,192.78484410729857,2.250375200000004
39.232,102.91076881667504,102.30315811482338,202.44663611058638,192.9906037388403,2.252259200000004
39.264,101.41588557584966,102.03697635313125,200.55722919719994,192.7142767251986,2.2542688000000055
39.296,98.96696873932083,101.11597406898811,200.82597156422213,192.63947262599544,2.2561528000000055
39.328,102.20077343865526,101.44141387988824,202.8753986297807,192.94914908342435,2.2580368000000055
39.36,100.55429207322743,101.17527733789,205.479704347971,193.62271437276237,2.259983600000006
39.392,97.67865963422577,100.12629202679072,204.16586213432214,193.93656384789014,2.261930400000007
39.424,98.7269902777979,99.70650150209286,201.97872380541318,193.84917410810883,2.263814400000007
39.456,101.25019697076596,100.16961014269478,199.72585926586794,193.3698388163568,2.265698400000007
39.488,109.06107591665355,102.83704987488241,202.94941079698106,193.50928347210476,2.2676452000000076
39.52,96.1341821696702,100.82618956331874,201.4345315933528,193.34929962456454,2.2695920000000083
39.552,97.50920066566621,99.83109289402297,200.49497709488753,193.09964878466974,2.2714760000000083
39.584,99.76958077769292,99.81263925912396,201.2268038228159,192.97620958683268,2.2734228000000045
39.616,102.38021548503039,100.58291212689588,201.52938298355315,192.92987865214386,2.2753696000000008
39.648,101.70515430591564,100.9195847806018,200.63132541402405,192.7808206715017,2.2772536000000008
39.68,100.52257163811507,100.80048083785576,201.8323732633197,192.87612848758525,2.2791376000000008
39.712,94.80797293050631,99.0027284656509,198.04481893879614,192.21721455891938,2.2810844000000015
39.744,96.46926964633155,98.24269081985508,196.369791602596,191.37438663115074,2.283031200000002
39.776,103.34272346666611,99.7727006138984,197.43137645535035,190.9276860355026,2.284915200000002
39.808,105.5989497746655,101.52057536212853,199.42900811447765,190.92340349750268,2.286799200000002
39.84,109.30632416563716,103.8563000031811,202.4069317051887,191.3560261378896,2.2888088000000035
39.872,98.72834472338994,102.31791341924375,198.73644949461772,191.14886371948552,2.2906928000000035
39.904,103.28818180797248,102.60899393586236,199.93806384413574,191.19668639163385,2.2925768000000035
39.936,97.79934104660026,101.16609806908372,199.6241904287765,191.12760961547,2.294523600000004
39.968,104.09524278140492,102.04484148278007,200.50341455350377,191.2301729433954,2.296470400000005
40.0,98.32602358641931,100.92919611387184,200.19837088841066,191.31039377575883,2.298354400000005
40.032000000000004,99.98154708580905,100.644901405453,201.78125409501183,191.66259275987005,2.300238400000005
40.064,103.91910286023285,101.62716184188695,202.43856122824138,192.01858220377113,2.3021852000000056
40.096000000000004,98.43119553846299,100.66837195085975,201.200493619161,192.08605128642316,2.3041320000000063
40.128,97.8954531020241,99.83649629620905,202.3063731423644,192.39290343190882,2.3060160000000063
40.160000000000004,99.08533076320893,99.611146636309,201.7507174758004,192.5436438089686,2.3079000000000063
40.192,95.15010039952861,98.27283276527487,198.59111772323058,191.99235414485256,2.3099096000000077
40.224000000000004,106.10139845462723,100.62140247208056,201.06793691499877,192.0920113634366,2.3117936000000077
40.256,95.4170561407455,99.06009857268003,199.20955775604563,191.8372688684538,2.3136776000000077
40.288000000000004,102.84094361045068,100.19435208401123,202.31930701051613,192.14005765446745,2.3156244000000084
40.32,101.07739402192271,100.45926466538467,202.79625709385726,192.47436920205763,2.317571200000009
40.352000000000004,102.07299593313834,100.94338404571076,201.96319616549283,192.64882259165,2.319455200000009
40.384,100.79519266964982,100.89892663289248,201.78346167659564,192.75916885630556,2.321339200000009
40.416000000000004,104.64518004412548,102.02280265626239,202.65891232144418,192.95656375430292,2.3232860000000053
40.448,100.03214633900369,101.42560576108477,202.80547839353318,193.14475876125152,2.3252328000000015
40.480000000000004,99.71220159862754,100.91158451234759,202.73447728123904,193.33747327160427,2.3271168000000015
40.512,97.8947443479014,100.00653246301371,202.68692407293887,193.48669992256544,2.3290008000000015
40.544000000000004,99.21931278992747,99.77036656108783,202.5689552553925,193.48469814595546,2.331010400000003
40.576,96.56566598794274,98.8089563891443,200.77300076802746,193.26086210373612,2.332894400000003
40.608000000000004,100.37556454869596,99.27893883700979,199.41078355572677,192.8309819015435,2.334778400000003
40.64,103.2676542806731,100.47555347010878,202.24336704010403,192.94016615476815,2.3367252000000036
40.672000000000004,104.5109819389923,101.68618201077382,200.9624861841274,192.79775208112216,2.3386720000000043
40.704,99.83424780531013,101.13060174913471,199.86368303730862,192.53366732054428,2.3405560000000043
40.736000000000004,103.57973023941392,101.86534029621848,201.33781996026386,192.5841963607246,2.3424400000000043
40.768,101.61047273840887,101.7888800288756,201.93025921606903,192.68137644566895,2.344386800000005
40.800000000000004,100.33105805482373,101.35153343666003,200.24094157522,192.4552048862964,2.3463336000000057
40.832,99.72521469278227,100.8636378134967,198.4434095045841,191.99605433948673,2.3482176000000057
40.864000000000004,107.07609050029563,102.72737361953637,201.3447022903719,192.09370232029335,2.3501644000000064
40.896,93.5124710323476,99.96290284337972,200.0505697525958,191.9394414893985,2.352111200000007
40.928000000000004,108.416435436526,102.4989626213236,202.9146856249024,192.38293268955726,2.353995200000007
40.96,104.53812469585813,103.11071124368395,204.24273366977064,192.98652647820467,2.355879200000007
40.992,92.7209747064247,99.99379028250617,201.10861777323476,192.86217075545633,2.3578260000000077
41.024,102.25376720137729,100.67178335816749,202.86672749625814,193.07853659561385,2.3597728000000084
41.056,96.12611171964559,99.30808186661092,201.47881375406473,193.05596517835613,2.3616568000000084
41.088,101.29974204167362,99.90557991912974,200.26151714981424,192.81715147422432,2.3635408000000084
41.12,101.17401664059355,100.28611093556887,200.86615317322241,192.62813336018988,2.36555040000001
41.152,103.28424310536738,101.18555058650841,201.19770325710962,192.6362035074662,2.36743440000001
41.184,108.42203218052425,103.35649506471316,202.86398528723737,192.94440588060795,2.36931840000001
41.216,101.38340582446364,102.7645682926383,201.43621762769675,192.88696863997765,2.371265200000006
41.248,89.34535868369791,98.73880540995619,198.02465151365908,192.22244241691644,2.3732120000000023
41.28,101.89414845336972,99.68540832298024,199.02327406692632,191.9103753413757,2.3750960000000023
41.312,104.34880701919732,101.08442793184535,201.82992369172138,192.162788230546,2.3769800000000023
41.344,99.11286615216851,100.49295939794229,199.74860390463232,191.94136795443407,2.378926800000003
41.376,97.68333017438641,99.65007063087552,199.33042039375522,191.68433402229346,2.3808736000000037
41.408,104.19025485438883,101.01212589792951,199.4410800470563,191.54528507067184,2.3827576000000037
41.44,104.44171187001382,102.0410016895548,200.57613205881785,191.63684522399757,2.3846416000000037
41.472,98.06573503448425,100.84842169303363,198.54703718221515,191.24170537975942,2.386651200000005
41.504,95.88119383713126,99.3582533362629,198.65659297468642,191.04078090273688,2.388535200000005
41.536,109.88953314171977,102.51763727789995,202.3765875869837,191.5495330272908,2.390419200000005
41.568,99.71881693283336,101.67799117437997,203.261112659821,192.0748657644993,2.3923660000000058
41.6,106.89701803652059,103.24369923302214,204.17449094146687,192.67043377995753,2.3943128000000065
41.632,99.53338083133454,102.13060371251586,203.01698781020298,193.00013363497993,2.3961968000000065
41.664,101.825413566099,102.0390466685908,200.79556038540233,192.8680857984814,2.3980808000000065
41.696,105.3035847199358,103.01840808399429,202.03350805014347,192.93257038351675,2.400027600000007
41.728,103.06327057231435,103.03186683049032,201.69412231209304,192.92395544473234,2.401974400000008
41.76,103.94745724930854,103.30654395613577,205.50859758577542,193.6587436803913,2.403858400000008
41.792,103.10196205825386,103.2451693867712,204.7392425759801,194.12128573029605,2.405742400000008
41.824,98.83038129060833,101.92073295792233,203.00719299852204,194.08374544242432,2.407752000000009
41.856,97.25740000277268,100.52173307137741,202.86288544787774,194.12974725802334,2.409636000000009
41.888,104.9966842177044,101.8642184152755,202.7362371396322,194.14449983068707,2.411520000000009
41.92,104.07647961527665,102.52789677527585,202.6267947991766,194.08534007680032,2.41346680000001
41.952,98.40623104366985,101.29139705579404,201.21463320753566,193.7812903559771,2.4154136000000106
41.984,97.80654561088397,100.24594162232101,201.45196006073303,193.62666180455574,2.4172976000000106
42.016,99.48268857940911,100.01696570944745,202.42582079895104,193.67628700735446,2.4191816000000106
42.048,99.84738849813462,99.9660925460536,200.8389727110183,193.37828125916468,2.4211284000000113
42.08,102.78789739991848,100.81263400221306,201.82310502181423,193.31233931023715,2.4230752000000075
42.112,97.17236472384565,99.72055321870283,199.8199951126235,192.94720813557421,2.4249592000000075
42.144,104.95965589764981,101.29228402238692,200.47842362728346,192.71590536227794,2.426906000000004
42.176,99.54124822793187,100.7669732840504,200.55710956568635,192.54070977467453,2.4288528000000045
42.208,100.7790328745355,100.77059116119591,202.79484630076647,192.85368229134085,2.4307368000000045
42.24,100.38311636342608,100.65434872186495,201.48887703007262,192.87363037173827,2.4326208000000045
42.272,99.26743870498376,100.23827571680059,201.35717972718055,192.81469765876957,2.434567600000005
42.304,106.97034538337664,102.2578966167734,203.21717191359807,193.10308557911523,2.436514400000006
42.336,101.20722390881477,101.94269480438581,202.96945368997206,193.345872977228,2.438398400000006
42.368,100.68458008590565,101.56526038884175,202.82182201878388,193.51799549499503,2.440282400000006
42.4,97.21880874370603,100.26132489530103,201.2764313162079,193.327819036107,2.4422292000000065
42.432,105.77513063756498,101.91546661798021,202.9465456993471,193.4743505920081,2.4441760000000072
42.464,102.0665749032793,101.96079910356994,203.31200651940907,193.71194115633915,2.4460600000000072
42.496,98.47782523822318,100.91590694396591,202.1420374221966,193.64333356712433,2.448006800000008
42.528,103.92202370865922,101.8177419733739,202.79330830695392,193.7050221909449,2.4499536000000086
42.56,104.18051825199112,102.52657485695906,205.49408039347298,194.2958117128094,2.4518376000000086
42.592,99.36139549176869,101.57702104740194,203.19042873346126,194.36271458090133,2.4537216000000086
42.624,101.46012940651002,101.54195355513436,202.76035162023834,194.28823195243115,2.4556684000000093
42.656,101.32595615881544,101.47715433623867,204.1223302745921,194.4737452428432,2.45761520000001
42.688,104.11290288067437,102.26787889956938,204.730765838001,194.7872397688361,2.45949920000001
42.72,110.42014219899724,104.71355788939775,206.31400727631825,195.33055532736574,2.46138320000001
42.752,96.07631675712523,102.12238554971599,203.83188480822466,195.22340741664766,2.4633928000000114
42.784,102.1444709931616,102.12901118274966,202.44938012766636,194.98828981557816,2.4652768000000114
42.816,90.99127069785038,98.78768903727988,199.15728435366452,194.19986676967827,2.4671608000000114
42.848,97.3852930523642,98.36697024180518,199.10634607417705,193.49349327572807,2.469107600000012
42.88,92.73816039747162,96.6783272885051,198.79111079809945,192.8579148262299,2.4710544000000083
42.912,96.56044788176746,96.64296346648379,198.61581401135967,192.35707956892128,2.4729384000000083
42.944,96.5224675846014,96.60681470191906,197.96707004152074,191.82947320257907,2.4748224000000083
42.976,102.22110957432444,98.29110316364067,199.9829997780069,191.71080718738875,2.4767692000000046
43.008,104.52969445712449,100.16268055168581,202.4249119564409,192.0555994556038,2.4787160000000052
43.04,103.2878229493362,101.10022327098093,202.59957482985618,192.42103208279053,2.4806000000000052
43.072,101.14035178517376,101.11226182523879,203.10400731135095,192.8116233378341,2.4824840000000052
43.104,93.73526518421365,98.89916283293124,202.10484929632338,192.8478067196632,2.4844936000000066
43.136,97.58185616002373,98.50397083105898,200.70324439461785,192.72662071122315,2.4863776000000066
43.168,102.35549431258983,99.65942787551823,199.8514896548253,192.4732035797547,2.4882616000000066
43.2,104.55977675215564,101.12953253850945,201.85968453304628,192.57769923988434,2.4902084000000073
43.232,104.34871614357766,102.09528762002991,204.09605042495645,193.06805810877364,2.492155200000008
43.264,100.12585571369979,101.50445804813086,202.60897850914813,193.25194028086554,2.494039200000008
43.296,102.89014790995093,101.92016500667687,202.85212275557842,193.44654874099368,2.495923200000008
43.328,95.63193215792285,100.03369515205065,200.4017270391274,193.11098466859372,2.4978700000000087
43.36,107.41767835617713,102.2488901132886,204.25693216434092,193.5339393960983,2.4998168000000094
43.392,98.44724862641044,101.10839766722515,202.84999349589023,193.67712132715712,2.5017008000000094
43.424,99.10719790494682,100.50803773854165,202.57183164564262,193.69260772570448,2.50364760000001
43.456,104.50385907655634,101.70678413994605,204.51012377668349,194.0561171787047,2.5055944000000108
43.488,101.08455028395582,101.52011398314897,205.63142535077043,194.6082184767753,2.5074784000000108
43.52,101.81348937716534,101.60812660135389,203.1922709523849,194.61890993476797,2.5093624000000108
43.552,102.56354968700455,101.89475352704908,203.97722085438332,194.71830688887735,2.5113092000000115
43.584,103.61716825847307,102.41147794647627,203.38800420143536,194.69306649308913,2.513256000000012
43.616,99.05685916103135,101.40509231084279,203.20007969855223,194.68981403482644,2.515140000000012
43.648,99.55677630353344,100.85059750864998,202.16576682212525,194.49994220571878,2.517024000000012
43.68,97.52211834188357,99.85205375862006,201.18982998559858,194.1163612094456,2.518970800000013
43.712,99.46882069993124,99.7370838410134,201.95330158380008,193.94039387939375,2.520917600000009
43.744,97.614758759496,99.10038631655817,200.06730321199012,193.5063485408352,2.522801600000009
43.776,99.10875606876982,99.10289724222166,199.879212089155,193.06538694727578,2.5247484000000053
43.808,94.21626971193335,97.63690898313516,196.97649953358675,192.17885455338552,2.526695200000006
43.84,101.84554355184972,98.89949935374952,199.61924648778813,191.98254629836404,2.528579200000006
43.872,104.35639095869436,100.53656683523297,200.9787530682862,192.0678366583615,2.530463200000006
43.904,102.03174711104867,100.98512091797767,199.95845156369666,191.90158428489386,2.5324100000000067
43.936,95.11062312641181,99.22277158050791,199.26832672689022,191.6405122987353,2.5343568000000074
43.968,98.93385274039107,99.13609592847286,200.35035701986476,191.6739718402491,2.5362408000000074
44.0,103.70993069772071,100.5082463592472,200.1900861072536,191.6723666514858,2.5381248000000074
44.032000000000004,98.53160904746348,99.91525516571207,198.4146522139785,191.24683616730164,2.540134400000009
44.064,101.27785439569108,100.32403493470576,200.22726826874288,191.32927135154475,2.542018400000009
44.096000000000004,104.79634468672776,101.66572786031236,202.0331549362018,191.72364696703065,2.543902400000009
44.128,97.66456965339779,100.46538039823798,200.75530830562994,191.7639211595423,2.5458492000000095
44.160000000000004,97.61058386806013,99.60894143918462,201.16974581317612,191.8719179813149,2.54779600000001
44.192,98.08163124540555,99.1507483810509,198.2454009340455,191.48250185462965,2.54968000000001
44.224000000000004,97.45176217499946,98.64105251923546,199.09019840957433,191.31647531974306,2.55156400000001
44.256,97.41856317318168,98.27430571541932,198.59533942311054,191.03949757289686,2.553510800000011
44.288000000000004,98.75595576765772,98.41880073109083,200.62714012778076,191.1804029825096,2.5554576000000115
44.32,90.74893507785629,96.11784103512045,195.80410541149897,190.474280933742,2.5573416000000115
44.352000000000004,100.20225540929084,97.34316534737157,196.52257186473324,190.0260058600623,2.5592256000000115
44.384,100.87134589780182,98.40161951250064,198.4346796165002,189.90208749371232,2.561235200000013
44.416000000000004,105.06835490482335,100.40164013019745,201.24997619122902,190.41302643261312,2.563119200000013
44.448,97.94457890759358,99.66452176341627,201.35940353544385,190.85129277166703,2.565003200000013
44.480000000000004,106.06429456097354,101.58445360268345,202.7101537278553,191.4032830620839,2.5669500000000136
44.512,101.12620647633166,101.44697946477791,202.1910690925284,191.7614114553231,2.5688968000000143
44.544000000000004,105.41917029759527,102.63863671462312,203.00677429910726,192.25379346973935,2.5707808000000143
44.576,98.67393697531199,101.44922679282978,201.40558862327123,192.36724494013197,2.5726648000000143
44.608000000000004,105.18708492181784,102.57058423152618,201.9556763452032,192.50829312967002,2.5746116000000105
44.64,102.6336436359488,102.58950205285296,200.65297281086112,192.3880258486302,2.576558400000007
44.672000000000004,102.86939532544545,102.67347003463071,200.26355298502023,192.27047598273586,2.578442400000007
44.704,104.1859006249239,103.12719921171866,200.06639762690213,192.0870843645535,2.5803892000000075
44.736000000000004,100.12939093182327,102.22785672775004,201.00155786021853,192.1061478490079,2.582336000000008
44.768,98.95689662935888,101.2465686982327,199.06322391641913,191.8223606243467,2.584220000000008
44.800000000000004,106.90988808710782,102.94556451489524,201.3308474759428,192.00037240479068,2.586104000000008
44.832,102.1777236971561,102.71521226957348,201.7355081492911,192.16797371482326,2.588050800000009
44.864000000000004,101.80816017938324,102.4430966425164,201.63890214283344,192.2877541578073,2.5899976000000096
44.896,102.48881489632372,102.45681211865859,201.45866618258583,192.40466573434088,2.5918816000000096
44.928000000000004,95.03082376219164,100.2290156117185,198.99466518541564,192.05443855525434,2.5937656000000096
44.96,105.25462699998818,101.7366990281994,200.74183975417083,192.0324025188572,2.5957124000000102
44.992000000000004,101.35169250245747,101.62119707047681,201.65435935180324,192.17951872743976,2.597659200000011
45.024,104.17075435806387,102.38606425675292,202.1802711779277,192.4466293567343,2.599543200000011
45.056,99.65142001620929,101.56567098458981,200.1149355258336,192.2401396550182,2.6014900000000116
45.088,96.96403738381898,100.18518090435856,200.53294194535763,192.14668219776402,2.6034368000000123
45.12,90.07067044718616,97.15082776720683,198.21189425424305,191.70146980570502,2.6053208000000123
45.152,95.15769107068957,96.55288675825165,198.9252462772525,191.46595469075453,2.6072048000000123
45.184,101.1830652651922,97.9419403103338,199.93745502118645,191.40484113423184,2.609151600000013
45.216,96.99249191388516,97.6571057913992,199.97966085687517,191.36242813068444,2.6110984000000137
45.248,103.55375379920626,99.42610019374132,201.22165695657708,191.6039233359782,2.6129824000000137
45.28,98.90935769562041,99.27107744430504,201.07423313669074,191.77502516518064,2.6148664000000137
45.312,106.75186139497947,101.51531262950735,203.61481407280854,192.27213010603091,2.616876000000015
45.344,101.69371476494584,101.5688332701389,203.80951905021712,192.81736811818234,2.618760000000015
45.376,102.53604262300436,101.85899607599853,204.82347351973755,193.447442643149,2.620644000000015
45.408,97.56678468055605,100.57133265736579,203.88502505850488,193.74218505321957,2.6225908000000113
45.44,101.23918495762533,100.77168834744364,204.00317499628326,194.00496466509273,2.6245376000000076
45.472,104.80465677293711,101.98157887509169,202.41486117494168,193.98413432650918,2.6264216000000076
45.504,100.44709776783509,101.5212345429147,202.53794807063593,193.98935264932464,2.6283056000000076
45.536,100.59009169693816,101.24189168912173,202.01326517191023,193.84722681299118,2.6302524000000083
45.568,101.31842875947883,101.26485281022885,202.05066988970174,193.73759556035816,2.632199200000009
45.6,95.5150178111177,99.5399023104955,199.58760618424287,193.25343224432984,2.634083200000009
45.632,98.70333850457314,99.28893316871878,199.30053811825292,192.80494267826873,2.635967200000009
45.664,102.99524090148091,100.40082548854743,203.52148356000868,193.0987425205999,2.6379768000000103
45.696,100.32270733454757,100.37739004234746,202.38021973985843,193.23566612229484,2.6398608000000103
45.728,104.61419203184663,101.6484306391972,203.80824800300798,193.60627645599007,2.6417448000000103
45.76,100.42585724184808,101.28165861999246,203.57110531074085,193.81545164759854,2.643691600000011
45.792,96.05995600582446,99.71514783574206,201.23536189562986,193.56400290207327,2.6456384000000117
45.824,99.18168544677604,99.55510911905225,201.3435929324906,193.42908865864888,2.6475224000000117
45.856,106.9556511213338,101.77527171973671,202.9211617398745,193.60412958748634,2.6494064000000117
45.888,101.46542918140993,101.68231895823865,202.0770564723503,193.5432742337672,2.6513532000000124
45.92,102.12258949994703,101.81440012075116,201.09570256697137,193.31581093200919,2.653300000000013
45.952,98.3955222035171,100.78873674558093,201.36874970302384,193.2303721306567,2.655184000000013
45.984,106.7373863641442,102.5733316311499,202.30051010158422,193.32904385412652,2.657068000000013
46.016,104.36044304171132,103.10946505431832,202.0110122867369,193.25459114432203,2.6590776000000145
46.048,101.24283741608042,102.54947676284695,203.08219403870788,193.49036213468506,2.6609616000000145
46.08,97.23124149284892,100.95400618184755,201.976460757929,193.48332418906733,2.6628456000000145
46.112,105.8528463073658,102.42365821950301,203.1572190599926,193.63984105332423,2.664792400000015
46.144,108.90851721033391,104.36911591675228,205.24762167275844,194.14638642737043,2.666739200000016
46.176,98.56937823982929,102.62919461367537,202.3241843053275,194.08354681377782,2.668623200000016
46.208,101.6099243357416,102.32341353029523,200.59948038615119,193.71991389489094,2.670507200000016
46.24,103.28307918156314,102.61131322567559,202.39847979627075,193.69627869162187,2.672454000000012
46.272,100.41830664211494,101.95341125060739,201.89523498525892,193.58583534241748,2.6744008000000083
46.304,101.63830399702675,101.85887907453319,203.25768084069048,193.79341463154267,2.6762848000000083
46.336,103.87833952366123,102.4647172092716,204.21762035675167,194.0857358939685,2.678231600000009
46.368,94.28791726969258,100.01167722739788,200.44043001119866,193.64148567857598,2.6801784000000097
46.4,99.66166397771339,99.90667325249254,201.01194600591245,193.43251997663583,2.6820624000000097
46.432,97.05648458245261,99.05161665148054,200.44861501646602,193.15941503916818,2.6839464000000097
46.464,103.79927282519961,100.47591350359625,201.76738962201767,193.1230029828428,2.6858932000000104
46.496,102.70619201153445,101.14499705597771,200.9115910123017,192.93828399864134,2.687840000000011
46.528,97.09084941308706,99.92875276311051,201.62499445239604,192.96755629530858,2.689724000000011
46.56,105.64457841220204,101.64350045783796,201.40567751944798,192.95183455980043,2.691608000000011
46.592,97.96701003492251,100.54055333096332,202.1054116444684,192.96274184285528,2.6936176000000125
46.624,102.959365625032,101.26619701918392,203.27094336050595,193.28549998850286,2.6955016000000125
46.656,99.48236905452524,100.7310486297863,203.47904571383134,193.5875057209553,2.6973856000000125
46.688,100.11581777561979,100.54647937353633,202.66293476361267,193.63570175902592,2.699332400000013
46.72,95.81209184215396,99.12616311412161,199.00791986231383,193.01362582909516,2.701279200000014
46.752,98.67705631801081,98.99143107528838,198.0204699035249,192.37685146505768,2.703163200000014
46.784,98.70848520576384,98.90654731443101,198.27903019677606,191.90213044677503,2.705047200000014
46.816,96.98524513146428,98.33015665954099,198.6658886911853,191.53191982082336,2.7069940000000146
46.848,110.00272775035455,101.83192798678505,201.710822151386,191.7798417790294,2.7089408000000152
46.88,97.81473956709831,100.62677146087903,201.64479972218447,192.02237394029606,2.7108248000000152
46.912,99.8008112749815,100.37898340510976,200.63001709797862,192.03733525306026,2.7127088000000152
46.944,101.92678525952567,100.84332396143454,202.38728076168218,192.2647822447915,2.7147184000000166
46.976,103.90583181871938,101.76207631861998,203.61085635340368,192.77539274761452,2.7166024000000166
47.008,99.73175842972353,101.15298095195104,203.1220116055647,193.1051043362902,2.7184864000000166
47.04,93.77346538563864,98.93912628205732,201.59730429080724,193.047737360235,2.7204332000000173
47.072,103.61435906984751,100.34169611839437,201.26597419379192,192.94078374079427,2.7223800000000136
47.104,104.81864562835601,101.68478097138285,202.808459557221,193.18380783036218,2.7242640000000136
47.136,101.72422800837238,101.6966150824797,204.1264802972526,193.62140363952645,2.7261480000000136
47.168,102.8578724552959,102.04499229432456,203.99812067514944,193.90512956727272,2.72809480000001
47.2,102.53876198203679,102.19312320063823,202.07596068149877,193.78959563055477,2.7300416000000105
47.232,100.61622170063558,101.72005275063742,200.9621393429316,193.54480751363985,2.7319256000000105
47.264,101.76543610582131,101.73366775719258,200.93820800913193,193.33999392507042,2.7338096000000105
47.296,100.83328721372666,101.4635535941528,202.01034810277463,193.26343906401928,2.735819200000012
47.328,103.16597756458951,101.97428078528381,202.60754667171693,193.41169861022377,2.737703200000012
47.36,96.20903481721756,100.24470699486392,200.90217718491328,193.22445591249982,2.739587200000012
47.392,104.10797967336694,101.4036887984148,201.9665480281676,193.2123187959868,2.7415340000000126
47.424,100.0711495544235,101.0039270252174,201.65305479566825,193.14563697212694,2.7434808000000133
47.456,98.01476980047141,100.1071798577936,201.8462887795644,193.17743261913054,2.7453648000000133
47.488,101.43115244729655,100.50437163464449,201.98608616533363,193.22877631218805,2.7472488000000133
47.52,106.27377633821587,102.23519304571589,203.91134008947847,193.5678597393549,2.749195600000014
47.552,99.39484540779426,101.3830887543394,202.9935846426515,193.67945845681308,2.7511424000000146
47.584,98.9767550082145,100.66118863050193,202.52225227184914,193.73698145360277,2.7530264000000146
47.616,105.1020266272122,101.993440029515,204.2933463524024,194.0532231976923,2.7549732000000153
47.648,92.24445810330481,99.06874545165194,199.44071876180004,193.43391245016605,2.756920000000016
47.68,103.75621048781409,100.47498496250057,200.93027243340168,193.2477342727585,2.758804000000016
47.712,103.78136432475121,101.46689877117576,202.2130125064843,193.32742664464152,2.760688000000016
47.744,98.87423666463077,100.68910013921226,202.5709774359699,193.40605230100567,2.7626348000000167
47.776,97.57268665697741,99.7541760945418,201.46434352783518,193.27014892462066,2.7645816000000174
47.808,100.31492590113722,99.92240103652043,200.3453678296055,193.0077452596708,2.7664656000000174
47.84,94.59158358796111,98.32315580195262,197.45559262522008,192.26979388187365,2.7683496000000174
47.872,100.67092144725495,99.02748549554332,198.03288641626472,191.66703189542545,2.770359200000014
47.904,99.02645583882068,99.02717659852652,198.18503196451238,191.30377300730316,2.772243200000014
47.936,96.13929839889065,98.16081313863575,196.38171624013464,190.67986741407174,2.774127200000014
47.968,100.31346366840947,98.80660829756785,197.51390571202947,190.3223773029888,2.77607400000001
48.0,104.41401325460984,100.48882978468043,198.88951859186292,190.27857452202986,2.778020800000011
48.032000000000004,103.13336198965891,101.28218944617397,201.20165487170948,190.71262420671587,2.779904800000011
48.064,94.99233990341635,99.39523458334669,199.02500861623776,190.67414442054204,2.781788800000011
48.096000000000004,101.62613288281005,100.06450407318569,201.73250003146234,191.08124523478455,2.7837356000000115
48.128,103.52912362464693,101.10388993862405,202.35149112248598,191.52669766203095,2.785682400000012
48.160000000000004,102.56713332604497,101.54286295485032,203.49984041266663,192.15080602917834,2.787566400000012
48.192,100.63875579446169,101.27163080673373,201.58801719776358,192.31591708830115,2.789450400000012
48.224000000000004,93.58553344268387,98.96580159751876,199.82296420751274,192.02880654347942,2.7914600000000136
48.256,96.64138945375788,98.26847795439049,198.20726702313044,191.6040918343003,2.7933440000000136
48.288000000000004,107.13772859633542,100.92925314697396,201.76032746568336,191.89934453256038,2.7952280000000136
48.32,101.78586612209901,101.18623703951147,201.22432783868726,191.99270927153336,2.7971748000000143
48.352000000000004,99.49721556586248,100.67953059741677,201.7960586722845,192.17265708366057,2.799121600000015
48.384,100.34521630971969,100.57923631110765,200.99765121473138,192.22695838193064,2.801005600000015
48.416000000000004,104.17560177588521,101.65814595054091,201.34837047262408,192.33491059352974,2.802889600000015
48.448,90.32420260065942,98.25796294557647,198.30907766350896,191.82178592917535,2.8048364000000157
48.480000000000004,104.26687501834522,100.06063656740709,200.18304305035377,191.74071862601633,2.8067832000000164
48.512,99.71063537201832,99.95563620879045,200.56533490462658,191.794951533931,2.8086672000000164
48.544000000000004,103.81527674530128,101.11352836974369,203.31159522069873,192.33643470609513,2.8105512000000163
48.576,96.32900158110196,99.67817033315117,202.85391779270265,192.59420558267902,2.8125608000000177
48.608000000000004,104.02550527435855,100.98237081551338,204.4354264344495,193.19443641429777,2.8144448000000177
48.64,93.96541429868657,98.87728386046533,200.09698857685325,192.90078049849012,2.8163288000000177
48.672000000000004,107.40394875790244,101.43528332969646,201.447206031037,192.853228217168,2.8182756000000184
48.704,97.39349630279497,100.22274722162601,201.00096627841944,192.73351449530742,2.820222400000019
48.736000000000004,101.77652138539167,100.68887947075571,201.32685392536706,192.7458868689535,2.822106400000019
48.768,97.63242591398492,99.77194340372446,201.92165542536011,192.86367746563448,2.8239904000000147
48.800000000000004,100.45629629300683,99.97724927050916,200.5241531884461,192.6557704726229,2.825937200000011
48.832,102.86780694783349,100.84441657370644,200.12981762041844,192.4141203712852,2.8278840000000116
48.864000000000004,99.45441559418794,100.42741627985087,200.14854495063238,192.27103129356968,2.8297680000000116
48.896,99.23462791425167,100.0695797701711,199.82317921574685,192.04351723811334,2.8317148000000123
48.928000000000004,99.4709918715427,99.89000340058257,200.99394862597887,192.06908901160799,2.833661600000013
48.96,98.00598796285755,99.32479876926506,202.77537300567485,192.46389909522586,2.835545600000013
48.992000000000004,100.28842837737554,99.61388765169819,203.1260619967258,192.85072337084375,2.837429600000013
49.024,98.29120313886376,99.21708229784787,201.46080428323683,192.8146925549261,2.8393764000000137
49.056000000000004,100.61276927904326,99.63578839220648,202.19419239614928,192.9179246511374,2.8413232000000144
49.088,92.27476626990664,97.42748175551652,199.47302311748535,192.56138048063423,2.8432072000000144
49.120000000000005,96.80684591851974,97.24129100441749,198.98876559601948,192.18172051130367,2.8450912000000144
49.152,107.48161926431699,100.31338948238732,202.24112224279406,192.3565798021243,2.8471008000000158
49.184,103.84120262060037,101.37173342385123,203.4634027859305,192.82388644651317,2.8489848000000157
49.216,105.64123858002559,102.65258497070351,204.02263437339207,193.30783127692777,2.8508688000000157
49.248,100.50063781831346,102.00700082498649,202.97210022820752,193.46260587367408,2.8528156000000164
49.28,97.83340184878384,100.75492113212569,201.562839627002,193.33429399025,2.854762400000017
49.312,103.1656684526227,101.47814532827478,203.9813186586161,193.7183782833282,2.856646400000017
49.344,94.83686288278813,99.48576059462879,202.3485597260447,193.73741896961783,2.858530400000017
49.376,96.93916349970368,98.72178146615124,200.12769929304153,193.2996097690229,2.860477200000018
49.408,102.67288977473062,99.90711395872505,201.47377168264828,193.18467869871063,2.8624240000000185
49.44,105.86430757483659,101.69427204355851,203.800849475058,193.56317851408488,2.8643080000000185
49.472,92.95801169741117,99.07339393971431,201.85673286026258,193.52129053328702,2.8661920000000185
49.504,106.43350698885698,101.2814278544571,204.20134624099308,193.80848664987775,2.86820160000002
49.536,97.69174769732774,100.20452380731828,202.16242762558707,193.77752849880866,2.87008560000002
49.568,101.04121070746896,100.45552987736347,199.3304353493296,193.23959013887017,2.87196960000002
49.6,98.69279697069908,99.92671000536416,198.75625695262875,192.64365906621094,2.873916400000016
49.632,103.18291268216439,100.90357080840421,200.08399539637196,192.39590739074342,2.8758632000000124
49.664,101.71301350107586,101.1464036162057,200.88892457856986,192.39012168810467,2.8777472000000124
49.696,98.53330863002085,100.36247512035024,200.59000227640462,192.33127899015165,2.8796312000000124
49.728,98.15836054670794,99.70124074825753,201.4223935825041,192.38231407369804,2.881578000000013
49.76,101.98997981135348,100.3878624671863,201.45215197250317,192.4294981286398,2.8835248000000138
49.792,90.03921558419506,97.28326840228893,199.8048593429853,192.22141947505696,2.8854088000000138
49.824,100.89581920848687,98.36703364414831,200.6111810066385,192.19694475549434,2.8872928000000138
49.856,101.10450524854025,99.18827512546589,199.27242524082396,191.83172172349546,2.889302400000015
49.888,100.58247989946773,99.60653655766644,198.19496817991586,191.44045281644213,2.891186400000015
49.92,107.10194459476011,101.85515896879454,201.2201249976078,191.66754846694366,2.893070400000015
49.952,99.75497194655699,101.22510286212326,202.50352544215352,192.03439930130668,2.895017200000016
49.984,100.68207772248243,101.06219532023101,201.9266940506423,192.23044600026924,2.8969640000000165
50.016,99.84123893377526,100.69590840429427,201.30284990909013,192.32952785286108,2.8988480000000165
50.048,99.10699875199975,100.21923550860592,201.82867512227023,192.50584919216215,2.9007320000000165
50.08,103.26118772996014,101.13182117501219,202.3321949251979,192.68995928322772,2.902678800000017
50.112,97.64088854306019,100.08454138542659,201.14360064929969,192.62561329858144,2.904625600000018
50.144,104.52183188920168,101.41572853655912,203.09227105177564,192.97705162869022,2.906509600000018
50.176,99.75337245941472,100.91702171341579,203.33983636626613,193.2582558451439,2.9084564000000186
50.208,97.73625837928822,99.96279271317752,201.3931800187417,193.13622284149355,2.9104032000000193
50.24,99.20211466813733,99.73458929966546,203.68831316129652,193.5031242536384,2.9122872000000193
50.272,99.73933181495416,99.73601205425206,202.41302319393537,193.5727931111711,2.9141712000000193
50.304,99.52284826688376,99.67206291804156,197.76967668031898,192.73798455429684,2.91611800000002
50.336,106.98622220822318,101.86631070509605,200.75461167416964,192.59454007819537,2.9180648000000207
50.368,102.94291989482667,102.18929346201524,202.6023599794555,192.86292989849883,2.9199488000000207
50.4,102.26644078659709,102.21243765938979,201.70262130632568,192.91989136730115,2.9218328000000207
50.432,102.08248377315579,102.1734514935196,203.3728666112605,193.21741984105807,2.923779600000017
50.464,103.70299820165926,102.63231550596149,202.97319507906235,193.38875684807624,2.925726400000013
50.496,106.15946842712782,103.69046138231138,202.64248143649723,193.52065729262642,2.927610400000013
50.528,96.43473464071712,101.5137433598331,200.8982037261116,193.26154080205157,2.929557200000014
50.56,106.29573593612861,102.94834113272175,201.52792927707898,193.16330250993232,2.9315040000000145
50.592,102.91470651852919,102.93825074846397,201.96691459539034,193.21373371113597,2.9333880000000145
50.624,101.08609533360642,102.38260412400669,201.76550971435293,193.2185832079158,2.9352720000000145
50.656,96.69976299569917,100.67775178551443,201.7069814128543,193.16052812464403,2.9372188000000152
50.688,101.56998736408659,100.94542245908607,202.85428604290058,193.32064015105703,2.939165600000016
50.72,103.86983204427416,101.82274533464249,202.59233861832536,193.45579382296717,2.941049600000016
50.752,101.48677278263159,101.72195356903921,202.3304236428773,193.51907905744454,2.942933600000016
50.784,103.31704528152369,102.20048108278455,202.40151866132868,193.48091113095302,2.9449432000000173
50.816,103.93183319887441,102.7198867176115,201.57901921428393,193.4036478627676,2.9468272000000173
50.848,104.75577227461532,103.33065238471265,204.00194443931207,193.778912492441,2.9487112000000173
50.88,105.85167038432267,104.08695778459565,201.86294320603292,193.64766789913102,2.950658000000018
50.912,97.22184057668915,102.0274226222237,201.0681315181431,193.3963193123767,2.9526048000000187
50.944,103.82316724499081,102.56614600905382,200.62357998961446,193.1614348299889,2.9544888000000187
50.976,103.28454118448957,102.78166456168454,200.6984919912556,192.98262274056756,2.9563728000000187
51.008,99.37136441906283,101.75857451889803,199.98203662722477,192.6550651996509,2.9583196000000194
51.04,96.86175564986797,100.289528858189,198.92446544178466,192.19537700504105,2.96026640000002
51.072,101.71560688102392,100.71735226503947,200.56384282566546,192.16704781476992,2.96215040000002
51.104,100.39602259203005,100.62095336313664,201.2475203821502,192.2675900744896,2.96403440000002
51.136,100.88534209275463,100.70026998202202,202.662818150041,192.50323309819115,2.9660440000000214
51.168,104.85748804200057,101.94743540001558,203.2577351769595,192.90677053519377,2.9679280000000214
51.2,98.52907204771596,100.92192639432568,202.28649181636948,193.06147606770602,2.9698120000000214
51.232,107.73992327708629,102.96732545915387,203.99507306907378,193.44599588396625,2.971758800000022
51.264,100.05222541000555,102.09279544440936,204.31189289840046,193.8182621710042,2.9737056000000184
51.296,100.31604127814876,101.55976919453119,202.9818925855062,193.9338557941913,2.9755896000000184
51.328,101.8335729636628,101.64191032527066,200.9603734467272,193.66263732370004,2.977473600000014
51.36,95.54944418573194,99.81417048340904,199.70961447180332,193.1626911023654,2.9794204000000146
51.392,101.32835122243662,100.26842470511731,201.63422126768302,193.1015829458828,2.9813672000000153
51.424,96.26378588296548,99.06703305847175,198.99543387772292,192.62535461653823,2.9832512000000153
51.456,106.86591189071358,101.4066967081443,202.49561714441134,192.81741353822292,2.985198000000016
51.488,103.58035757459747,102.05879496808024,201.74313262865482,192.83851244735584,2.9871448000000167
51.52,96.74453910952292,100.46451821051303,200.91980653973712,192.75820588863465,2.9890288000000167
51.552,101.43573207538594,100.7558823699749,199.67631931479065,192.46736652282883,2.9909128000000167
51.584,103.89658259677404,101.69809243801464,201.63256896307678,192.53181132254502,2.9928596000000174
51.616,101.74211935773894,101.71130051393192,200.96289801245214,192.46338299761942,2.994806400000018
51.648,103.90353786977835,102.36897172068585,202.06305026486808,192.65789820647817,2.996690400000018
51.68,106.34949412915729,103.56312844322727,203.5478569452735,193.08595296198672,2.998574400000018
51.712,96.6816071450935,101.49867205378713,204.97217404946292,193.64289536810625,3.0005212000000188
51.744,103.14299159368846,101.99196791575753,207.79499427436932,194.60995602287935,3.0024680000000195
51.776,106.97730266077647,103.4875683392632,207.45122391023187,195.39119288024386,3.0043520000000195
51.808,99.03741187521119,102.15252140004759,205.5973062306075,195.64403996534438,3.00629880000002
51.84,100.48840688834127,101.6532870465357,204.7268489174066,195.69357174865917,3.008245600000021
51.872,104.66052192135771,102.5554575089823,204.1269982203881,195.6770002746433,3.010129600000021
51.904,99.89156564265485,101.75628994908406,202.5158695943058,195.37181792268802,3.012013600000021
51.936,100.91296332228922,101.5032919610456,199.15517192113066,194.462161542203,3.0139604000000215
51.968,97.2689746458915,100.23299676649938,198.5743971110481,193.6120319078424,3.015907200000022
52.0,95.8354862766096,98.91374361953244,196.6222661469473,192.613876130333,3.017791200000022
52.032000000000004,105.5605899144454,100.90779750800633,200.38126582144616,192.47675365584385,3.019675200000022
52.064,101.15583011899608,100.98220729130324,200.1810135339946,192.22533812981177,3.0216848000000187
52.096000000000004,102.49486485703696,101.43600456102334,201.15097790699878,192.29785603966502,3.0235688000000187
52.128,96.27651393174727,99.88815737224051,201.50358871013668,192.42107006645,3.0254528000000187
52.160000000000004,97.79344850238502,99.25974471128386,201.36077507906435,192.4447003927106,3.027399600000015
52.192,100.5133788090094,99.63583494060151,200.37868984807787,192.2862987049012,3.0293464000000156
52.224000000000004,100.65418549923388,99.94134010819121,200.7434824638423,192.27402724077265,3.0312304000000156
52.256,99.90160940473083,99.9294208971531,201.50243912872867,192.401346149506,3.0331144000000156
52.288000000000004,105.58913532065648,101.6273352242041,201.47393450148138,192.4490280296296,3.0350612000000163
52.32,104.43842022372374,102.47066072406,201.94467524886701,192.57328251233588,3.037008000000017
52.352000000000004,97.70578040709216,101.04119662896964,199.99509971502786,192.37361227708087,3.038892000000017
52.384,94.62451155824081,99.11619110775098,198.6900495445708,191.9738710232726,3.040776000000017
52.416000000000004,98.97433618828501,99.07363463191118,198.27275672908826,191.46808626802144,3.0427856000000184
52.448,94.7669759615645,97.78163703080718,198.92897122850047,191.2754871997418,3.0446696000000184
52.480000000000004,99.56018285129699,98.31520077695411,197.40084757547686,190.84116150384452,3.0465536000000184
52.512,99.9219516868406,98.79722604992006,199.49492435845968,190.81303701080685,3.048500400000019
52.544000000000004,99.66117407626214,99.05641045782268,198.73932338322282,190.6532410841453,3.05044720000002
52.576,100.00455054577617,99.34085248420871,197.2158747851098,190.29806077236321,3.05233120000002
52.608000000000004,101.03381001982159,99.84873974489257,198.82908823394155,190.29915483472004,3.05421520000002
52.64,102.30376762016544,100.58524810747443,199.7213422252392,190.41011327116533,3.0561620000000205
52.672000000000004,103.44265733594423,101.44247087601536,201.34737855721113,190.79529703782714,3.058108800000021
52.704,106.63230797552245,102.99942200586749,203.19469446913683,191.49655644183494,3.059992800000021
52.736000000000004,101.85767882684846,102.65689905216178,200.96026355182505,191.61502984422094,3.061939600000022
52.768,104.8134113817373,103.30385275103443,201.2891172336524,191.77158155384856,3.0638864000000225
52.800000000000004,103.55391062317732,103.37887011267729,201.67678141910633,192.0213974029109,3.0657704000000225
52.832,97.58674188096352,101.64123164316315,199.88530120583903,191.9017437425739,3.0676544000000225
52.864000000000004,100.80876117279053,101.39149050205135,200.30491453854208,191.8282627102883,3.0696012000000232
52.896,99.88956106574685,100.94091167116,199.49050790019464,191.62067598641917,3.0715480000000195
52.928000000000004,106.74204563213495,102.68125185945247,203.6788577520544,192.26017620374034,3.0734320000000195
52.96,106.25781163509967,103.75421979214663,206.17379921295594,193.2355066705955,3.0753160000000195
52.992000000000004,98.09672905036433,102.05697256961193,205.19048505577774,193.80489397656444,3.0772628000000157
53.024,98.28319662340189,100.9248397857489,203.28636460246437,193.926582531142,3.0792096000000164
53.056000000000004,95.76201501093185,99.37599235330379,200.7170602765597,193.61264142462622,3.0810936000000164
53.088,104.9551705503701,101.04974581242367,203.55147443812803,193.8171114336353,3.083040400000017
53.120000000000005,106.73395905885917,102.75500978635431,203.08963901743778,193.90098181735524,3.084987200000018
53.152,98.89320680422219,101.59646889171466,201.4690083482739,193.7277751068022,3.086871200000018
53.184000000000005,105.17051594413725,102.66868300744143,203.30732737297862,193.91864955050448,3.088755200000018
53.216,101.0221436337871,102.17472119534511,200.83794671464335,193.57659108210856,3.0907020000000185
53.248000000000005,96.94759736620951,100.60658404660441,200.7124753574575,193.27373434206442,3.092648800000019
53.28,99.50308911544472,100.2755355672565,201.0066187995418,193.13036650612162,3.094532800000019
53.312,101.73207172414521,100.71249641432311,204.91840015623325,193.7209705865474,3.096416800000019
53.344,104.0495886377229,101.71362408134304,205.26255500742002,194.16410125710175,3.0984264000000206
53.376,100.52040071555732,101.35565707160733,202.9194750513597,194.2058014475947,3.1003104000000206
53.408,95.99388440473948,99.74712527154696,202.011661578366,194.07564202698546,3.1021944000000206
53.44,99.86358296624525,99.78206257995645,200.35100166135825,193.61703246754644,3.1041412000000213
53.472,103.00379856923047,100.74858337673865,205.22633430491547,194.12385317825468,3.106088000000022
53.504,102.05951596848521,101.14186315426261,204.08422805504176,194.38365556715172,3.107972000000022
53.536,108.46509220884465,103.33883187063722,207.72897018883302,195.25612362957438,3.109856000000022
53.568,107.02175702234388,104.4437094161492,209.38872300988137,196.219654918656,3.1118028000000226
53.6,100.68791206014896,103.31697020934914,207.3991609038291,196.64868364926733,3.1137496000000233
53.632,101.5374070822034,102.78310127120541,207.78023908224588,197.12046680543253,3.1156336000000233
53.664,99.2741048537682,101.73040234597424,205.06535935834063,197.0154719073761,3.1175176000000233
53.696,102.24979540029531,101.88622026227056,205.06390376590358,196.826350653634,3.1195272000000247
53.728,101.20584286744472,101.6821070438228,204.44429160967502,196.6621783298621,3.1214112000000247
53.76,100.1584770431597,101.22501804362386,205.25588641978248,196.6746174300259,3.1232952000000247
53.792,100.97723313702954,101.15068257164556,202.88016985165996,196.20337293873575,3.125242000000021
53.824,99.35851747254887,100.61303304191655,202.03663491913403,195.66474480368328,3.127188800000017
53.856,105.35080776724149,102.03436545951402,203.4836705621124,195.53695022917833,3.129072800000017
53.888,103.13284380658123,102.36390896363417,200.28946062593673,194.8541421021571,3.130956800000017
53.92,99.85604176076629,101.61154880277381,202.06973017940214,194.56571155198677,3.132903600000018
53.952,97.62849607608925,100.41663298476843,200.6433865321889,194.07132156189877,3.1348504000000186
53.984,106.57029419578365,102.26273134807299,200.59383381688377,193.7088793681996,3.1367344000000186
54.016,101.09685659746793,101.91296892289147,201.03749555448084,193.492339980819,3.1386184000000186
54.048,101.53113682000202,101.79841929202462,201.4890430107464,193.29385593777977,3.14062800000002
54.08,100.35224372919475,101.36456662317565,199.42611440766598,192.8607787797643,3.14251200000002
54.112,95.12217369783237,99.49184874557267,197.47705309902375,192.15331226161356,3.14439600000002
54.144,102.69240087260351,100.45201438368191,199.3419896372506,191.86001094139465,3.1463428000000206
54.176,95.29058097969448,98.90358436248569,199.71798067669067,191.68784987335732,3.1482896000000213
54.208,94.11165376930126,97.46600518453035,200.3195169829269,191.70715946165163,3.1501736000000213
54.24,100.84510581179445,98.47973537270957,199.18780405003687,191.51813683686942,3.1520576000000213
54.272,102.87002845408225,99.79682329712136,201.461394366215,191.7234076722399,3.154004400000022
54.304,98.74965191863761,99.48267188357623,201.94973563544022,191.9799135519784,3.1559512000000227
54.336,104.90911329404872,101.11060430671797,204.21533305305445,192.65149335852172,3.1578352000000227
54.368,95.2937006380799,99.36553320612654,201.84414340523642,192.72090610673035,3.1597820000000234
54.4,99.37699245433674,99.3689709805896,200.47804261624088,192.53049447565633,3.161728800000024
54.432,97.50058258321533,98.80845446137732,199.173796645933,192.1899149561507,3.163612800000024
54.464,92.15773211885859,96.8132377586217,197.41872167849652,191.59331527923672,3.165496800000024
54.496,101.75400995496847,98.29546941752571,198.62172061582214,191.27100511863858,3.167443600000025
54.528,106.73824132060044,100.82830098844812,199.4975134880383,191.16554862660558,3.1693904000000255
54.56,105.13565242082635,102.12050641816158,199.53109938322154,191.13669181700038,3.1712744000000255
54.592,98.70168723527507,101.09486066329563,197.24548786722795,190.6993680193913,3.1731584000000255
54.624,105.3097681678145,102.35933291465128,201.2137922840327,190.95658525681583,3.1751680000000175
54.656,93.2041659798617,99.61278283421439,200.97090714633157,191.22615192081938,3.1770520000000175
54.688,98.02129002698466,99.13533499204546,201.47428825508916,191.53803841769184,3.1789360000000175
54.72,101.53982585636487,99.85668225134128,200.73132164543824,191.60756577009212,3.180882800000018
54.752,96.85581443423877,98.95642190621052,199.77892309808854,191.4921270767576,3.182829600000019
54.784,96.81398841526396,98.31369185892655,199.15388916635106,191.33588626915022,3.184713600000019
54.816,98.3762355637198,98.33245497036452,198.67497572017874,191.12124251663582,3.186597600000019
54.848,96.14402166512657,97.67592497879313,197.4350122462194,190.66958508888186,3.1885444000000196
54.88,98.85358981879286,98.02922443079305,198.81802582610942,190.549998549625,3.1904912000000203
54.912,96.29402071602405,97.50866331636234,198.15318025125893,190.3831548375202,3.1923752000000203
54.944,102.27638278617346,98.93897915730567,200.90479053138867,190.74454403812913,3.1942592000000203
54.976,99.55997552196493,99.12527806670344,200.503072456479,190.864946007717,3.1962688000000217
55.008,97.21848645285465,98.5532405825488,198.2917735590678,190.6661826331056,3.1981528000000217
55.04,105.8581130440377,100.74470232099546,200.0698086914349,190.82521487081766,3.2000368000000217
55.072,103.92445950423837,101.69862947596832,202.33732115908717,191.31444342892036,3.2019836000000224
55.104,97.69263699556768,100.49683173184812,203.64574684192502,191.95194462878374,3.203930400000023
55.136,98.15801531640729,99.79518680721586,201.83250214955044,192.19730027479295,3.205814400000023
55.168,100.4010438084491,99.97694390758582,201.52166829736913,192.3419870051942,3.207698400000023
55.2,97.7110009924183,99.29716103303556,199.14417482653712,191.97873203707078,3.2096452000000237
55.232,98.81051864395295,99.15116831631077,197.4820371566998,191.38038253100865,3.2115920000000244
55.264,99.86850993383229,99.36637080156723,197.48640226893502,190.94255622777933,3.2134760000000244
55.296,103.02689804923503,100.46452897586757,198.7673475649546,190.81582330843636,3.2153600000000244
55.328,102.67433731520731,101.12747147766949,201.76110240079706,191.15102419788585,3.217369600000026
55.36,98.52570010451849,100.3469400657242,201.64168290936823,191.50680664174055,3.219253600000026
55.392,98.95745268546166,99.93009385164542,201.3154896245366,191.73915317517057,3.221137600000026
55.424,109.49448044775616,102.79940983047862,204.1100186656139,192.38381501264033,3.223084400000022
55.456,105.01069867473743,103.46279648375625,204.1917438899743,192.9265867234858,3.2250312000000183
55.488,103.37346579641402,103.43599727755357,202.01076956341655,193.0278005333075,3.2269152000000183
55.52,101.96611657028458,102.99503306537287,201.52584208935846,193.02292422881888,3.2287992000000183
55.552,97.14539765688552,101.24014244282665,200.8391899310144,192.84321483453238,3.230746000000019
55.584,101.45254911791642,101.30386444535358,199.68292989445993,192.48675220324085,3.2326928000000197
55.616,97.89978819715407,100.28264157089372,198.38165687128122,192.01071459752728,3.2345768000000197
55.648,106.06687211230921,102.01791073331836,200.23903537316116,191.90558614651417,3.2365236000000204
55.68,104.3021417775314,102.70318004658226,202.40408957789975,192.21135510893663,3.238470400000021
55.712,102.61036607558887,102.67533585528425,203.0287328370022,192.626272882054,3.240354400000021
55.744,100.83175044501009,102.122260232202,201.590444292567,192.70576492168883,3.242238400000021
55.776,97.42501667653417,100.71308716550163,200.35105827507812,192.49510995757538,3.2441852000000218
55.808,99.022167180801,100.20581117009144,200.7389309787508,192.39278701244723,3.2461320000000224
55.84,101.37709174618863,100.5571953429206,200.24013130983957,192.27013612280132,3.2480160000000224
55.872,91.879734082481,97.9539569647887,198.80747502726118,191.91037751577468,3.2499000000000224
55.904,95.64986897176622,97.26273056688196,198.08025927642078,191.38124336735515,3.251909600000024
55.936,100.65753596008472,98.28117218484279,199.7927100576028,191.36069722751782,3.253793600000024
55.968,100.99387055639838,99.09498169630946,201.28199504380302,191.61342676567122,3.255677600000024
56.0,103.42753254892918,100.39474695209537,200.42142951852128,191.61321931053035,3.2576244000000245
56.032000000000004,93.53475139675943,98.3367482854946,198.75752758331816,191.31188729306731,3.259571200000025
56.064,97.32292817287083,98.03260225170746,197.53755546418904,190.89571705861158,3.261455200000025
56.096000000000004,101.28229651815838,99.00751053164274,198.76435716274617,190.77692065701103,3.263339200000025
56.128,95.5441359382654,97.96849815362953,199.74880803169827,190.80637591074697,3.265286000000026
56.160000000000004,101.45478148409731,99.01438315276985,198.98347413373557,190.69197630512514,3.2672328000000266
56.192,99.61391056938184,99.19424137775344,198.7226348889298,190.60250484531133,3.2691168000000266
56.224000000000004,102.20017162512214,100.09602045196405,202.08107907393173,191.13709754025152,3.2710008000000266
56.256,101.22347560731586,100.4342569985696,203.3173235067144,191.69582074189105,3.273010400000023
56.288000000000004,98.60478003584973,99.88541390975362,204.10590333491433,192.39901413358885,3.274894400000023
56.32,101.38865185741079,100.33638529405076,201.88918302136508,192.5737104081488,3.276778400000023
56.352000000000004,103.40421446250733,101.25673404458772,204.21034812688356,193.08547884538785,3.2787252000000193
56.384,104.2460682299942,102.15353430020964,203.91954742435001,193.45198426477734,3.28067200000002
56.416000000000004,103.36225939096497,102.51615182743623,202.91052431827075,193.62095579901128,3.28255600000002
56.448,96.47920261839917,100.70506706472511,202.28714268377627,193.64651338074535,3.28444000000002
56.480000000000004,97.18694731050613,99.64963113845941,199.42953655932263,193.09879214753246,3.2863868000000207
56.512,102.57352163178874,100.5267982864582,200.70786401350705,192.88158118430073,3.2883336000000214
56.544000000000004,97.52362704805638,99.62584691493765,200.42599198925353,192.70410008609383,3.2902176000000214
56.576,105.83872581529025,101.48971058504341,201.353886506463,192.7266892245697,3.2921016000000214
56.608000000000004,102.71379092173756,101.85693468605164,202.95701382051436,192.93248512867265,3.2941112000000228
56.64,91.12841397086643,98.63837847149608,200.3849530213902,192.7383625920663,3.2959952000000228
56.672000000000004,99.13071649140028,98.78607987746733,201.56924159289193,192.79372903712292,3.2978792000000228
56.704,95.3100551049819,97.7432724457217,198.85139002538386,192.29571656427993,3.2998260000000235
56.736000000000004,100.01401573268747,98.42449543181142,199.2359394636486,191.95744560190622,3.301772800000024
56.768,97.77092106362447,98.22842312135533,201.23763503961143,192.09413611834347,3.303656800000024
56.800000000000004,101.09526717622103,99.08847633781504,201.21776343450944,192.20248928024256,3.305540800000024
56.832,102.53232154650208,100.12162990042114,201.1770047419572,192.2324202111929,3.307487600000025
56.864000000000004,102.462032614027,100.82375071450289,202.4019499516096,192.47864575389758,3.3094344000000255
56.896,101.0027356439526,100.8774461933378,203.18549296483206,192.87355777836746,3.3113184000000255
56.928000000000004,98.33889873034222,100.11588195443912,202.5769532584164,193.03541417949072,3.3132652000000262
56.96,102.30470318517936,100.77252832366118,202.52476531015384,193.15852908582704,3.315212000000027
56.992000000000004,100.47368760677362,100.68287610859491,201.93889660773868,193.20475307885147,3.317096000000027
57.024,107.22602318280795,102.64582023085882,203.96776722704547,193.6098311792457,3.318980000000027
57.056000000000004,101.49241335262724,102.29979816738934,203.43468148137958,193.79367060103803,3.3209268000000276
57.088,106.48640204042306,103.55577932929944,202.47478960089452,193.77049750224222,3.322873600000024
57.120000000000005,99.07490990799636,102.2115185029085,199.84901607847797,193.32769355715817,3.324757600000024
57.152,108.44992459865847,104.0830403316335,202.85086442069803,193.50836310723636,3.326641600000024
57.184000000000005,101.05782310481108,103.17547516358677,204.36112647507366,193.82681888069087,3.3286512000000203
57.216,98.11003508557164,101.65584314018223,201.77481567998115,193.72238584350757,3.3305352000000203
57.248000000000005,100.16436656151899,101.20840016658326,201.0605990085428,193.5075834854082,3.3324192000000203
57.28,100.34239697892846,100.9485992102868,200.19336473936664,193.12325921815855,3.334366000000021
57.312000000000005,101.79585810119255,101.20277687755852,201.35933158498221,193.0195337858681,3.3363128000000217
57.344,102.10537530662678,101.47355640627899,202.58521920561876,193.2078983648622,3.3381968000000217
57.376,99.2101867511141,100.7945455097295,202.78515749008125,193.39835775575557,3.3400808000000217
57.408,102.25917593868735,101.23393463841686,203.5124214594711,193.6345440837934,3.3420276000000224
57.44,102.63159023994662,101.65323131887577,205.18903478545892,194.13144411528626,3.343974400000023
57.472,100.70326257594908,101.36824069599776,203.89503735514978,194.3556295174097,3.345858400000023
57.504,99.0213004331521,100.66415861714405,202.9754916957946,194.37280244252528,3.347742400000023
57.536,107.21577827383511,102.62964451415135,205.08234791402947,194.66533613300538,3.3497520000000245
57.568,103.89512596647288,103.0092889498478,205.60890157439763,195.10309356833315,3.3516360000000245
57.6,101.05191573983234,102.42207698684315,205.01815865073786,195.3546949971586,3.3535200000000245
57.632,106.73427293175726,103.71573577031738,206.14081031774873,195.7125209960702,3.355466800000025
57.664,99.47139754256119,102.44243430199052,204.92439055361965,195.7854124279299,3.357413600000026
57.696,99.47633641989215,101.552604937361,204.0914020274845,195.7457751970596,3.359297600000026
57.728,101.48091696585017,101.53109854590774,204.15168208088966,195.72422274609113,3.361181600000026
57.76,95.62223041219727,99.7584381057946,201.9622832711206,195.2588621406454,3.3631284000000266
57.792,102.89621493836161,100.69977115556469,202.8972433096451,195.04695608835203,3.3650752000000272
57.824,102.61733845166657,101.27504134439525,203.20715500109037,194.9809311058336,3.3669592000000272
57.856,104.24384351800475,102.16568199647809,202.42832994891847,194.7858910838534,3.3688432000000272
57.888,101.16589058968486,101.86574457444011,202.64987541697053,194.56338528683955,3.3708528000000286
57.92,105.70606087108192,103.01783946343264,203.7829346454465,194.68910009980692,3.3727368000000286
57.952,98.35620710291222,101.61934975527652,201.62308056274196,194.40113262819136,3.374620800000024
57.984,96.03834604852429,99.94504864325084,199.27088717782522,193.68811204497,3.3765676000000204
58.016,105.41064591084375,101.58472782352871,202.49059465898674,193.68690545843208,3.378514400000021
58.048,98.36308836320882,100.61823598543273,203.35863221818153,193.89446325617988,3.380398400000021
58.08,108.6847783491394,103.03819869454472,206.29137700875026,194.5952731205142,3.382282400000021
58.112,106.52757486754405,104.08501154644452,206.13398960327078,195.08931805762415,3.384229200000022
58.144,102.33613912978433,103.56034982144645,205.74369392007867,195.42329954232534,3.3861760000000225
58.176,107.07918364250506,104.61599996776403,205.54692474333723,195.71264983380922,3.3880600000000225
58.208,105.19200479769266,104.78880141674261,207.0149516073044,196.16390429664278,3.390006800000023
58.24,97.44412630880791,102.5853988843622,204.2513248781702,196.03327326099657,3.391953600000024
58.272,103.41099930886237,102.83307901171224,204.42545516347218,196.0092366225449,3.393837600000024
58.304,93.10464623305947,99.9145491781164,202.17344143202087,195.58194167252617,3.395721600000024
58.336,100.1169280334667,99.97526283472149,200.8163158735789,194.93491633918825,3.3976684000000246
58.368,102.75718219179791,100.80983864184441,201.34796392733048,194.50122795687204,3.3996152000000253
58.4,100.20797961691144,100.62928093436452,200.70689345659576,194.08143728865147,3.4014992000000253
58.432,98.42136494705038,99.96690613817026,199.96709562498745,193.6037261199004,3.4033832000000253
58.464,94.6936922847933,98.38494198215716,198.1992843005812,192.84107667597956,3.405330000000026
58.496,100.61182214071496,99.05300602972449,198.7032336430073,192.3076784616248,3.4072768000000266
58.528,102.71935464386772,100.15291061396745,199.98628675817656,192.15448677557063,3.4091608000000266
58.56,102.26925057672847,100.78781260279575,201.8540932280616,192.3156573721314,3.4111076000000273
58.592,101.05094509287952,100.86675234982087,202.04427836170532,192.48207952772825,3.413054400000028
58.624,101.36148107318826,101.01517096683108,202.03974361274248,192.66899226508872,3.414938400000028
58.656,102.5292237691402,101.4693868075238,205.43604828458123,193.43679695897833,3.416822400000028
58.688,100.12905384777136,101.06728691959808,204.35906060978832,193.8192654669802,3.4187692000000287
58.72,100.42925169177269,100.87587635125044,204.27215158162636,194.11677780854944,3.4207160000000294
58.752,103.65859894691116,101.71069312994865,205.49448687360575,194.63311415979445,3.4226000000000294
58.784,106.5634979638524,103.16653458011976,205.88717839084316,195.1270711036602,3.4244840000000294
58.816,101.09303609279576,102.54448503392254,202.86199856891068,194.88120633460892,3.4264936000000215
58.848,104.2959784629244,103.0699330626231,204.75292130002225,195.1249615000957,3.4283776000000215
58.88,94.8524209314572,100.60467942327332,199.6995485618153,194.40994969203055,3.4302616000000214
58.912,93.74631592265845,98.54717037308885,197.81302564895765,193.43146393200234,3.432208400000022
58.944,107.11463187703652,101.11740882427313,200.9605897577345,193.1997829343587,3.434155200000023
58.976,106.40963793083156,102.70507755624065,202.9720484897968,193.42553800402808,3.436039200000023
59.008,94.96866112040907,100.38415262549117,200.84574215520462,193.22557581046135,3.437923200000023
59.04,98.81754147603647,99.91416928065476,199.48130600864977,192.76341337190271,3.4398700000000235
59.072,104.14606541038893,101.18373811957501,199.0039395772714,192.2984990484648,3.441816800000024
59.104,100.06729244892273,100.84880441837933,197.4348229325459,191.68516020788314,3.443700800000024
59.136,97.91963648600363,99.97005403866662,197.2422452267054,191.14797808601367,3.445584800000024
59.168,102.87016265341302,100.84008662309054,198.01354829792456,190.74476181669408,3.4475944000000256
59.2,103.52871471241019,101.64667504988643,199.29573850381206,190.74946663924834,3.4494784000000256
59.232,96.61911030052079,100.13840562507673,198.76839214338003,190.6578715212007,3.4513624000000256
59.264,102.81427550910838,100.94116659028622,199.47243471104906,190.65885148883692,3.4533092000000263
59.296,95.25439240628478,99.23513433508577,196.81197422567948,190.17811735501868,3.455256000000027
59.328,107.21504947558273,101.62910887723486,198.9163405619696,190.21671333187246,3.457140000000027
59.36,101.91361162175005,101.7144597005894,197.825942489746,190.05096419430353,3.459024000000027
59.392,104.47608509635795,102.54294731931996,201.18713128825715,190.47214869341298,3.4609708000000277
59.424,102.06591730498513,102.39983831501951,200.01627864852145,190.60517843070735,3.4629176000000284
59.456,99.7085044459661,101.59243815430347,201.0497118152162,190.95261230512017,3.4648016000000283
59.488,100.5088532967824,101.26736269704713,200.58179766282962,191.1010368587034,3.466748400000029
59.52,95.79535042502303,99.62575901543988,199.04403866066463,190.94426638320863,3.4686952000000297
59.552,100.1604274199467,99.78615953679193,198.2513119925219,190.7238227750553,3.4705792000000297
59.584,100.0087969262562,99.8529507536312,198.44592632455,190.57850362158598,3.4724632000000297
59.616,100.90957126166015,100.16993690603988,198.99284262098462,190.50704400634325,3.474410000000026
59.648,93.34980616656074,98.12389768419612,197.72385008858427,190.21883391205102,3.4763568000000222
59.68,97.00225973196204,97.7874062985259,196.47865450719527,189.80884518138657,3.4782408000000222
59.712,107.87129180309222,100.81257194989578,200.4570661466532,190.1931460012279,3.4801248000000222
59.744,97.84636074929843,99.92270858971656,200.40401627997636,190.44685407853282,3.482071600000023
59.776,97.69514617431099,99.25443986509488,198.96198599961036,190.39363773138004,3.4840184000000236
59.808,94.31791509431059,97.7734824338596,198.81728615171528,190.37529645438556,3.4859024000000236
59.84,93.81255685469377,96.58520476010983,199.90805095469042,190.50626726265781,3.4878492000000243
59.872,98.87049780209782,97.27079267270622,198.8477330814454,190.42161778299845,3.489796000000025
59.904,106.57144043811815,100.0609870023298,202.33235223770788,191.03443040382868,3.491680000000025
59.936,100.16942851690942,100.09351945670367,200.3051254101066,191.16940245179575,3.493564000000025
59.968,107.14678227822914,102.2094983031613,202.4128355239473,191.61000182612656,3.4955108000000257
60.0,94.9953077770246,100.04524114532029,199.49228846087226,191.44224205639946,3.4974576000000264
60.032000000000004,100.52417213511225,100.18892044225787,199.74903872993985,191.4027509039129,3.4993416000000264
60.064,93.4274439129569,98.16047748346757,196.64575306760173,190.80872056656975,3.5012256000000264
60.096000000000004,95.44374324064843,97.34545721062183,197.13831754265703,190.3084944748411,3.5032352000000277
60.128,107.7151763884448,100.4563729639687,201.26260991762422,190.74816143417667,3.5051192000000277
60.160000000000004,104.56880015238916,101.69010112049483,201.27508530886513,191.11050778235926,3.5070032000000277
60.192,99.56248692390196,101.05181686151695,201.0507680708683,191.3152361245942,3.5089500000000284
60.224000000000004,101.73035417552455,101.25537805571923,199.50092084845755,191.2023906542711,3.510896800000029
60.256,97.36684318000229,100.08881759300415,199.97766888460458,191.2476934981799,3.512780800000029
60.288000000000004,94.92312523271022,98.53910988491596,198.40241612537545,190.9996798091785,3.514664800000029
60.32,99.60552717941638,98.85903507326609,200.3450608730855,191.0967364915687,3.51661160000003
60.352000000000004,104.77716840100913,100.63447507158898,200.96549730083075,191.28852360592043,3.5185584000000305
60.384,102.47016987083785,101.18518351136365,201.43922154604405,191.58277399583798,3.5204424000000305
60.416000000000004,98.71629035374161,100.44451556407702,199.3990642983527,191.45450241036843,3.5223264000000305
60.448,100.65767268517402,100.50846270040611,201.22763451149052,191.57754761021403,3.524336000000027
60.480000000000004,101.73055389271204,100.87509005809788,202.71459209671855,192.05032427141296,3.526220000000027
60.512,101.6714639919347,101.11400223824893,201.85301937577003,192.28158701374454,3.5281040000000226
60.544000000000004,103.26870534358065,101.76041316984843,200.78588013642803,192.22640887104478,3.5300508000000232
60.576,93.94227083007013,99.41497046791494,199.74040226520611,191.99198894092993,3.531997600000024
60.608000000000004,101.87446690262671,100.15281939832846,202.21359726781805,192.29907393445677,3.533881600000024
60.64,98.65636013154788,99.70388161829429,200.9182677303251,192.3161258839995,3.535765600000024
60.672000000000004,100.31787542946749,99.88807976164625,201.97374536076006,192.4696969423989,3.5377124000000246
60.704,95.41842537967915,98.54718344705611,199.749982424079,192.1929764614915,3.5396592000000253
60.736000000000004,99.22290332088468,98.74989940920469,199.414136663006,191.9569878081732,3.5415432000000253
60.768,98.97421577784132,98.81719431979568,198.995994680462,191.63659649916525,3.543490000000026
60.800000000000004,102.89591392519972,100.04081020141687,200.4219112067945,191.6322825642777,3.5454368000000267
60.832,100.1066919545909,100.06057472736907,199.10292543698415,191.44144965383765,3.5473208000000267
60.864000000000004,100.98265857723973,100.33719988233027,199.79591169338147,191.41058581402643,3.5492048000000267
60.896,98.7028071724236,99.84688206935827,198.6515135788952,191.12674168428154,3.5511516000000274
60.928000000000004,103.30507131142298,100.88433884197768,200.39897963433776,191.21055964501392,3.553098400000028
60.96,94.83262128071273,99.0688235735982,199.26542993695642,191.12547044414455,3.554982400000028
60.992000000000004,101.58614216624456,99.8240191513921,199.5085374209952,191.09978402682887,3.556866400000028
61.024,104.4652569004027,101.21639047609527,201.27225599912208,191.34654210618416,3.5588132000000288
61.056000000000004,107.9629086093497,103.24034591607159,202.0171811834153,191.68346719230388,3.5607600000000295
61.088,102.87945795599946,103.13207952804996,202.5447392513313,192.10632973013477,3.5626440000000295
61.120000000000005,105.4658825631532,103.83222043858092,203.9258441434978,192.65119839417784,3.56459080000003
61.152,103.23152200881708,103.65201090965176,206.70871578921248,193.60114003069742,3.566537600000031
61.184000000000005,101.789919002049,103.09338333737094,205.61401506511328,194.2324398423719,3.568421600000031
61.216,101.36554588467384,102.57503210156179,202.90731196978993,194.25956943142094,3.570305600000031
61.248000000000005,101.29924935618902,102.19229727794995,201.8738784044096,194.04330637153103,3.5722524000000315
61.28,104.19654472757679,102.793571512838,201.43823307265694,193.7873356661681,3.5741992000000278
61.312000000000005,94.16136063446916,100.20390824932736,199.22913085378806,193.2292863716434,3.5760832000000278
61.344,103.39031973916349,101.15983169627819,201.0569611236351,193.1030753432095,3.5779672000000278
61.376000000000005,104.05780116009117,102.02922253542208,201.79152401064533,193.02979553979208,3.5799768000000243
61.408,103.34672036789362,102.42447188516354,201.43340421302622,193.00782711842274,3.5818608000000243
61.44,106.40444019240323,103.61846237733545,201.0610824976098,192.92244562236186,3.5837448000000243
61.472,96.98291207363349,101.62779728622486,199.13305423080942,192.45211628830359,3.585691600000025
61.504,104.60296684318206,102.52034815331201,202.06855222260572,192.59823322796527,3.5876384000000257
61.536,105.76885455246472,103.4949000730578,202.19140409032792,192.79157260369996,3.5895224000000256
61.568,100.75668102096017,102.6734343574285,201.69741681793997,192.86050756590282,3.5914064000000256
61.6,100.06909128893949,101.89213143688178,202.6615887668209,193.04004483950257,3.5933532000000263
61.632,98.78735613930989,100.96069884761022,200.51677011587444,192.79887947277516,3.595300000000027
61.664,108.73862265263628,103.29407598911803,202.69598347356876,193.04722999050858,3.597184000000027
61.696,102.14986063002601,102.95081138139042,200.54240655830137,192.86083761784968,3.599068000000027
61.728,107.60929278336104,104.3483558019816,201.64224695992363,192.80438346529112,3.6010776000000284
61.76,97.60636738177587,102.32575927591986,199.43431697099663,192.4613842507537,3.6029616000000284
61.792,100.25778623670982,101.70536736415684,200.82266945286406,192.43175538639386,3.6048456000000284
61.824,100.98297419628847,101.48864941379632,201.91852866225838,192.55440370742426,3.606792400000029
61.856,101.8958407131993,101.61080680361721,202.96008026598082,192.84337123677872,3.60873920000003
61.888,104.95352886212507,102.61362342116956,203.9416341186352,193.30912852400863,3.61062320000003
61.92,103.4196781735346,102.85543984687907,201.90986826328654,193.32284033521438,3.61250720000003
61.952,102.17334903807496,102.65081260423781,203.03196351481182,193.4857334357078,3.6144540000000305
61.984,103.00560020211269,102.75724888360027,201.88808536930588,193.4121041913702,3.616400800000031
62.016,111.15417600001263,105.27632701852397,206.3240227300422,194.20612864087454,3.618284800000031
62.048,96.64920367347425,102.68819001500906,203.91630721646436,194.4206461216376,3.620168800000031
62.08,101.68232140785639,102.38642943286325,203.54069317657007,194.42548455272257,3.6221784000000277
62.112,106.77919223434742,103.7042582733085,205.28360820771243,194.84777723725458,3.6240624000000277
62.144,101.30011354221526,102.9830148539805,203.32171772288171,194.8385386989725,3.6259464000000277
62.176,100.87423110465494,102.35037972918283,203.0728770536668,194.73449941480385,3.627893200000024
62.208,103.64297673555593,102.73815883109475,201.865366026521,194.4307344901242,3.6298400000000246
62.24,100.7125604227806,102.1304793086005,202.23188838743476,194.2997232529657,3.6317240000000246
62.272,97.46735485496583,100.73154197251009,201.99588024104054,194.14970783642346,3.6336080000000246
62.304,97.86595943622675,99.87186721162507,203.21838379732085,194.19668158349432,3.6355548000000253
62.336,99.10200082524744,99.64090729571177,204.57461373761916,194.48062744466299,3.637501600000026
62.368,101.83121132552432,100.29799850465554,203.76897247811075,194.61879410364196,3.639385600000026
62.4,100.74026009530945,100.4306769818517,203.09186605897008,194.55796500731594,3.6413324000000267
62.432,92.91645398466639,98.1764100826961,199.88890313574214,193.92841750462236,3.6432792000000274
62.464,104.9082889830573,100.19597375280445,200.89305327116378,193.64599856669838,3.6451632000000274
62.496,106.18617077774236,101.99303286028582,201.09597827806414,193.45142567545687,3.6470472000000274
62.528,98.24662903375169,100.86911171232558,202.2504934016261,193.44960100271334,3.648994000000028
62.56,97.9636989054374,99.99748787025912,201.51239770177108,193.31451310559393,3.6509408000000287
62.592,101.10662191435911,100.33022808348912,203.58811814079002,193.63100937397869,3.6528248000000287
62.624,102.76207152436893,101.05978111575305,204.75818376076717,194.10199957168166,3.6547088000000287
62.656,105.10162066844333,102.27233298156014,204.2201633058393,194.28749463881,3.65671840000003
62.688,98.20240435622227,101.05135439395877,202.99070088287328,194.31975263248853,3.65860240000003
62.72,106.29705320090093,102.62506403604141,205.61872301551028,194.82183747815387,3.66048640000003
62.752,102.33477147747169,102.53797626847049,205.48576015696264,195.1575469128667,3.662433200000031
62.784,100.39797566679479,101.89597608796777,202.59178226598192,194.9086909757268,3.6643800000000315
62.816,93.38314740994035,99.34212748455954,200.54761375643562,194.38632128518103,3.6662640000000315
62.848,104.19989196210884,100.79945682782432,200.84621829633528,194.01254588810878,3.6681480000000315
62.88,99.2149056404668,100.32409147161705,199.6007141169373,193.42955639370817,3.670094800000032
62.912,100.87784030225696,100.49021612080902,199.23223105687845,192.88539203032204,3.672041600000033
62.944,94.70559393445541,98.75482946490294,198.34026394001827,192.3297095899638,3.673925600000033
62.976,99.63842276118439,99.01990745378737,197.9860123743136,191.81048563684294,3.675809600000033
63.008,98.86401371332295,98.97313933164803,199.93257788228314,191.63469672990357,3.677819200000025
63.04,100.45087663221055,99.41646052181677,199.07701188091795,191.43873657230466,3.679703200000025
63.072,103.23275508284713,100.56134889012588,200.56213453378325,191.54704822157586,3.681587200000025
63.104,98.96353748237587,100.08200546780087,200.27450895915595,191.53226286202565,3.6835340000000256
63.136,105.83864366444803,101.808996926795,201.925657521139,191.81900739813307,3.6854808000000263
63.168,106.64200944850754,103.25890068330875,201.86777230041076,192.09480816176685,3.6873648000000263
63.2,101.2365048186465,102.65218192391006,201.63785677754677,192.27907553555303,3.6892488000000263
63.232,97.79894259703894,101.19621012584872,200.56600180409515,192.1845545329706,3.691195600000027
63.264,106.55953724304922,102.80520826100887,201.77128354544124,192.32529459367905,3.6931424000000277
63.296,103.49994286949311,103.01362864355414,203.46720067022056,192.7989511905811,3.6950264000000277
63.328,106.1807652689821,103.96376963118252,203.58125568823056,193.20752079624052,3.6969104000000277
63.36,100.01423807123287,102.77891016319762,203.62852575150941,193.44782937104895,3.698920000000029
63.392,100.81783978470133,102.19058904964872,204.4788727230291,193.90142009058502,3.700804000000029
63.424,99.81178970501131,101.47694924625749,202.96707754738205,193.99928085214285,3.702688000000029
63.456,98.553729732802,100.59998339222085,201.99596404865719,193.85222657552555,3.7046348000000298
63.488,98.19340057026291,99.87800854563346,200.09466786691323,193.38765887789316,3.7065816000000305
63.52,97.87021593123933,99.27567076131523,198.48015535894046,192.76638738638647,3.7084656000000304
63.552,93.82299458784796,97.63986790927504,196.1343875751864,191.83298635580132,3.7103496000000304
63.584,97.58337272503336,97.62291935400253,197.5340902280146,191.2704379319172,3.712296400000031
63.616,99.06205187698285,98.05465911089662,198.11063120446414,190.9140618559202,3.714243200000032
63.648,105.17606902797456,100.19108208602,200.4656661596887,191.0998777879494,3.716127200000032
63.68,102.07218241160723,100.75541218369617,197.59346218250175,190.68076636725186,3.7180740000000325
63.712,106.05068445259145,102.34399386436475,203.032040480464,191.3218822141741,3.720020800000033
63.744,102.86629929306326,102.5006854929743,203.33269667224133,191.9528090666553,3.721904800000033
63.776,98.74132605808221,101.37287766250665,201.41221077190642,192.12193655771395,3.723788800000033
63.808,100.54691090037525,101.12508763386722,201.3523828373061,192.19819033005606,3.7257356000000295
63.84,105.47436665618835,102.42987134056355,203.73379846704603,192.69167266431822,3.7276824000000257
63.872,97.94074702418425,101.08313404564974,199.57708759996464,192.3949149530702,3.7295664000000257
63.904,98.84508898440828,100.4117205272773,200.75434040145234,192.36494947791186,3.7314504000000257
63.936,106.44606174815333,102.2220228935401,203.0162733340591,192.64694520084316,3.733460000000027
63.968,97.8935947991582,100.92349446522553,202.5462626923905,192.89569635489678,3.735344000000027
64.0,103.8524780889937,101.80218955235597,202.9087103534505,193.16502629388967,3.737228000000027
64.032,104.78179912451242,102.69607242400289,202.93564144019533,193.33904928739125,3.7391748000000278
64.06400000000001,100.69487603550584,102.09571350745377,203.58843289692953,193.59972818176422,3.7411216000000285
64.096,106.20235523917802,103.32770602697104,203.69826904261322,193.88453827007785,3.7430056000000285
64.128,101.73939927565513,102.85121400157627,203.50947667204207,194.0836274914562,3.7448896000000285
64.16,97.30174759319556,101.18637407906203,202.72517292201425,194.053291675056,3.746836400000029
64.19200000000001,92.51450856109473,98.58481442367183,199.3963295660718,193.42593419929202,3.74878320000003
64.224,101.55630180341367,99.47626063759438,200.60895089765467,193.18304166678817,3.75066720000003
64.256,103.8072021600791,100.7755430943398,201.6422523160112,193.1711370647586,3.75255120000003
64.288,105.40795744152689,102.16526739849591,202.0586548790186,193.13388828171267,3.7545608000000312
64.32000000000001,97.56310409525003,100.78461840752215,200.03865197526102,192.84063264751336,3.7564448000000312
64.352,95.0986477302514,99.07882720434091,198.7735925226047,192.37148293961073,3.7583288000000312
64.384,98.07746817373256,98.7784194951584,198.65695348878984,191.91470343059996,3.760275600000032
64.416,95.35542497758405,97.7515211398861,197.77256019470266,191.38052689021285,3.7622224000000326
64.44800000000001,96.46950813308008,97.36691723784429,197.62695512930804,190.96811417641806,3.7641064000000326
64.48,101.09905726852924,98.48655924704977,199.548944571554,190.97822244586015,3.7659904000000326
64.512,105.06358435199436,100.45966677853313,201.78741421960365,191.34022522538805,3.7679372000000333
64.544,103.9327156753573,101.50158144758038,201.9101555115323,191.658922270842,3.769884000000034
64.57600000000001,106.56013310746224,103.01914694554493,205.8818346901122,192.69023335153565,3.771768000000034
64.608,103.76570208628608,103.24311348776727,206.09951766231046,193.57427976855467,3.773652000000034
64.64,94.88205183646575,100.73479499237682,202.98496524905403,193.63172303168537,3.775661600000026
64.672,106.23441159186417,102.38467997222303,203.3713664223106,193.8515735706738,3.777545600000026
64.70400000000001,101.01634773738351,101.97418030177116,202.27290918411651,193.83281368138506,3.779429600000026
64.736,103.08744013682596,102.30815825228758,202.61659369890825,193.82822197140595,3.7813764000000267
64.768,95.50248331778523,100.26645577193688,202.0709676260289,193.72570438760687,3.7833232000000274
64.8,103.44975409241704,101.22144526808091,203.48734247528517,193.9495359120484,3.7852072000000274
64.83200000000001,91.32994681726741,98.25399573283686,199.5752547167108,193.4247763346841,3.7870912000000274
64.864,101.16177080732027,99.12632825518187,199.92353413484102,193.00660128753174,3.789038000000028
64.896,102.30276920527936,100.07926054021112,201.27395984142476,192.90853857727402,3.790984800000029
64.928,96.52025844479584,99.01155991158655,197.89445747194162,192.2679768077526,3.792868800000029
64.96000000000001,101.70112523365121,99.81842950820594,198.45592900087365,191.7935467188798,3.7948156000000295
64.992,104.42832145287184,101.2013970916057,200.31589441180415,191.7416364084815,3.79676240000003
65.024,102.42166435019485,101.56747726918243,200.99761409833798,191.87394465878674,3.79864640000003
65.056,103.76805287470772,102.22764995084,200.35626728233666,191.8662232666175,3.80053040000003
65.08800000000001,101.93924382903624,102.14112811429888,200.75599841074222,191.88081641088218,3.802477200000031
65.12,100.41473395961624,101.62320986789408,200.65854021804373,191.8751285418929,3.8044240000000316
65.152,102.26666065253042,101.81624510328497,203.68747400376043,192.470132999769,3.8063080000000316
65.184,96.37417676139731,100.18362460071866,202.5667494067927,192.75459476672748,3.8081920000000316
65.21600000000001,102.05465705712714,100.74493433764121,204.11273713515052,193.1645228821148,3.810201600000033
65.248,99.19059085296696,100.27863129223893,203.63989650348364,193.5175387626818,3.812085600000033
65.28,100.86078627715555,100.45327778771392,199.86364734037213,193.12316794221013,3.813969600000033
65.312,95.8137344191013,99.06141477713012,199.84850047852984,192.746002358681,3.8159164000000336
65.34400000000001,101.11067613255386,99.67619318375723,201.41757402757173,192.7211012167264,3.8178632000000343
65.376,104.7192462135437,101.18910909269317,204.8082824604557,193.36585026744413,3.8197472000000343
65.408,104.26591791416243,102.11215173913395,205.32274835259358,193.98701839054837,3.8216312000000343
65.44,101.54673754447478,101.94252748073619,206.18127906957767,194.59971519646663,3.823578000000035
65.47200000000001,98.28142359566439,100.84419631521465,203.3719213713295,194.59302864976056,3.8255248000000313
65.504,103.00108239347472,101.49126213869266,201.83643668354028,194.36106679873907,3.8274088000000313
65.536,99.53216711450605,100.90353363143667,202.22589735025082,194.24158087759037,3.8292928000000312
65.568,98.7452101372557,100.25603658318238,201.2921524352735,193.87184939165408,3.8313024000000278
65.6,98.51525288345965,99.73380147326554,201.55270303620924,193.71906410800304,3.8331864000000277
65.632,100.06152423903194,99.83211830299545,203.53127185807273,193.95204861554146,3.8350704000000277
65.664,92.71604915408048,97.69729755832095,200.5851425483511,193.5581880742277,3.8370172000000284
65.696,100.2175201339071,98.45336433099679,199.66038913825088,193.06823724430078,3.838964000000029
65.728,95.5801914261716,97.59141245954923,198.0845594683064,192.4331784017589,3.840848000000029
65.76,103.14032697794417,99.2560868150677,199.20076909803564,192.1150947962819,3.842732000000029
65.792,101.90323815690296,100.05023221761827,200.6999127819112,192.0744914534635,3.84467880000003
65.824,97.11895492020133,99.17084902839319,202.03203217403092,192.2823475109146,3.8466256000000305
65.856,97.8856660362782,98.78529413075869,205.3955231162193,193.11279898883691,3.8485096000000305
65.888,107.57331975326865,101.42170181751166,210.629486454659,194.74027515943547,3.8503936000000305
65.92,103.84658080014282,102.149165512301,213.44059524344772,196.47911917710775,3.852403200000032
65.952,95.28646132881154,100.09035425725416,213.78697210045655,198.06879681501078,3.854287200000032
65.984,105.16002867896808,101.61125658376832,216.90097107319335,199.93437282265114,3.856171200000032
66.016,104.62082677615983,102.51412764148577,222.16126910878407,202.36295171649573,3.8581180000000326
66.048,97.09443562569079,100.88822003674727,227.5349962045717,205.32459510860738,3.8600648000000333
66.08,103.76277306670701,101.75058594573518,235.14984948745513,209.17989127194846,3.8619488000000333
66.112,98.5371090782562,100.78654288549149,240.63494735191068,213.3301774889331,3.8638328000000333
66.144,102.44348953536533,101.28362688045362,251.13746557762343,218.5787685416072,3.865779600000034
66.176,100.28296816006133,100.98342926433592,258.1723766947514,224.15067908233772,3.8677264000000346
66.208,95.50372364430433,99.33951757832645,266.42062274024835,230.25843304805912,3.8696104000000346
66.24,107.07533230207434,101.66026199545081,276.6162529753714,237.05464909341248,3.8715572000000353
66.272,105.66275275709644,102.86100922394449,285.91450327094066,244.30372711405434,3.8735040000000316
66.304,103.04507732475653,102.9162296541881,293.7556045271111,251.7113932238398,3.8753880000000316
66.336,92.01719702217113,99.64651986458301,302.15086957079865,259.29781228393256,3.8772720000000316
66.368,102.67145386520971,100.55400006477102,315.8182312686507,267.93343347842654,3.879218800000028
66.4,101.1378655166773,100.72915970034289,327.2444786707329,277.07415107459104,3.8811656000000285
66.432,96.00881892104778,99.31305746655434,338.2304886543769,286.60029535880176,3.8830496000000285
66.464,101.32056944831871,99.91531106108364,354.6868676808053,297.38079489185725,3.8849336000000285
66.496,102.91995625084857,100.81670461801312,373.3610592166616,309.5385996850281,3.886880400000029
66.528,104.36007437076447,101.87971554383851,400.7522388202422,324.4536074246814,3.88882720000003
66.56,101.87746734691592,101.87904108476172,428.3924490127064,341.7232785095855,3.89071120000003
66.592,108.29618415768287,103.80418400663805,457.29685512769186,361.0473743364079,3.8926580000000306
66.624,102.31784246287407,103.35828154350884,492.7950919732926,383.2989494531986,3.8946048000000313
66.656,97.10492719480534,101.48227523889778,539.7467617705261,410.07261361996797,3.8964888000000313
66.688,101.58364752935259,101.5126869260342,576.5057225083502,440.19659231349453,3.8964888000000313
66.72,101.31390412138762,101.45305208464022,584.4711795547557,466.3099337099339,3.8964888000000313
66.752,98.39019973063311,100.53419637843808,576.5367884672166,486.26072022314924,3.8964888000000313
66.784,107.16611697951691,102.52377255876172,555.1245437653539,498.7249009801846,3.8964888000000313
66.816,97.45335011224782,101.00264582480754,520.6271051898354,502.6891454586992,3.8964888000000313
66.848,96.43355316722779,99.6319180275336,486.58330483031284,499.7740283694894,3.8964888000000313
66.88,96.21785606257666,98.60769943804651,449.81559688654835,490.7316765465512,3.8964888000000313
66.912,100.2252304347757,99.09295873706526,413.0213082589329,476.6662931970624,3.8964888000000313
66.944,102.90029887921743,100.23516077971091,380.4997906824843,459.2603954635596,3.8964888000000313
66.976,95.07803472786213,98.68802296415627,347.8003213565438,439.137832671988,3.896426000000035
67.008,95.85455287542125,97.83798193753577,319.3603280773984,417.4069689399822,3.8964888000000357
67.04,102.2667192586816,99.16660313387952,296.6159213115397,395.5440897963363,3.8964888000000357
67.072,98.67133801943868,99.01802359954726,281.9373015345868,373.43854304006317,3.8983728000000357
67.104,101.8454178068668,99.86624186174312,269.37177489901785,353.0597161940973,3.9002568000000357
67.136,100.22396977478155,99.97356023565465,263.7266715854813,335.24478994378745,3.902266400000028
67.168,105.48343643594367,101.62652309574133,261.5660995759708,320.3661295820749,3.9041504000000278
67.2,99.03928506104513,100.85035168533247,257.3547421148694,307.4182245096294,3.9060344000000278
67.232,99.71592432302263,100.51002347663952,253.49068500116618,296.011606608499,3.908044000000029
67.264,100.90256809027386,100.62778686072981,250.81727479865168,286.2885442887271,3.909928000000029
67.296,98.77978266530384,100.07338560210201,248.68625845347395,277.9396234045534,3.911812000000029
67.328,97.64673275354673,99.34538974753542,249.47511990935422,271.1931850367666,3.91375880000003
67.36,105.07868393864155,101.06537800486724,249.4257305481409,265.6588958797406,3.9157056000000305
67.392,99.46514659417625,100.58530858165994,247.8157077627646,260.8863225302865,3.9175896000000305
67.424,104.62125109028847,101.7960913342485,247.95015148020642,257.00190706335496,3.9194736000000305
67.456,99.48065649951909,101.10146088382967,246.2037858745284,253.453039946525,3.9214204000000312
67.488,96.43120397924173,99.70038381245328,244.05738445224756,250.15801563166622,3.923367200000032
67.52,112.93690987499673,103.67134163121631,253.08352680073472,249.14452518923545,3.925251200000032
67.552,121.05427216654583,108.88622079181516,265.24784625504395,250.51618555729013,3.927135200000032
67.584,128.87444808139884,114.88268897869025,278.17417206205863,253.87634491422912,3.9291448000000333
67.616,138.83079840675492,122.06712180710964,291.82994443755996,259.2028513288325,3.9310288000000333
67.648,150.19316299456386,130.5049341633459,304.1469112945562,265.7946136941963,3.9329128000000333
67.68,148.6711767911507,135.95480695168735,316.7682924509859,273.4262887053781,3.934859600000034
67.712,155.95765192395248,141.95566044336687,329.8165084306927,282.03834415779704,3.9368064000000347
67.744,163.40543061557617,148.39059149502964,343.74279263578916,291.66369515111467,3.9386904000000347
67.776,183.5973917788548,158.95263158017718,363.70916908342593,303.160746027561,3.9405744000000347
67.808,184.6073417160103,166.6490446209271,377.6085116031894,315.0411723593405,3.9425212000000354
67.84,195.53829671268628,175.31582024845483,397.5343985026824,328.3778070401688,3.944468000000036
67.872,219.90131966773149,188.69147007423783,424.7126495377939,344.2711732052482,3.946352000000036
67.904,252.65803620799858,207.88143991436604,459.0439547126424,363.4503271090717,3.9482988000000367
67.936,276.3399627859058,228.41899677582796,493.5863748111421,385.41019397681873,3.950245600000033
67.968,305.4890179987372,251.5400031427007,539.3142341672971,411.7234417164589,3.952129600000033
68.0,318.75922574362295,271.70576992297737,587.0945417758895,443.46517457799877,3.952129600000033
68.032,273.82349887453927,272.34108860844594,611.5686348777078,473.8914827218468,3.952129600000033
68.06400000000001,236.419974896483,261.564754494857,616.8214175009066,499.76144536755504,3.952129600000033
68.096,215.25561805793126,247.67201356377927,620.8150767595204,521.671851519201,3.952129600000033
68.128,183.74711423696067,228.49454376573368,615.0352532513225,538.5703949840099,3.952129600000033
68.16,162.3427038946787,208.64899180441716,613.7865320952114,552.1843286951608,3.952129600000033
68.19200000000001,145.22461521076443,189.62167882632133,607.7952891750613,562.2497742054442,3.952129600000033
68.224,131.4600796588257,172.17319907607262,597.5589339595305,568.6406442866595,3.952129600000033
68.256,100.49377188128095,150.6693709176351,577.6479782097394,570.3223826765154,3.9520668000000323
68.288,103.4895925145118,136.5154373966981,559.4739045193796,568.3074017602845,3.952129600000033
68.32000000000001,98.17253357919958,125.01256625144853,536.9213568810123,562.6266057123579,3.952129600000033
68.352,93.08397709770472,115.43398950532537,516.3225802424391,554.2456922871584,3.952129600000033
68.384,92.15009177134391,108.44882018513093,494.69743473003814,543.4676058002301,3.952129600000033
68.416,104.47912350300722,107.2579111804938,474.09207829981244,530.9108078996614,3.952129600000033
68.44800000000001,101.82404258057014,105.6277506005167,453.2240080017044,516.8496903700731,3.952129600000033
68.48,106.2080722758523,105.80184710311738,428.72044609169853,500.8985163840197,3.952129600000033
68.512,99.15977835202176,103.80922647778868,403.8851774424259,483.3393433637983,3.952129600000033
68.544,95.80867304948475,101.4090604492975,371.9058711582345,463.1701620939986,3.952129600000033
68.57600000000001,96.07521619718429,99.80890717366353,343.920663752053,441.5862995364852,3.952129600000033
68.608,95.15709897435592,98.41336471387123,320.6546355185132,419.74940253234905,3.9520668000000323
68.64,95.85284067489042,97.64520750217699,299.19739806224584,397.8783562495038,3.952129600000033
68.672,99.44554548381413,98.18530889666813,288.4782955174366,376.534216711542,3.954013600000033
68.70400000000001,106.6147362020035,100.71413708826874,282.06318550602776,357.8407610245468,3.9559604000000337
68.736,100.80859748538849,100.74247520740465,274.60591424115626,341.1810267670755,3.9579072000000344
68.768,95.84508415616084,99.27325789203151,269.33863883686985,326.63473257862574,3.9597912000000344
68.8,102.5921071547167,100.26891267083707,272.2915156400278,315.20431145289115,3.961738000000035
68.83200000000001,102.71163782799174,101.00173021798346,270.830286013095,305.6297225455228,3.963622000000035
68.864,98.95250735696379,100.38696335967755,270.8004035512716,297.7312684053836,3.9655688000000313
68.896,103.54139177424858,101.33329188404886,270.62370455104104,291.2818660933196,3.9674528000000313
68.928,97.99315766439065,100.3312516181514,271.58028170120235,286.1214942847495,3.969399600000032
68.96000000000001,95.8829711766433,98.99676748569897,271.6733389504176,281.9634134235465,3.971283600000032
68.992,101.80300965923072,99.83864013775849,273.21434347871843,278.7854194847063,3.9732304000000327
69.024,101.46350533762583,100.32609969771867,276.06659911180566,276.7503190738917,3.9751144000000327
69.056,105.53061754881782,101.88745505304841,277.2806958174133,275.25188190229926,3.9770612000000334
69.08800000000001,103.71955979801979,102.43708647653982,280.0598952013835,274.52768630631084,3.979008000000034
69.12,101.36480829573145,102.1154030222973,281.32675040439904,274.2152993082692,3.980892000000034
69.152,103.10568694343212,102.41248819863775,280.914294586283,273.8333667465027,3.9828388000000348
69.184,95.50832755438165,100.34124000536092,279.85832841350975,273.3808691340752,3.9847228000000348
69.21600000000001,103.2627708969542,101.2176992728389,285.65794538123066,274.00855535181415,3.9866696000000355
69.248,99.82145123890902,100.79882486265993,289.5133549984481,275.2718848318667,3.9885536000000354
69.28,104.53452594571748,101.91953518757718,291.2028749093298,276.56092036350094,3.9905004000000317
69.312,101.20888634447068,101.70634053464522,294.9358960580879,278.3437445684474,3.9923844000000317
69.34400000000001,105.6622940478536,102.89312658860773,296.47637524963136,280.03127157259956,3.9943312000000324
69.376,100.39747840515025,102.14443213357048,299.78395066383524,282.01202330897496,3.996278000000033
69.408,94.48274927383235,99.84592727564903,300.18542314684436,283.7583627852911,3.998162000000033
69.44,103.20597303235246,100.85394100266005,304.7666148994208,285.96637011547506,4.000108800000033
69.47200000000001,102.3224103258328,101.29448179961187,308.7824507000646,288.553023257919,4.001992800000034
69.504,98.80239888716011,100.54685692587634,311.00859731792553,291.022992259981,4.0039396000000345
69.536,102.73671598059389,101.2038146422916,314.3586027220812,293.7036790178835,4.005823600000035
69.568,101.73474355897261,101.36309331729589,317.5051639258549,296.41725453536947,4.007770400000036
69.60000000000001,109.32736492084558,103.75237479836079,325.0236686581696,300.05194364432566,4.009654400000036
69.632,99.1028422186848,102.35751502445798,327.21696443873685,303.3743107902008,4.011601200000037
69.664,106.93347299139958,103.73030241454046,331.89638426465285,306.94230109539325,4.013548000000033
69.696,97.64719873376804,101.90537131030874,334.3119873091856,310.35314552927565,4.015432000000033
69.728,97.44157350538322,100.56623196883108,333.7648597054071,312.99617351388355,4.017378800000034
69.76,101.78233980068197,100.93106431838633,339.8364477018339,316.311195688042,4.0192628000000346
69.792,102.69683941528666,101.46079684745642,343.77109974164574,319.686935970286,4.021209600000035
69.824,95.99070563975593,99.81976948514627,344.8292170040869,322.6946256074331,4.023093600000036
69.856,99.39813902444558,99.69328034693606,346.79269488841635,325.4618821586576,4.025040400000036
69.888,98.78000664247874,99.41929823559886,351.0381058041387,328.5481143290529,4.026924400000037
69.92,101.77700046897247,100.12660890561094,357.31755320663456,332.16087715686746,4.0288712000000375
69.952,96.6925689707362,99.09639692514851,364.74856979937545,336.51616777415154,4.030755200000038
69.984,96.74785788984343,98.39183521455698,371.34918490365476,341.22642318194255,4.032702000000039
70.016,96.14999100559545,97.71928195186851,381.4247537269837,346.90778697131253,4.034648800000039
70.048,105.31416801431504,99.99774777060246,390.3843507046785,353.2339361691303,4.03653280000004
70.08,99.55517335727532,99.8649754466043,397.3923144416541,359.6320587462524,4.038479600000036
70.112,98.35092271304936,99.41075962653781,408.2410723849228,366.887168609563,4.0403636000000365
70.144,96.30252774937355,98.47829006338853,419.27822216018114,374.775384932598,4.042310400000037
70.176,100.19604945741054,98.99361788159513,430.5460777887474,383.3267409190396,4.044194400000038
70.208,103.59366601804925,100.37363232253136,439.1804964667808,391.84169768981405,4.046141200000038
70.24,100.91639964153907,100.53646251823368,444.43030971514213,399.8171049615499,4.048025200000039
70.272,104.11247848937919,101.60926730957732,452.09051946650135,407.6840289099555,4.049972000000039
70.304,98.86559846905057,100.78616665741927,432.5157341849773,412.17850579394104,4.049972000000039
70.336,100.39224962085376,100.66799154644961,404.4273478966106,410.77556549613087,4.049972000000039
70.368,103.86882876347337,101.62824271155674,375.2779147937496,404.35057902215993,4.049972000000039
70.4,103.32122785728947,102.13613825527655,344.58789237919893,393.53368140410356,4.049972000000039
70.432,102.92805386048667,102.37371293683958,324.1146269507559,379.4260045467351,4.05185600000004
70.464,100.36183065568537,101.77014825249331,308.46765330792414,364.9882854440976,4.053802800000041
70.496,94.171634040717,99.49059398896041,291.2718956312799,350.0513682204035,4.055749600000037
70.528,103.60695961740225,100.72550367749295,284.2747669995359,336.6029663372289,4.057633600000037
70.56,106.39726990188608,102.42703354481088,276.668106595261,324.1604717737297,4.059580400000038
70.592,100.44391696448807,101.83209857071404,271.2733457545593,313.0450328384927,4.061464400000038
70.624,100.88901808526026,101.54917442507791,268.66488325475336,303.41790212008453,4.063411200000039
70.656,102.3119461097281,101.77800593047297,264.99442304368506,294.92034730204523,4.0652952000000395
70.688,104.54793762942998,102.60898544016007,264.6866415459915,287.8536877260716,4.06724200000004
70.72,98.74947221373029,101.45113147223113,259.63119052561746,281.1510518956242,4.069188800000041
70.752,99.21026659997975,100.7788720105557,257.1169964532865,275.2579469605424,4.071072800000041
70.784,100.0749952704281,100.56770898851742,253.0412374341305,269.6937771154543,4.072956800000042
70.816,105.19700878599545,101.95649892776083,254.19788703361542,265.29462551505367,4.0749036000000425
70.848,94.19211716312097,99.62718439836887,250.32879613147838,260.9914135824717,4.076850400000043
70.88,105.58059320722002,101.41320704102421,250.92435338879795,257.62630004341383,4.078734400000044
70.912,97.27627732526837,100.17212812629745,247.06518574510082,254.1203305841938,4.080681200000044
70.944,105.13423810161831,101.6607611188937,245.78724309586963,251.06906179141257,4.082565200000045
70.976,98.0188633541043,100.56819178945688,243.28460506688776,248.06566044589707,4.084512000000045
71.008,97.28604978887395,99.583549189282,241.90511717627427,245.4076167523285,4.086396000000046
71.04,104.40359881568435,101.02956407720269,240.93656252953406,243.00393301728042,4.088342800000047
71.072,100.64499287701605,100.91419271714669,240.2268354307314,240.9068512195442,4.090289600000047
71.104,101.61376303730657,101.12406381319465,236.8304475627347,238.62603161143585,4.092173600000048
71.136,100.50700419152992,100.93894592669523,237.0915277186425,236.80528953744155,4.094057600000048
71.168,100.83138150310249,100.9066765996174,236.697424957439,235.19133227396978,4.096004400000044
71.2,105.40646906105331,102.25661433804817,234.52039593317116,233.4754604224749,4.097951200000045
71.232,99.76409434463378,101.50885834002385,231.9271249427577,231.65221486565454,4.0998352000000455
71.264,105.08842022268836,102.5827269048232,235.26593301303572,230.71185481810974,4.101782000000046
71.296,103.93357182682317,102.98798038142318,234.6098490162313,229.8743813848106,4.103666000000047
71.328,97.68989670262422,101.3985552777835,233.78677742164393,228.98808129227592,4.105612800000043
71.36,99.43006219336948,100.80800735245928,233.74239472173429,228.3055995096882,4.107496800000043
71.392,97.93286011810252,99.94546318215225,230.92373238829938,227.18504100509162,4.109443600000044
71.424,96.13052040384791,98.80098034866094,227.92957388398287,225.7253655612711,4.111390400000045
71.456,100.69598958897384,99.36948312075481,228.4019174527508,224.66681410890226,4.113274400000045
71.488,105.03313087612591,101.06857744736614,227.38718303200358,223.61619343025868,4.115158400000046
71.52,95.90797208760006,99.5203958394363,226.61065994182326,222.56375037706755,4.117105200000046
71.552,103.08182755631853,100.58882535450097,227.8591239987797,221.92776578712818,4.119052000000047
71.584,99.87836608671994,100.37568757416665,226.9488794651283,221.2935741858402,4.1209360000000474
71.616,99.46059788347459,100.10116066695903,227.36111906274223,220.7973506722543,4.122882800000048
71.648,99.77958756440549,100.00468873619296,224.4612920496416,219.9175142606268,4.124766800000049
71.68,98.22935597392026,99.47208890751115,222.13239100090425,218.72396739812274,4.126713600000049
71.712,103.35896020672413,100.63815029727503,222.83751241258656,217.92550812638214,4.12859760000005
71.744,99.91298853174969,100.42060176761743,223.536268393325,217.3466077346808,4.13054440000005
71.776,99.44959038545468,100.12929835296859,224.5921037152602,217.06359044061574,4.132491200000051
71.808,102.28844221132323,100.77704151047499,225.8336052585438,217.10794061997228,4.1343752000000515
71.84,98.93901365680392,100.22563315437367,222.6887165771189,216.5236131427861,4.136322000000052
71.872,102.10247129160324,100.78868459554253,220.06573320078985,215.62172737539015,4.138206000000053
71.904,104.76752846526647,101.98233775645971,221.07594591969746,215.01449332130144,4.140152800000053
71.936,96.73567123707326,100.40833780064376,220.98609520371622,214.55233772059938,4.142036800000054
71.968,106.34880174537123,102.190476984062,219.0491086632628,213.77180803233833,4.1439836000000545
72.0,103.24901870155117,102.50803949930875,220.56326773938042,213.4066113022135,4.145930400000055
72.032,103.8587291008595,102.91324637977397,220.4218801317616,213.13335682274376,4.14781440000005
72.06400000000001,100.90204092968546,102.30988474474741,220.23807241574792,212.87629198495011,4.149698400000051
72.096,104.49809337863074,102.9663473349124,220.6887343370515,212.69589057380747,4.151645200000051
72.128,103.8211380539143,103.22278455061297,220.6884954574926,212.5480981327132,4.153592000000052
72.16,98.70694766421798,101.86803348469446,218.29625537133288,212.0454996073201,4.155476000000053
72.19200000000001,95.0439169757293,99.82079853200491,213.1827548238038,210.65690592967653,4.157422800000053
72.224,103.92708290644471,101.05268384433685,213.38247457730716,209.60722638823802,4.159306800000054
72.256,101.90648117547758,101.30882304367907,214.00145371777558,208.8081365610901,4.16125360000005
72.288,104.51746470160876,102.27141554105796,213.23630769132225,208.0666238336467,4.16313760000005
72.32000000000001,102.49852388865514,102.33954804533711,209.91135556905027,206.8060816460249,4.165084400000051
72.352,103.46889683861687,102.67835268332102,208.04841398246356,205.43650666570568,4.167031200000052
72.384,95.89922455026004,100.64461424340273,205.76584475455925,203.95311535393796,4.168915200000052
72.416,106.36711294805929,102.36136385479969,209.08573732738787,203.33910647674085,4.170799200000053
72.44800000000001,100.07152347746835,101.67441174160028,206.84820423693176,202.37981039936594,4.172746000000053
72.48,98.8871088119995,100.83822086272005,204.2781318613999,201.12896781895563,4.174692800000054
72.512,98.04509475428134,100.00028303018843,204.26530119396904,200.1536356713643,4.1765768000000545
72.544,106.44186016076348,101.93275616936093,204.5492368614477,199.35479450955387,4.178523600000055
72.57600000000001,99.98325722522885,101.3479064861213,202.59336356002268,198.3979667649008,4.180407600000056
72.608,97.22463035956915,100.11092364815565,200.87161308818912,197.2512565532123,4.182354400000056
72.64,109.1452589055668,102.82122422537898,204.10730697939687,196.9491839387982,4.184238400000057
72.672,100.19680492451505,102.0338984351198,202.28698082349814,196.32087785392847,4.1861852000000574
72.70400000000001,99.76030239216611,101.35181962223368,201.90462520323638,195.7370881913319,4.188132000000058
72.736,105.82449570604234,102.69362244737627,202.31895198032254,195.38538847764622,4.190016000000059
72.768,99.37114973466753,101.69688063356364,201.82994238687203,195.00883601729208,4.191900000000059
72.8,100.31808421270446,101.28324170730588,200.79740991908272,194.46211945117298,4.19384680000006
72.83200000000001,103.05523070034556,101.81483840521778,200.5777749196138,193.9746038349768,4.19579360000006
72.864,102.47405868467283,102.0126044890543,203.51700443638518,194.15875391977372,4.197677600000061
72.896,97.04740078185702,100.52304337689512,203.2756701099911,194.2144590283539,4.199624400000057
72.928,107.18664635483687,102.52212427027763,204.18657984663565,194.47638740344252,4.2015084000000575
72.96000000000001,99.3577207312153,101.57280320855892,201.7232534690428,194.19361809135805,4.203455200000058
72.992,102.6564149807815,101.89788674022569,201.07894462223155,193.89684437906604,4.205339200000059
73.024,95.31371245347056,99.92263445419914,199.04323943291456,193.23389503893912,4.207286000000059
73.056,101.86295945969384,100.50473195584755,199.8378888336707,192.8347674450258,4.209232800000056
73.08800000000001,96.87844732137894,99.41684656550696,199.48981184024353,192.49631323902477,4.211116800000056
73.12,106.33957980179828,101.49366653639436,201.95185311772127,192.61330839286327,4.213063600000057
73.152,105.02647769249027,102.55350988322313,203.61936855648685,193.06237721745444,4.214947600000057
73.184,101.10317529749321,102.11840950750414,202.94411667526845,193.25651343490867,4.216894400000058
73.21600000000001,102.80522258963077,102.32445343214212,202.09834457032002,193.31386218908102,4.218778400000058
73.248,99.3560974658142,101.43394664224374,200.8413200570413,193.08187929522984,4.220725200000059
73.28,97.78158576766435,100.33823837986992,200.24782890270617,192.7844643055109,4.22267200000006
73.312,99.66821465574853,100.13723126263349,199.70627322494914,192.49429381479635,4.22455600000006
73.34400000000001,100.51314161886785,100.25000436950378,202.0151208542418,192.67453913854388,4.226440000000061
73.376,94.71112198980806,98.58833965559506,199.90439129138002,192.38869035057255,4.228386800000061
73.408,100.76504796080297,99.24135214715743,201.00241612914,192.35331924636557,4.230333600000062
73.44,100.47602701522902,99.6117546075789,202.34315555810292,192.618454081701,4.232217600000062
73.47200000000001,93.45845144160913,97.76576365778797,201.77082648868475,192.6805766773121,4.234164400000063
73.504,99.48123307470033,98.28040448286167,202.719495850219,192.95459538842178,4.2360484000000636
73.536,97.35270727757458,98.00209532127553,201.22753291876626,192.85754245902365,4.237995200000064
73.568,106.55767474220325,100.56876914755384,203.79294067793435,193.29382164739886,4.239879200000065
73.60000000000001,99.275994192922,100.18093666116428,203.97336759064962,193.63235885411163,4.241826000000065
73.632,103.28265616298128,101.11145251170939,204.84530681121004,194.06744049845193,4.243772800000066
73.664,104.42488632676424,102.10548265622585,205.2355568134111,194.54584108330758,4.2456568000000665
73.696,105.06350042032756,102.99288798545635,203.70400830611283,194.66044588238768,4.247540800000067
73.72800000000001,91.71826947475878,99.61050243224707,201.45796293269999,194.29634551633035,4.249487600000063
73.76,95.59810744685763,98.40678393663023,199.4716380050555,193.63862654003148,4.251434400000064
73.792,100.20065132323273,98.94494415261097,199.5382303304965,193.16343946378734,4.253318400000064
73.824,103.12851162996222,100.20001439581634,200.2472236397505,192.8511527353574,4.255265200000065
73.856,101.17685670154971,100.49306708753635,202.20845665220975,193.00180078069204,4.2571492000000655
73.888,100.45674866759482,100.48217156155388,202.94748058046915,193.20751004098875,4.259096000000062
73.92,102.74638897421912,101.16143678535346,201.67431846093916,193.19698061656078,4.260980000000062
73.952,101.7251044323529,101.33053707945328,203.1174427661164,193.39812554489455,4.262926800000063
73.984,103.06020919974671,101.8494387155413,202.16920951880283,193.39123588260355,4.2648736000000635
74.016,97.48221062041785,100.53927028700426,200.623339007004,193.15722787110624,4.266757600000064
74.048,98.32983092152854,99.87643847736153,201.7468198830312,193.16892197139197,4.268641600000064
74.08,96.7618229469345,98.9420538182334,199.55584694352987,192.730505460561,4.270588400000065
74.112,96.34526784556502,98.1630180264329,197.50932896465878,192.00102658429194,4.272535200000066
74.144,98.63082458893149,98.30335999518246,196.27284044380224,191.23121357979872,4.274419200000066
74.176,96.22870218180323,97.68096265116867,194.66026010216248,190.25742842751075,4.276366000000067
74.208,98.2822592311769,97.86135162517114,196.5323298616973,189.8501692911982,4.278250000000067
74.24,97.31498803709746,97.69744254874902,197.84454155466275,189.7026967414475,4.280196800000068
74.272,103.70008531334415,99.49823537812756,198.282222855253,189.7125689392133,4.2820808000000685
74.304,99.30093544141695,99.43904539711437,198.29452900919725,189.67144832077236,4.284027600000069
74.336,102.35441291572837,100.31365565269856,199.44663952344143,189.84629956909242,4.28597440000007
74.368,100.98207057179653,100.51418012842794,200.66993539719246,190.26235004274852,4.28785840000007
74.4,102.9893750224553,101.25673859663614,201.00712410565694,190.6126933768593,4.289805200000071
74.432,103.21062339546775,101.84290403628562,202.3713818365473,191.19798605081687,4.2916892000000715
74.464,108.52223098126146,103.84670211977837,204.7364637388623,192.05398279152294,4.293636000000072
74.496,94.30707084090632,100.98481273611675,202.08759774251803,192.32704145166124,4.295520000000073
74.528,102.39960069419772,101.40924912354103,203.50681976967033,192.75611947384215,4.297466800000069
74.56,100.82591803051773,101.23424979563404,202.4334092128349,192.91325080077428,4.29941360000007
74.592,97.0140215361775,99.96818131779708,200.9951365870415,192.83305133717457,4.30129760000007
74.624,99.84462365329482,99.9311140184464,201.32122680940827,192.82638929605767,4.30318160000007
74.656,102.28132566368116,100.63617751201681,200.3902676678323,192.60099842279806,4.305128400000071
74.688,102.80907544220632,101.28804689107366,201.6253685252397,192.63995291970642,4.307075200000067
74.72,105.99148117089166,102.69907717501906,202.99061995093453,192.97039721767527,4.308959200000068
74.752,102.40234477908692,102.6100574562394,203.41052384914065,193.265600124529,4.3109060000000685
74.784,99.2999850307121,101.6170357285812,203.77914316565654,193.6255245751229,4.312790000000069
74.816,99.51189453915964,100.98549337175473,204.14626381538503,193.93531816363873,4.31473680000007
74.848,100.45748832082788,100.82709185647667,203.37607804400983,194.1010715307671,4.31662080000007
74.88,103.64080137920907,101.67120471329639,205.06046549310165,194.49026053279036,4.318567600000071
74.912,102.85556128991361,102.02651168628155,203.9368847346526,194.6056419713003,4.3205144000000715
74.944,99.22545083277402,101.18619343022928,204.26377619588393,194.81073955399557,4.322398400000072
74.976,98.71635901619663,100.44524310601949,201.57013956949066,194.49117345567205,4.324282400000072
75.008,101.96026823308374,100.89975064413875,200.1371243405817,193.9186424782833,4.326229200000073
75.04,105.23427557236212,102.20010812260576,202.80410780940286,193.93245555711502,4.328176000000074
75.072,105.92907799293226,103.3187990837037,203.9910535365777,194.21003608325876,4.330060000000074
75.104,99.43087086265086,102.15242061738783,201.98262584056602,194.0224214515948,4.332006800000075
75.136,96.41469986472637,100.43110439158939,198.63711495092315,193.31466880896895,4.333890800000075
75.168,102.08783203344525,100.92812268414613,200.6335820057534,193.044939848406,4.335837600000076
75.2,101.7359733633856,101.17047788791797,201.594249336448,193.0493429120748,4.3377216000000764
75.232,98.66027266770647,100.41741632185452,201.27771233212823,192.9442232655806,4.339668400000077
75.264,99.86527300819867,100.25177332775776,201.29756531917715,192.8617233548786,4.341615200000078
75.296,101.21047074830355,100.53938255392148,199.9799502296441,192.60710402547338,4.343499200000078
75.328,99.2860837477914,100.16339291208246,199.14332390437772,192.24714287760483,4.345383200000079
75.36,97.7590295812512,99.44208391283307,196.90907739752794,191.4965073859743,4.347330000000075
75.392,103.2338965036197,100.57962769006906,201.5657043956199,191.72457295399485,4.349276800000076
75.424,103.36665943146484,101.41573721248778,204.12568004920735,192.42614180291613,4.351160800000076
75.456,101.77982489529629,101.52496351733032,201.70561601313008,192.5112695087363,4.353107600000077
75.488,98.05558874754432,100.48415108639452,199.92340593255588,192.30984707658706,4.354991600000077
75.52,104.52859078509692,101.69748299600522,199.8969013065348,192.08865097600875,4.3569384000000735
75.552,107.20798625207348,103.3506339728257,202.72214041708182,192.47028542661684,4.358822400000074
75.584,97.50985342047001,101.598399807119,201.13369195005396,192.44390641364657,4.360769200000075
75.616,106.79418690274423,103.15713593580655,203.43999606027563,192.8397372432438,4.362716000000075
75.648,96.44214297917905,101.1426380488183,203.97237936721743,193.31171708777586,4.364600000000076
75.68,96.08030027521585,99.62393671673756,201.0528253136867,193.1184043772419,4.3665468000000764
75.712,93.89563338785007,97.9054457180713,199.29959248488865,192.6941833619448,4.368430800000077
75.744,96.43630294775599,97.46470288697671,200.25744806115793,192.4686814154781,4.370377600000078
75.776,98.4163802479627,97.75020609527249,201.60340398128406,192.57904278996173,4.372261600000078
75.808,98.24152050930427,97.89760041948202,199.87120920098369,192.30447272771048,4.374208400000079
75.84,101.94067012858144,99.11052133221185,200.30759260760556,192.15858347477334,4.376155200000079
75.872,90.70466199706439,96.58876353166761,198.12074793456804,191.69471972405336,4.37803920000008
75.904,100.26403100478502,97.69134377360282,200.1216625151613,191.67697471997374,4.37992320000008
75.936,98.96514537109947,98.07348425285181,200.00573897472214,191.59002628881942,4.381870000000081
75.968,93.82100666966359,96.79774097789533,198.10123270081192,191.1741044094424,4.383816800000082
76.0,95.66779836765272,96.45875819482255,198.6832153912028,190.9902341310487,4.385700800000082
76.032,99.52113746845521,97.37747197691235,199.43025435711883,190.92342275394574,4.387647600000083
76.06400000000001,90.26225803491604,95.24290779431345,197.43353929870096,190.55873696753028,4.389531600000083
76.096,96.07854593418426,95.49359923627469,198.01419548630187,190.3137223705799,4.391478400000084
76.128,103.80727642917184,97.98770239414384,201.63762221852085,190.82031938738163,4.393362400000084
76.16,106.51332107861504,100.54538799948519,203.7495095024109,191.56603659302561,4.395309200000081
76.19200000000001,104.99836198456511,101.88128019500915,205.9105336305506,192.56792083095183,4.397256000000081
76.224,105.17500380601612,102.86939727831124,206.80432899461056,193.6016746078081,4.399140000000082
76.256,104.1072037796747,103.24073922872027,206.0649171409314,194.3144898164245,4.401024000000082
76.288,99.42628925261623,102.09640423588905,204.62717106036587,194.58662542516666,4.402970800000083
76.32000000000001,104.31873031656957,102.7631020600932,205.0211189191932,194.88080874816055,4.404917600000079
76.352,105.00590731007172,103.43594363508674,205.158259030948,195.19800099679398,4.40680160000008
76.384,103.82727009138992,103.55334157197768,205.2988237487391,195.43179074549926,4.40874840000008
76.416,102.73385144457458,103.30749453375675,205.38159412635542,195.6896797199302,4.410632400000081
76.44800000000001,105.37466152061864,103.9276446298153,204.75863628049143,195.7367042548422,4.412579200000081
76.48,98.12281690552818,102.18619631252916,202.7785038562231,195.46825177907314,4.414463200000082
76.512,104.14145658678038,102.77277439480453,205.3330402411545,195.6593199084667,4.4164100000000825
76.544,101.77180634225402,102.47248397903938,204.91596596111668,195.7403157745546,4.418356800000083
76.57600000000001,106.88704645531931,103.79685272192336,206.92044369633848,196.22089043036573,4.420240800000084
76.608,102.05382709865492,103.27394503494281,205.87416714579962,196.42510881598832,4.422124800000084
76.64,103.86396401341685,103.45095072848501,206.34497784346428,196.6261463907011,4.424071600000085
76.672,111.96778882793754,106.00600215832077,208.08677145429544,197.10605697520114,4.4260184000000855
76.70400000000001,104.30156218915985,105.49467016757248,205.5635093396507,197.09383412800142,4.427902400000086
76.736,95.72350726791568,102.56332129767544,203.39041738845089,196.63906599208687,4.429849200000087
76.768,100.04038090973076,101.80643918129203,203.01553431812363,196.25019021054368,4.431733200000087
76.8,102.20070531580174,101.92471902164493,201.2806761971176,195.56626161757285,4.433680000000088
76.83200000000001,103.79156653322714,102.4847732751196,204.60523092837605,195.65929189109463,4.435564000000088
76.864,100.34753416944685,101.84360154341778,203.00898102548078,195.39513329868004,4.437510800000089
76.896,97.31238135276823,100.4842354862229,200.80904433229972,194.78060368542492,4.43945760000009
76.928,96.37403963620896,99.25117673121872,199.2222050010526,194.0415217881295,4.44134160000009
76.96000000000001,95.44396526620831,98.10901329171558,199.3094449785816,193.40056873841715,4.443288400000091
76.992,100.66278680115096,98.87514534454618,201.508419191011,193.32506881483343,4.445172400000091
77.024,97.51062167581829,98.46578824392782,200.35100158416947,193.00231112571385,4.447119200000092
77.056,100.76099647597414,99.1543507135417,201.17211084123164,192.93802386461576,4.449003200000092
77.08800000000001,100.57631705894839,99.5809406171637,200.60222357777872,192.73079090459404,4.450950000000089
77.12,105.543837784939,101.36980976749629,201.29077988351207,192.68569357332498,4.452896800000089
77.152,97.28724609867493,100.14504066684988,201.8450387096749,192.80051157182652,4.45478080000009
77.184,106.73014007099458,102.12057048809329,201.2119909463608,192.77996772781353,4.45666480000009
77.21600000000001,101.39464232838218,101.90279204017995,202.04656516530616,192.8627647698031,4.458611600000091
77.248,96.06846025706604,100.15249250524576,201.15848314747169,192.76983511710523,4.460558400000087
77.28,103.06488125644661,101.02620913060602,202.35663958593216,192.96202219144683,4.4624424000000875
77.312,100.97606502813028,101.01116589986329,201.53232451766712,192.9187915503842,4.464389200000088
77.34400000000001,102.544654439932,101.47121246188391,202.3295477341331,193.07911432306048,4.466273200000089
77.376,102.13496116417157,101.6703370725702,201.69635371622104,193.04437917435448,4.468220000000089
77.408,103.4576956471087,102.20654464493174,200.39293145141255,192.8314481698119,4.47010400000009
77.44,97.82293654993539,100.89146221643283,199.9974078325652,192.5340350000731,4.4720508000000905
77.47200000000001,102.90873415899996,101.49664379920296,200.1584276903983,192.31959706793708,4.473997600000091
77.504,102.43046828743007,101.7767911456711,201.48824617683078,192.43609906232467,4.475881600000092
77.536,103.49317320719088,102.29170576412702,201.55639074060713,192.5438484820645,4.477765600000092
77.568,102.28344135096258,102.28922644017769,201.67956779261362,192.6029569086468,4.479712400000093
77.60000000000001,100.41129647613332,101.72584745096437,201.42746439499672,192.6057367692126,4.481659200000093
77.632,100.81362003248051,101.4521792254192,199.26849591808156,192.2686789144314,4.483543200000094
77.664,104.33150230367075,102.31597614889466,203.3874014714271,192.6867059957461,4.485490000000095
77.696,105.79394623311441,103.35936717416058,202.65645900880753,192.94820580397996,4.487374000000095
77.72800000000001,99.45711941140718,102.18869284533454,200.30592715085794,192.68550102204566,4.489320800000096
77.76,98.2547861915373,101.00852084919538,200.54746483158706,192.56549622773156,4.491204800000096
77.792,101.2801841743326,101.09001984673654,200.12806293644172,192.33986794672015,4.493151600000097
77.824,98.27655391891938,100.24598006839139,199.4219027732666,192.02726459039744,4.4950984000000975
77.856,93.82241180589453,98.31890958964232,196.70506691751174,191.33093448861274,4.496982400000098
77.888,95.11888018771091,97.3589007690629,198.20032730758595,191.03127681410314,4.498866400000098
77.92,103.82068731298712,99.29743673224016,200.00838643093107,191.06167728067953,4.500813200000095
77.952,104.47717366512464,100.85135781210549,200.0589844830236,191.09573345998757,4.502760000000095
77.984,97.1840505633786,99.75116563748742,199.70066411356873,191.11020381625698,4.504644000000096
78.016,95.82174852983376,98.57234050519132,200.31254177254826,191.18137005199955,4.5065908000000965
78.048,101.3498870903465,99.40560448073786,202.13456927578744,191.62087117797614,4.508474800000097
78.08,94.27355398944198,97.86598933334909,200.36266507579884,191.6086800847787,4.510421600000093
78.112,103.2265289678084,99.47415122368687,201.5068886938884,191.85723053386954,4.512305600000094
78.144,100.54841945668873,99.79643169358742,201.63324141983887,192.03223014282793,4.514252400000094
78.176,99.50933836019055,99.71030369356836,200.42803084983984,191.95741514277492,4.516199200000095
78.208,103.9788738831916,100.99087475045532,201.71567277291547,192.18063481281126,4.5180832000000954
78.24,103.32867475938328,101.6922147531337,202.59986494291633,192.47205550490042,4.520030000000096
78.272,100.3984961201128,101.30409916322742,204.08594215494463,193.03113941151818,4.521914000000097
78.304,101.17767767666014,101.26617271725723,203.95440394518852,193.41378907682798,4.523860800000097
78.336,104.6113148589142,102.26971535975431,203.35840553298965,193.6707392307921,4.525744800000098
78.368,98.73734878165118,101.21000538632337,202.38497303794844,193.65355982973819,4.527691600000098
78.4,94.4231461496483,99.17394761532084,200.06437796560004,193.27090127832554,4.529575600000099
78.432,96.2332818810926,98.29174789505237,198.30291727038698,192.58724961254194,4.5315224000000995
78.464,95.6166593714604,97.48922133797477,197.7657309243295,191.98154116150528,4.5334064000001
78.496,100.28293911542158,98.32733667120881,199.9301740187331,191.82578989300606,4.535353200000101
78.528,95.99379981689178,97.6272756149137,200.39690147526346,191.78270572527308,4.537300000000101
78.56,103.96899328777258,99.52979091677136,203.4514812287444,192.35172437782086,4.539184000000102
78.592,100.03690937749047,99.68192645498709,201.9213275232417,192.48936469919522,4.5411308000001025
78.624,105.55945710101577,101.44518564879569,204.16353214200305,193.05935927935005,4.543014800000103
78.656,94.73430185032049,99.43192050925312,200.03743896387414,192.72794030091777,4.544961600000104
78.688,100.31748236443548,99.69758906580782,201.4909683793539,192.77102589780634,4.546845600000104
78.72,104.00015952813095,100.98836020450474,201.17019817642586,192.696821143831,4.5487924000001
78.752,101.7236303907402,101.20894126037537,202.3252080576383,192.84510118105413,4.550739200000101
78.784,97.63123129041064,100.13562826938595,203.2291596160491,193.18158924004106,4.5526232000001015
78.816,101.35663433448961,100.50193008891705,201.52112792168612,193.14802430957317,4.554507200000102
78.848,99.99743289910796,100.35058093197432,202.64706584826678,193.27289315565739,4.556454000000103
78.88,102.40557612390971,100.96707948955492,203.72725394963723,193.57067241052138,4.558400800000099
78.912,100.67699025417527,100.88005271894102,203.13416878945196,193.75864077857244,4.560284800000099
78.944,101.89288619034464,101.18390276036209,204.17681202363235,194.0498698151025,4.5622316000001
78.976,104.07748159082885,102.05197640950212,206.28925128150786,194.72216672751475,4.5641156000001
79.008,100.12744522584872,101.4746170544061,204.55699308451494,194.90781179042168,4.566062400000101
79.04,100.70271579670482,101.24304667709572,205.79987695658536,195.336247804044,4.5679464000001015
79.072,97.48095289344914,100.11441854200173,204.54870006824416,195.40924470435795,4.569893200000102
79.104,104.19515916140568,101.3386407278229,204.2641808882401,195.41753208348334,4.571840000000103
79.136,94.76926205080477,99.36782712471745,200.64806548027246,194.82124493034837,4.573724000000103
79.168,102.66217018864415,100.35613004389545,202.78541232580932,194.71973873084636,4.575608000000104
79.2,104.67594559589088,101.65207470949407,203.78484514654025,194.76606639911492,4.5775548000001045
79.232,97.08076540393468,100.28068191782626,201.96904132627088,194.47535290015466,4.579501600000105
79.264,96.48862290575349,99.14306421420441,201.98810980720373,194.2921425251687,4.581385600000106
79.296,95.97929804847348,98.19393436448513,199.3681574401404,193.61645455498115,4.583332400000106
79.328,100.57226683526343,98.90743410571861,198.4210836343336,192.94307977986017,4.585216400000107
79.36,100.64766594138658,99.42950365641899,198.77513423603855,192.40423308592398,4.5871632000001075
79.392,100.5907150053718,99.77786706110483,198.68986204772438,191.99891560542397,4.589047200000108
79.424,98.10607690161571,99.27633001325809,200.76011049267777,191.99023604304838,4.590994000000109
79.456,98.32746208818219,98.9916696357353,200.21243952748176,191.88400037754522,4.592940800000109
79.488,94.45032707867912,97.62926686861846,196.98599007554543,191.2644471346919,4.59482480000011
79.52,103.64410696147644,99.43371889647585,199.38577235534538,191.19138611060745,4.59670880000011
79.552,96.76388828898922,98.63276971422985,199.21782895278926,191.04971825583027,4.598655600000106
79.584,107.58116703946138,101.3172889117993,201.4949855332373,191.34585160681166,4.600602400000107
79.616,101.52455532930198,101.3794688370501,204.3719381586656,192.16054018270017,4.602486400000108
79.648,94.29070057652203,99.25283835889167,202.46746553639878,192.43163398962662,4.604433200000108
79.68,99.61178453354937,99.36052221128897,200.19808577530318,192.29434175658653,4.606317200000109
79.712,97.61444498710071,98.83669904403249,201.77799015557545,192.41642448267956,4.608264000000105
79.744,106.1568964708317,101.03275827207224,204.95771925366657,193.1433669521883,4.610148000000105
79.776,100.4954647839751,100.8715702256431,203.1733570777364,193.36433617171738,4.612094800000106
79.808,104.30490114634728,101.90156950185434,202.66772517803423,193.45379239614226,4.614041600000107
79.84,97.49563527594296,100.57978923408092,201.05307056617846,193.28624215452862,4.615925600000107
79.872,97.10229646665103,99.53654140385194,199.27697657692562,192.7761161397493,4.617872400000108
79.904,107.14766152807437,101.81987744111865,201.71253834348622,192.85058564198596,4.619756400000108
79.936,100.0721852253928,101.2955697764009,200.29901031185005,192.6042979358806,4.621703200000109
79.968,102.08985304044933,101.53385475561541,201.5565926179608,192.68164031721338,4.6235872000001095
80.0,104.52563004901714,102.43138734363592,201.49216052420863,192.68188851501043,4.62553400000011
80.032,96.35803636478596,100.60938204998092,201.30107900318666,192.64750650964874,4.627480800000111
80.06400000000001,106.23867549900677,102.29817008468866,202.83452123561943,192.9483301474638,4.629364800000111
80.096,96.34051373585226,100.51087318003775,202.25088125025957,193.08906806965607,4.631248800000112
80.128,100.68716907254768,100.56376194779072,202.36463356447106,193.17348830771223,4.633195600000112
80.16,97.66646358036061,99.69457243756169,202.60789372248837,193.28665817615476,4.635142400000113
80.19200000000001,96.93175109051359,98.86572603344725,201.36663371238978,193.20611296205112,4.637026400000114
80.224,96.65122216371756,98.20137487252833,199.22961592767302,192.7019179720812,4.638973200000114
80.256,102.39522642566443,99.45953033846915,201.61356728706158,192.77190364307742,4.640857200000115
80.288,97.65989974595733,98.9196411607156,200.1829441211903,192.51884949126116,4.642804000000115
80.32000000000001,103.68344547075853,100.34878245372846,203.29028952102843,192.92545265526013,4.644688000000116
80.352,95.75911143263446,98.97188114740025,200.85779476022452,192.76675280112946,4.646634800000112
80.384,91.45507283194239,96.71683865276289,198.82983181972375,192.26972097829903,4.648581600000113
80.416,90.85682483012316,94.95883450597097,197.97058771130355,191.75856298902838,4.650465600000113
80.44800000000001,103.60944154872763,97.55401661879797,201.44219135034734,191.9682749470541,4.652349600000114
80.48,101.52329485849214,98.74480009070622,202.39915827163057,192.26180483835438,4.654296400000114
80.512,99.71848988633971,99.03690702939626,202.1180109138893,192.4513195771361,4.656243200000111
80.544,100.43564131209949,99.45652731420722,202.0295820156299,192.6419605652364,4.658127200000111
80.57600000000001,101.62749471073151,100.1078175331645,201.78159313058404,192.70177728120268,4.660074000000112
80.608,99.06844619801825,99.79600613262063,201.1786144478806,192.6930630349851,4.661958000000112
80.64,101.37555848597474,100.26987183862686,201.56518188588592,192.70446043409765,4.663904800000113
80.672,101.70413567685509,100.70015099009532,201.87157744606617,192.82068512275302,4.665788800000113
80.70400000000001,97.90159930642767,99.86058548499503,201.90720864046577,192.87088923321028,4.667735600000114
80.736,99.12967658619928,99.6413128153563,200.2688737254382,192.6154719804266,4.669682400000115
80.768,101.30679626719353,100.14095785090745,200.70785295487127,192.53717211977943,4.671566400000115
80.8,101.37249719687983,100.51041965469916,200.26129981711253,192.39221933203365,4.673450400000116
80.83200000000001,99.50121977830018,100.20765969177947,200.62032030459386,192.28705109721096,4.675397200000116
80.864,100.21537508416691,100.20997430949569,200.04753925488097,192.09724610611633,4.677344000000117
80.896,102.45390167285902,100.88315251850467,199.76937202463125,191.9428811257629,4.679228000000117
80.928,100.03948855729698,100.63005333014236,199.48997997269828,191.71445320024776,4.681174800000118
80.96000000000001,98.25995333225136,99.91902333077505,199.91339076726854,191.65543981778904,4.6830588000001185
80.992,101.57215698662681,100.41496342753058,201.6967390105786,191.87845595035665,4.685005600000119
81.024,106.61522504480524,102.27504191271298,201.2029210292555,192.02316024771088,4.68688960000012
81.056,103.84839981431605,102.7470492831939,202.9313100662229,192.40307418717606,4.68883640000012
81.08800000000001,98.46574249943406,101.46265724806595,203.71824421290455,192.8566577716531,4.690783200000121
81.12,104.38049539846827,102.33800869318664,204.00771239025792,193.3319702319109,4.6926672000001215
81.152,95.59169750812231,100.31411533766733,203.1415967191532,193.51305418107827,4.694614000000122
81.184,98.94729328277377,99.90406872119925,203.76571995088563,193.82576049451941,4.696498000000117
81.21600000000001,103.35128140789689,100.93823252720853,205.11812146227135,194.275215696242,4.698444800000118
81.248,105.22670052224737,102.22477292572017,205.59752991671257,194.78152571841596,4.700328800000118
81.28,101.6104203735927,102.04046716008193,205.76312446798252,195.1747337316921,4.702275600000119
81.312,98.60401942470551,101.009532839469,204.78194760573967,195.3191815013883,4.70422240000012
81.34400000000001,104.23828769500443,101.97815929612962,205.349669204022,195.59167413735247,4.70610640000012
81.376,100.10940552004769,101.41753316330504,203.3397597017796,195.45105766395366,4.707990400000121
81.408,104.81354993963205,102.43633819620314,203.17785461456106,195.25515464819017,4.709937200000121
81.44,101.04298224183357,102.01833140989227,203.48753496026296,195.15076096317782,4.711884000000118
81.47200000000001,102.280703389859,102.09704300388228,203.50342387883083,195.1195714864178,4.713768000000118
81.504,101.68568695908837,101.9736361904441,202.49562207295884,194.8601842512671,4.715714800000119
81.536,103.09665578732624,102.31054206950874,202.1643443033259,194.63921836442876,4.717598800000119
81.568,101.95247505712899,102.20312196579481,201.77585503125363,194.33649780537013,4.71954560000012
81.60000000000001,100.05903335247402,101.55989538179857,203.85738764561796,194.51675449590667,4.72142960000012
81.632,103.33301419419055,102.09183102551616,202.2000425007008,194.31297646918287,4.723376400000121
81.664,99.97785686157218,101.45763877633297,201.07627117421725,193.94268194375726,4.725323200000122
81.696,102.67740019414694,101.82356720167715,202.2683159046436,193.90660029342112,4.727207200000122
81.72800000000001,104.06630558879792,102.49638871781337,203.95445002589258,194.18223541359654,4.729091200000123
81.76,96.22607270821103,100.61529391493266,199.80623347061209,193.60573102896834,4.731038000000123
81.792,103.04887839766842,101.3453692597534,202.9689699666779,193.70601994209395,4.732984800000124
81.824,98.06661862827656,100.36174407031035,200.34938398544813,193.3654516214614,4.7348688000001244
81.85600000000001,99.97443241664413,100.24555057421048,201.85539250544343,193.30767575925898,4.736815600000125
81.888,97.82662147653761,99.51987184490862,201.6961296106898,193.28296435284204,4.738699600000126
81.92,99.5241798068743,99.52116423349831,200.51922125835844,192.9982748091735,4.740646400000126
81.952,97.33630457038942,98.86570633456564,201.75104451136656,193.03950366548057,4.742530400000127
81.984,99.37379325228906,99.01813240988267,201.28999284304376,192.93838764007103,4.744477200000127
82.016,98.6013572610463,98.89309986523175,200.54707485869392,192.72110705662547,4.746424000000128
82.048,97.17719565539389,98.37832860228038,199.17840173644885,192.34686064405585,4.7483080000001285
82.08,95.13644312384635,97.40576295875016,198.06466800373641,191.83876886607246,4.750192000000129
82.112,101.32471238465543,98.58144778652174,198.6762870297801,191.48190860203383,4.752138800000125
82.144,106.19353377403891,100.86507358277689,200.63707990584922,191.54453779100896,4.754085600000126
82.176,98.16369104153577,100.05465882040454,201.24624638476092,191.75752222612908,4.755969600000126
82.208,105.75728598379665,101.76544696942217,204.00805578635885,192.38040428356146,4.757916400000127
82.24,101.44933404395019,101.67061309178057,202.47317747129992,192.66417043738963,4.7598004000001275
82.272,103.19521605245292,102.12799397998228,204.23557743107614,193.16413227566144,4.761747200000124
82.304,95.24134888780193,100.06200045232816,203.5828131197329,193.5068869045653,4.763631200000124
82.336,101.23988601590466,100.4153661214011,200.66951544619707,193.20887081018992,4.765578000000125
82.368,96.43198225021064,99.22035096004396,198.71288425696105,192.61064950957848,4.767524800000126
82.4,105.10346296698926,100.98528456212753,201.22834025126616,192.62742941005348,4.769408800000126
82.432,109.14133719444676,103.4321003518233,203.2066855024388,192.9478144032384,4.771355600000127
82.464,99.36573047824785,102.21218938975065,200.70052168925068,192.8080344499496,4.773239600000127
82.496,100.46681032903957,101.68857567153732,200.05830323130272,192.52588102095189,4.775186400000128
82.528,98.97019563947615,100.87306166191897,199.8544237517277,192.30932833830752,4.777070400000128
82.56,99.01769841744836,100.31645268857778,200.51068766442222,192.19931993200012,4.779017200000129
82.592,97.85122472452545,99.57688429936206,201.07456040393959,192.21128233675537,4.78096400000013
82.624,105.66062170993646,101.40200552253438,203.0970094723603,192.6385711826129,4.78284800000013
82.656,104.83472517105591,102.43182141709083,203.93395324462242,193.14000655110124,4.7847320000001305
82.688,96.72669318944497,100.72028294879706,201.06517474212836,192.98000823638986,4.786678800000131
82.72,96.99552175560028,99.602854590838,200.92691157773055,192.82394392981737,4.788625600000132
82.752,102.38853461534814,100.43855859819104,200.7235894783947,192.71075943653253,4.790509600000132
82.784,101.87157348841069,100.86846306525693,200.6872044427359,192.560042097813,4.792456400000133
82.816,98.04906539323424,100.02264376365011,200.12891676161104,192.38698889720135,4.7943404000001335
82.848,100.51994038841647,100.17183275108,199.90682641961746,192.15362673976287,4.796287200000134
82.88,101.28504488101704,100.5057963900611,198.93704735367396,191.83840830999955,4.798171200000135
82.912,99.81378749184469,100.29819372059617,198.7853027255092,191.50134487545517,4.800118000000131
82.944,94.92364476932389,98.68582903521448,198.04324615867392,191.09097869141425,4.802064800000132
82.976,102.14101020775064,99.72238338697531,198.97360985832665,190.97471463737264,4.803948800000132
83.008,100.83075089526136,100.05489363946111,199.04989736198326,190.89330193628746,4.8058328000001325
83.04,98.78193312095496,99.67300548390926,196.89546145122665,190.38524383483744,4.807779600000133
83.072,105.64229966706547,101.46379373885611,200.84548630006307,190.68408765756578,4.809726400000129
83.104,100.46459242317182,101.16403334415082,201.10895758238334,191.02796249468886,4.81161040000013
83.136,105.12192821602926,102.35140180571435,199.78485011605775,191.01850332790275,4.8135572000001305
83.168,98.93669282418995,101.32698911125702,198.32380937127385,190.7977448626412,4.815441200000131
83.2,104.45622310177129,102.26575930841129,199.0924626044348,190.70463409733537,4.817388000000132
83.232,100.83366082761499,101.8361297641724,199.67868298342296,190.78591393547822,4.819272000000132
83.264,105.70518655485489,102.99684680137713,200.84456533333906,191.01207077399877,4.821218800000133
83.296,102.67893344426608,102.9014727942438,201.81321811491244,191.3726175311956,4.8231656000001335
83.328,98.32440645435051,101.5283528922758,200.07105593355698,191.40401255738647,4.825049600000134
83.36,103.4480222715321,102.10425370605269,200.12582216342855,191.43963771330584,4.826933600000134
83.392,102.8611094924542,102.33131044197314,201.4681118713932,191.66033254649562,4.828880400000135
83.424,107.15943304875591,103.77974722400796,203.38050021305773,192.18721969650048,4.830827200000136
83.456,101.64542491902628,103.13945053251345,202.1236530414202,192.44268872768595,4.832711200000136
83.488,105.86044393073749,103.95574855198066,203.5872810761266,192.86539817689908,4.834658000000137
83.52,95.61572958947934,101.45374286323026,204.4738382714898,193.4234962705285,4.836542000000137
83.552,100.88365209963123,101.28271563415055,203.67328575436318,193.68424862713948,4.838488800000138
83.584,104.98897496310444,102.39459343283671,203.90629071584104,193.99141213047554,4.8403728000001385
83.616,101.56903008612208,102.14692442882232,204.15338601209544,194.23627008153377,4.842319600000139
83.648,102.65429619488003,102.29913595863962,204.40035030909823,194.48150927596828,4.84426640000014
83.68,98.34407763857044,101.11261846261887,201.4603728667982,194.2016655388477,4.84615040000014
83.712,104.65660850483526,102.17581547528378,203.85302031582538,194.35410270217406,4.8480972000001366
83.744,97.47911401978662,100.76680503863463,202.58002254599626,194.29997304469592,4.849981200000137
83.776,100.13358554086392,100.5768391893034,201.80738880712096,194.06436257959916,4.851928000000138
83.808,102.10190555180377,101.0343590980535,202.58611967090394,194.06377872799726,4.853812000000138
83.84,105.64478264860415,102.41748616321868,205.42379660059237,194.52547966119462,4.855758800000139
83.872,95.58370882646406,100.36735296219229,203.3899214190535,194.53548752556767,4.857705600000135
83.904,100.36880273501367,100.3677878940387,203.4495744037678,194.60591438944303,4.8595896000001355
83.936,100.1806302030127,100.31164058673089,202.68650699146133,194.52548086271116,4.861473600000136
83.968,98.89849631326297,99.8876973046905,201.55660088243718,194.2036620530085,4.863420400000137
84.0,105.49842707007,101.57091623430433,203.06250352097427,194.2126562788383,4.865367200000137
84.032,98.07536926884598,100.52225214466682,202.18534146981114,194.11269177913525,4.867251200000138
84.06400000000001,102.7061914469192,101.17743393534253,201.98680033896574,193.9434517981921,4.8691980000001385
84.096,93.76760692115171,98.95448583108528,199.6698203758471,193.43690957936536,4.871082000000139
84.128,105.080531047437,100.7922993959908,203.10662854638548,193.59267061540334,4.87302880000014
84.16,98.15848949273865,100.00215642501514,200.89917275075058,193.3721286398141,4.87491280000014
84.19200000000001,99.51121664498017,99.85487449100464,202.2945853398458,193.39263706440002,4.876859600000141
84.224,106.05703366951101,101.71552224455654,205.51376688441505,193.9920973667554,4.878806400000141
84.256,99.8541478040579,101.15710991240694,202.53718954276945,193.99573710743803,4.880690400000142
84.288,104.76897725921819,102.2406701164503,204.66329490207136,194.38353784529286,4.882574400000142
84.32000000000001,98.94358014956828,101.25154312638568,200.9600443766966,193.9794351250902,4.884521200000143
84.352,99.09411959724032,100.60431606764206,201.12222113659246,193.6778275821212,4.886468000000144
84.384,99.44293909080346,100.25590297459047,199.91199326820015,193.26319537673453,4.888352000000144
84.416,95.87873977807885,98.94275401563698,199.29600693079098,192.7606852181154,4.890298800000145
84.44800000000001,95.48508639065217,97.90545372814154,197.61138754115575,192.09564958549117,4.892182800000145
84.48,98.0901232690568,97.96085459041612,196.96636996978097,191.38280381593626,4.894129600000146
84.512,97.39454620629573,97.79096207517999,196.36473995651613,190.74152117783237,4.896013600000146
84.544,100.26403690328083,98.53288452361024,198.6284483394809,190.57460133193473,4.897960400000143
84.57600000000001,97.07255966093153,98.09478706480662,197.38164422889383,190.21222512042047,4.899907200000143
84.608,96.08576500866113,97.49208044796296,197.72329242531816,190.02870893164814,4.901791200000144
84.64,104.00077121219624,99.44468767723293,199.5787655985368,190.21424474525193,4.903675200000144
84.672,101.85532009008438,100.16787740108836,198.96393094706087,190.20348213943956,4.905622000000145
84.70400000000001,99.65915114265599,100.01525952355864,201.3207409999456,190.6212442953344,4.907568800000141
84.736,100.13080415163626,100.04992291198191,201.27582807627485,191.00669676898468,4.909452800000142
84.768,98.87299159561127,99.6968435170707,198.43725768647238,190.75717576813665,4.911399600000142
84.8,94.79420932985045,98.22605326090462,196.9076438705477,190.3273945083103,4.913283600000143
84.83200000000001,106.91331013868964,100.83223032424013,200.9184118401737,190.64990825658376,4.915230400000143
84.864,106.06804513323641,102.402974766939,202.23650817372382,191.2040533324237,4.917114400000144
84.896,101.7506157301249,102.20726705589476,201.22011612552467,191.42250173942517,4.919061200000145
84.928,102.78566221741089,102.38078560434958,202.89892234955357,191.90527127855523,4.921008000000145
84.96000000000001,101.00955034522701,101.96941502661281,203.8177158405657,192.51839342455293,4.922892000000146
84.992,104.57629265124817,102.7514783140034,204.49649363869077,193.09196572404176,4.924838800000146
85.024,97.0472096928801,101.04019772766641,201.93154857692923,193.14890754467007,4.926722800000147
85.056,103.587635769146,101.80442914011027,202.61678001517026,193.26813486694675,4.9286696000001475
85.08800000000001,101.67953708637722,101.76696152399035,200.8545750772028,193.09826098654833,4.930553600000148
85.12,98.40211406441583,100.75750728611798,201.77110179081768,193.07358955494018,4.932500400000149
85.152,95.60934271389425,99.21305791445086,200.37731505123148,192.80111165836854,4.934447200000149
85.184,100.31038680418033,99.54225658136968,200.9660574402012,192.73594584734798,4.93633120000015
85.21600000000001,94.19605835725831,97.93839711413627,198.10661342858407,192.16502263300325,4.93821520000015
85.248,96.68985695630062,97.56383506678556,198.24218037462552,191.67053902401898,4.940162000000151
85.28,102.32818325433092,98.99313952304917,199.83391726771558,191.5536561362748,4.942108800000152
85.312,104.48169222158478,100.63970533260985,204.0309025994346,192.26900602139196,4.943992800000152
85.34400000000001,97.46363335664242,99.68688373981962,201.50345447406235,192.34598417710552,4.945939600000148
85.376,98.8738961460245,99.44298746168108,200.38722414169888,192.25842792089247,4.947823600000149
85.408,97.2671595712149,98.79023909454122,199.6384222283853,191.99975448942374,4.9497704000001495
85.44,98.56364288834558,98.72226023268252,199.70289103378713,191.85100235520756,4.95165440000015
85.47200000000001,102.94008755652646,99.98760842983569,200.96779187522122,191.90668453679226,4.953601200000151
85.504,103.14963520277806,100.93621646171839,202.50810175622797,192.23108063884948,4.955548000000147
85.536,102.37046910991548,101.36649225617751,202.38331259668536,192.52560868215696,4.957432000000147
85.568,97.63061166336018,100.24572807833229,200.96098184941312,192.50938955518896,4.959316000000148
85.60000000000001,93.7060719540706,98.28383124105378,197.48052848510488,191.81471929259342,4.961262800000148
85.632,100.18193358146509,98.85326194317716,196.78307982715506,191.11954614735023,4.963209600000149
85.664,105.34760677702272,100.80156539333082,197.96429464494287,190.8154279119754,4.9650936000001495
85.696,99.82456989639337,100.50846674424957,197.7793044719652,190.4814382033338,4.96704040000015
85.72800000000001,105.67876484242085,102.05955617370094,198.82948374929413,190.4494129941455,4.968924400000151
85.76,109.72739056060728,104.35990648977284,200.34532151811754,190.64611377732768,4.970871200000151
85.792,97.82717991503033,102.40008851735007,198.2763795272153,190.48417221058315,4.972755200000152
85.824,106.99575800907863,103.77878936486863,201.69532594371336,190.91892910484847,4.9747020000001525
85.85600000000001,105.14982557744261,104.19010022864082,203.50108595752113,191.60183415327435,4.976648800000153
85.888,99.7511272355651,102.8584083307181,201.94624466248683,191.93114603632196,4.978532800000154
85.92,98.8294674296809,101.64972606040695,199.73920394779407,191.80138440855242,4.980416800000154
85.952,94.104753913073,99.38623441620676,198.54950889275693,191.4283441108937,4.982363600000155
85.98400000000001,96.41141709556894,98.4937892200154,196.1387793838739,190.6864871349134,4.9843104000001555
86.016,101.08103427716298,99.26996273715966,195.97840793448182,190.10131094897557,4.986194400000156
86.048,95.89909015607596,98.25870096283455,196.21712228785532,189.61382354494108,4.988141200000157
86.08,98.93826067879809,98.46256887762361,196.8005266463319,189.37159824221513,4.990025200000157
86.112,102.7019667849268,99.73438824981457,197.29029532504242,189.210428673017,4.991972000000158
86.144,99.04178031921907,99.52660587063592,200.13899153105973,189.64547067807857,4.993856000000158
86.176,102.27989393767169,100.35259229074664,201.91350784419333,190.27152084463455,4.995802800000159
86.208,101.16949620824883,100.5976634659973,202.304841172014,190.8550878472558,4.9977496000001596
86.24,107.41440687542433,102.6426864888254,204.60806313329644,191.80134147583996,4.99963360000016
86.272,105.00522579708797,103.35144828130416,204.558538360254,192.5159283345891,5.001580400000156
86.304,104.3725832803503,103.65778878101798,205.41223115829422,193.30712637852974,5.003464400000157
86.336,102.31043693283507,103.2535832265631,205.55423436672032,193.9293884159444,5.005411200000157
86.368,95.78945852927512,101.01434581737671,204.17420512508988,194.24067406892718,5.007295200000158
86.4,102.22795074583307,101.37842729591361,202.40349417661417,194.12369015995367,5.0092420000001585
86.432,101.98567595862335,101.56060189472652,203.9720935329215,194.3632259851972,5.011126000000159
86.464,95.22224381867801,99.65909447191196,201.69769089859824,194.09631184665946,5.013072800000155
86.496,92.6128452129982,97.54521969423782,199.49620693461827,193.53067873832586,5.014956800000156
86.528,94.54728071891651,96.64583800164142,197.61559560366624,192.6756044865883,5.016903600000156
86.56,103.15183612138341,98.59763743756402,199.8372456458291,192.37740967845633,5.018850400000157
86.592,99.934277801489,98.99862954674151,201.78509071075592,192.53717585636994,5.0207344000001575
86.624,102.30792484175312,99.99141813524498,203.39301203827324,192.90762115774316,5.022681200000158
86.656,98.9911572616335,99.69133987316154,203.82524601664255,193.34068341216891,5.024565200000159
86.688,93.85204058403525,97.93955008642365,200.663289407298,193.0716228389202,5.026512000000159
86.72,106.18683855709693,100.41373662762564,202.75671708934897,193.2816001192283,5.02839600000016
86.752,94.07695600013213,98.51270243937758,201.60061681577793,193.1928874042878,5.03034280000016
86.784,95.91809768929456,97.73432101435267,199.19506413160912,192.68483241823614,5.032289600000161
86.816,100.91558183750438,98.68869926129817,199.35751371168328,192.3495704469415,5.034173600000162
86.848,102.07320157914276,99.70404995665155,200.3718612557087,192.25858444066142,5.036057600000162
86.88,96.45078011956195,98.72806900552466,198.89100605460862,191.864602211306,5.038004400000163
86.912,103.26414282856636,100.08889115243717,199.77070616503346,191.70115331706717,5.039951200000163
86.944,96.83396571677852,99.11241352173957,199.1533993987154,191.50699063320903,5.041835200000164
86.976,101.84971558487891,99.93360414068135,200.259033892155,191.4966546488751,5.0437820000001645
87.008,102.05380908429473,100.56966562376536,200.3063585642941,191.5481884561478,5.045666000000165
87.04,102.11790639829474,101.03413785612416,199.85826413434629,191.45785743912722,5.047612800000166
87.072,102.60247250355752,101.50463825035416,201.10597123956902,191.6611413499794,5.049496800000166
87.104,95.61722117415279,99.73841312749374,200.9155537469052,191.74173292994135,5.051443600000162
87.136,104.23755151224941,101.08815464292044,201.37758908345631,191.89136488097125,5.053390400000163
87.168,102.25137682353824,101.43712129710578,202.70772244585805,192.30609800709098,5.0552744000001635
87.2,97.11883274665598,100.14163473197084,202.47030642839877,192.6027937604945,5.057158400000164
87.232,99.13738259724997,99.84035909155457,200.40027327609573,192.41968411316654,5.059105200000165
87.264,106.15950440960378,101.73610268696933,203.32478051473498,192.79904539176425,5.061052000000161
87.296,97.19715021571125,100.3744169455919,200.38362806197782,192.62883530123892,5.062936000000161
87.328,101.42437825530635,100.68940533850623,201.82845502517625,192.69950954368724,5.064882800000162
87.36,101.32713118732683,100.8807230931524,199.85779796035567,192.45214125371027,5.066766800000162
87.392,104.96618878550973,102.10636280085959,201.565084604807,192.50712728828864,5.068713600000163
87.424,103.65510209742106,102.57098458982803,201.52139887757983,192.59568733565425,5.070597600000164
87.456,97.87526361830764,101.16226829837191,198.02905887355985,191.9846800252654,5.072544400000164
87.488,105.99500367721743,102.61208891202556,201.20570404080604,192.05922839124906,5.074491200000165
87.52,103.38238255522273,102.84317700498471,202.33436575431824,192.37600200716705,5.076375200000165
87.552,103.1209467433389,102.92650792649096,201.9928799122345,192.5736322986582,5.078259200000166
87.584,100.19229247936715,102.10624329235381,203.33420310814108,192.92683480460335,5.0802060000001665
87.616,98.34900320940523,100.97907126746924,199.5218961361693,192.5260904570735,5.082152800000167
87.648,101.76776161501544,101.21567837173309,201.22002589743389,192.55667045834366,5.084036800000168
87.68,95.24938373407534,99.42578998043575,200.69322586118022,192.4349327031277,5.085983600000168
87.712,104.50528217684789,100.94963763935938,201.41734652885623,192.51772657453714,5.087867600000169
87.744,92.23919450980057,98.33650470049173,199.78050548743974,192.23783744822995,5.0898144000001695
87.776,97.59625843661544,98.11443082132884,199.1990301814821,191.95479532984544,5.09169840000017
87.808,106.11090534130362,100.51337317732126,200.83780596223917,191.96816411431405,5.093645200000171
87.84,104.18131547937281,101.6137558679367,202.42841792667463,192.26700999084187,5.095592000000171
87.872,102.98991310213913,102.02660303819742,200.79564351174966,192.26767075589245,5.097476000000172
87.904,92.25244915946513,99.09435687457773,196.88330710631345,191.5086554107523,5.099422800000168
87.936,96.65604075492377,98.36286203868154,197.7020249088466,191.08663919682408,5.1013068000001685
87.968,101.34718188592448,99.25815799285442,199.34389844939068,190.98674853814907,5.103253600000169
88.0,104.82887415888564,100.92937284266378,200.13814702286334,191.10012821247247,5.10513760000017
88.032,97.53219229526599,99.91021867844444,198.6221394577188,190.86715949345896,5.10708440000017
88.06400000000001,100.52264919035358,100.09394783201716,199.87869176945532,190.9037903757158,5.1090312000001665
88.096,94.08277923752476,98.29059725366943,198.36708749960053,190.71162790301216,5.110915200000167
88.128,99.06525342255887,98.52299410433625,200.51280365680134,190.94261564666675,5.112799200000167
88.16,100.81609668258037,99.21092487780948,202.7406800315796,191.48360190891896,5.114746000000168
88.19200000000001,98.25315451041931,98.92359376759242,201.14710910442568,191.63823862976525,5.116692800000169
88.224,100.68689091894501,99.4525829129982,200.69312432140921,191.73414972862597,5.118576800000169
88.256,101.9253912352381,100.19442540967016,201.89039494114542,191.97797080482752,5.12052360000017
88.288,99.39778271687167,99.95543260183061,201.79202217724014,192.21128900342384,5.12240760000017
88.32000000000001,100.87261231424519,100.23058651555496,202.30278556008665,192.44339073398265,5.124354400000171
88.352,107.59532833693669,102.44000906196948,204.90694778426803,193.15626286942302,5.1262384000001715
88.384,102.7201627097077,102.52405515629093,205.12055438965342,193.7273358296648,5.128185200000172
88.416,103.96848309343741,102.95738353743488,205.89460625190472,194.33514746624454,5.130132000000173
88.44800000000001,104.1358171254098,103.31091361382735,206.6586314489885,195.02266672490254,5.132016000000173
88.48,92.95429354680388,100.20392759372031,204.32757235429784,195.16383081055227,5.133900000000174
88.512,100.84496383918903,100.39623846736092,203.32467512430514,195.04648928779162,5.1358468000001745
88.544,100.64461375228008,100.47075105283666,202.15907872807946,194.73941624054913,5.137793600000175
88.57600000000001,105.66011912394549,102.0275614741693,203.42195065260694,194.76793268405746,5.139677600000176
88.608,92.97638473131039,99.31220845131163,200.1368001553426,194.14525029806916,5.141624400000176
88.64,99.92048058624448,99.49469009179148,198.59562534795418,193.40775642484897,5.143508400000177
88.672,103.61947985718248,100.73212702140879,201.3821798477455,193.25667318457977,5.145455200000177
88.70400000000001,103.0311937506468,101.42184704018018,201.17625033942917,193.14709626244874,5.147339200000178
88.736,100.64905225620588,101.19000860498788,202.12868747836265,193.17830788731138,5.149286000000174
88.768,94.53907151878198,99.1947274791261,199.7868029347273,192.77999500893299,5.151232800000175
88.8,96.50236659271444,98.38701921320259,198.532228737904,192.2781343181529,5.153116800000175
88.83200000000001,105.91058996740135,100.64409043946222,201.16567112135698,192.34375568449934,5.155000800000176
88.864,103.2685241576319,101.43142055491312,202.30422383879778,192.5521416001735,5.156947600000176
88.896,99.99525751429846,101.00057164272872,203.0577706222076,192.85920027678162,5.158894400000173
88.928,102.32564212270123,101.39809278672047,202.06725430658955,192.9828344638319,5.160778400000173
88.96000000000001,97.11142334049808,100.11209195285375,199.7272580271702,192.60912430870272,5.162725200000174
88.992,96.59545352629993,99.05710042488761,198.5824461662419,192.14728001921958,5.164609200000174
89.024,98.86212759273711,98.99860857524246,198.64163395124797,191.72830788289093,5.166556000000175
89.056,100.56475230069262,99.46845169287751,199.09006719666803,191.51776731914097,5.168440000000175
89.08800000000001,100.50456290870432,99.77928505762554,200.4892868482284,191.5471559937384,5.170386800000176
89.12,101.7217368693218,100.3620206011344,202.96904743819977,192.02005588952824,5.172333600000177
89.152,98.25100969254643,99.728717328558,201.24162866663858,192.14613693621132,5.174217600000177
89.184,96.40507108264893,98.73162345478528,200.20660054886895,192.0106267562572,5.176164400000178
89.21600000000001,103.25865963932304,100.08973431014661,200.8099485395642,192.060281423444,5.178048400000178
89.248,98.46477245808606,99.60224575452844,199.12082334618384,191.74378790499756,5.179995200000179
89.28,100.45367450425118,99.85767437944526,199.527127252526,191.60955227864355,5.181879200000179
89.312,96.46972639644544,98.84128998454531,199.32267522950588,191.41117430294133,5.18382600000018
89.34400000000001,99.29742063874056,98.97812918080388,198.23307850580758,191.0514879508276,5.185772800000181
89.376,98.59761018470502,98.86397348197421,199.8299485492078,191.09736679543644,5.187656800000181
89.408,95.10127055555945,97.73516260404978,198.74432449908676,190.9384464308004,5.189540800000182
89.44,98.14669114725346,97.85862116701088,199.2386426824343,190.84632726214747,5.191487600000182
89.47200000000001,102.92867882469248,99.37963846431535,200.10384623962642,190.92748112545794,5.193434400000183
89.504,97.72269126085902,98.88255430327844,201.7477369858929,191.3429198333746,5.1953184000001835
89.536,97.30900383582303,98.41048916304182,201.32449772381887,191.5551265587828,5.19726520000018
89.568,103.25627167703473,99.86422391723968,203.7513440335594,192.21961089608402,5.19914920000018
89.60000000000001,100.04804773656176,99.9193710630363,203.21250797128118,192.61486387819383,5.201096000000181
89.632,100.35392290445314,100.04973661546134,201.70527111175548,192.71720428777905,5.202980000000181
89.664,104.51505674607787,101.3893326546463,202.4205744982251,192.87905611516703,5.204926800000182
89.696,96.14576614513018,99.81626270179146,200.61481064680947,192.68477439929194,5.206873600000178
89.72800000000001,94.15925034766059,98.11915899555218,198.74395611106618,192.23847052984232,5.208757600000179
89.76,102.2424310555495,99.35614061355136,199.6124870318389,192.0301484866694,5.210641600000179
89.792,100.62399841886278,99.73649795514478,199.71952200008235,191.8274719218674,5.21258840000018
89.824,101.19668321987511,100.17455353456387,201.48886069987645,191.98172521441637,5.214535200000181
89.85600000000001,97.675619187676,99.4248732304975,202.1510784425318,192.27935216505398,5.216419200000181
89.888,102.63670618764358,100.38842311764131,204.23457152821663,192.84878308743419,5.218366000000182
89.92,94.23625778403613,98.54277351755975,203.0781322604155,193.15726915484794,5.220250000000182
89.952,96.93156638670469,98.05941137830322,200.98204403253044,192.97909990015737,5.222196800000183
89.98400000000001,98.72517036290631,98.25913907368414,201.44139155422886,192.96775295234113,5.224080800000183
90.016,102.7748298589658,99.61384630926862,199.33617863689938,192.52598811647667,5.226027600000184
90.048,97.16935945101189,98.8805002517916,200.24333797178178,192.32837519996386,5.227974400000185
90.08,96.81177520766437,98.25988273855342,200.19940172598635,192.21001073478863,5.229858400000185
90.112,103.07436504386467,99.70422743014679,199.4928633968764,191.9851882633693,5.2317424000001855
90.144,90.65068673565099,96.98816522179804,196.73102442735455,191.24973876059843,5.233689200000186
90.176,100.87961098618277,98.15559895111345,197.62730095888878,190.8096276109917,5.235636000000187
90.208,104.88944235565718,100.17575197247658,199.20406148185225,190.78599857321578,5.237520000000187
90.24,105.52723011084436,101.7811954139869,201.5387162115922,191.13777967472603,5.239466800000188
90.272,98.57570145074041,100.81954722501294,200.25498724520054,191.24497087862457,5.2413508000001885
90.304,99.34418328556255,100.37693804317783,201.3623053616951,191.48174920958934,5.243297600000189
90.336,105.20719641311793,101.82601555415985,202.25191005612632,191.88812084460568,5.24518160000019
90.368,99.41493398815102,101.1026910843572,200.75920492441992,191.89933095272934,5.247128400000186
90.4,100.29841464613745,100.86140815289127,202.7007360070823,192.2599243554176,5.249075200000187
90.432,99.49224690828777,100.45065977951022,202.2189409010475,192.51948088975413,5.250959200000187
90.464,99.09881181866187,100.04510539125572,201.5426722164857,192.55822203118754,5.252906000000188
90.496,100.78825557406242,100.26805044609773,203.51119897486524,192.99768292501713,5.254790000000188
90.528,98.32974006476073,99.68655733169663,202.61773158418993,193.14445375889346,5.256736800000189
90.56,99.62184055013677,99.66714229722866,201.65600349873603,193.14202240206848,5.258620800000189
90.592,103.86039451338105,100.92511796207438,201.3048645532897,193.02504248291982,5.26056760000019
90.624,93.04429233016006,98.56087027250007,200.5667206256085,192.79563342342416,5.262514400000186
90.656,99.69772491451131,98.90192666510345,202.6379057565817,193.0340595457135,5.264398400000187
90.688,101.77571466545507,99.76406306520893,202.25565093385308,193.16014396094656,5.266282400000187
90.72,100.62974756163278,100.02376841413607,200.42760762162948,192.88110276233394,5.268229200000188
90.752,102.22439823938868,100.68395736171185,201.4134524436738,192.83100278695812,5.2701760000001885
90.784,105.62457557378909,102.16614282533502,203.51413955907267,193.22162328098315,5.272060000000189
90.816,102.58518597279249,102.29185576957225,202.5423128026549,193.31421085565088,5.27400680000019
90.848,102.52193970403229,102.36088094991027,203.79905955833226,193.66894170236546,5.27589080000019
90.88,101.47836150932577,102.09612511773491,203.51663083857568,193.85691489631222,5.277837600000191
90.912,103.96120962838975,102.65565047093135,204.04987233927068,194.1588141511191,5.279721600000191
90.944,101.61826640689648,102.34443525172088,201.68705688864424,193.92697331670672,5.281668400000192
90.976,97.16103921067834,100.78941643940811,200.28453657995556,193.48324240960636,5.283615200000193
91.008,99.06210538111156,100.27122312191915,199.99832304055005,193.11945511044246,5.285499200000193
91.04,106.42718053598023,102.11801034613747,202.7840892028376,193.3257291530427,5.2873832000001935
91.072,93.56457640430264,99.55198016358702,198.57699657119582,192.68176144997676,5.289330000000194
91.104,97.25763419260811,98.86367637229334,198.29145344813105,192.10266770428208,5.291276800000195
91.136,102.11702499917344,99.83968096035736,200.2262045034932,192.0300069704151,5.293160800000195
91.168,99.01990241610665,99.59374739708213,198.83570451432388,191.6673872533454,5.295107600000196
91.2,108.12123102573042,102.1519924856766,200.57627816728314,191.73687366061463,5.296991600000196
91.232,101.36618325838874,101.91624971749025,200.5629105194715,191.73993033379975,5.298938400000197
91.264,100.3816962860462,101.45588368805703,198.21453249339947,191.36881653201593,5.3008224000001976
91.296,102.10479201927122,101.65055618742127,198.9638726112084,191.1490687462457,5.302769200000194
91.328,99.40484915675712,100.97684407822202,199.29330685729752,191.0287215421054,5.3047160000001945
91.36,99.27960739377205,100.46767307288701,200.50985105749794,191.20178171275003,5.306600000000195
91.392,97.46187840331855,99.56593467201645,201.49477903125631,191.52178793617412,5.308484000000195
91.424,97.95739108502522,99.08337159591908,201.19633210975496,191.6784223225965,5.310430800000196
91.456,99.29603933010777,99.14717191617568,199.27046234130393,191.45812863738118,5.312377600000192
91.488,101.58743185611867,99.87924989815858,202.20749359917284,191.86073626899,5.314261600000193
91.52,100.21377354696071,99.9796069927992,202.63724098102415,192.2168227716601,5.3162084000001935
91.552,99.11864515395752,99.72131844114668,202.77413462392167,192.584669268191,5.318092400000194
91.584,98.37578902997654,99.31765961779563,200.60321047856905,192.44157123770952,5.320039200000195
91.616,100.9394914487868,99.80420916709296,200.2169217711967,192.30588965588686,5.321923200000195
91.648,99.73036779273026,99.78205675478415,199.3655231224699,191.9892317091359,5.323870000000196
91.68,95.98511481375841,98.64297417247643,197.7984815069624,191.4462574287664,5.325816800000196
91.712,104.23438714270316,100.32039806354443,199.52600305526528,191.36567060157242,5.327700800000197
91.744,98.23250488671042,99.69403011049423,199.10721552526275,191.1724369322502,5.3296476000001975
91.776,100.71677856685332,100.00085464740195,200.7512942755942,191.3631855966485,5.331531600000198
91.808,99.92316248631477,99.9775469990758,201.71512460565924,191.6424267632115,5.333478400000199
91.84,102.02403814555564,100.59149434301973,202.16783726434574,192.00449919454542,5.335362400000199
91.872,101.64537193934173,100.90765762191631,202.48661771411957,192.30730252868875,5.3373092000002
91.904,106.10009800618795,102.4653897371978,203.1482765634787,192.6750578184052,5.3392560000002005
91.936,102.36572113291358,102.43548915591253,204.19752721420983,193.2175954294131,5.341140000000201
91.968,99.9273816185337,101.68305689469886,201.68544217929195,193.20725394011927,5.343024000000201
92.0,97.85550297340362,100.53479071831028,201.84560948341115,193.17634076205897,5.344970800000202
92.032,100.55291239202188,100.54022722042374,202.57967259878706,193.28388639017274,5.346917600000203
92.06400000000001,100.3740862711514,100.49038493564203,203.3329227815708,193.55973629266197,5.348801600000203
92.096,95.65385635814292,99.03942636239228,202.3011614006113,193.54747844941485,5.3507484000001995
92.128,103.72238940523935,100.4443152752464,200.33796284036362,193.23353854572366,5.3526324000002
92.16,98.45053580809981,99.84618143510241,200.29962981819907,192.91804944577493,5.354579200000201
92.19200000000001,100.17171317232037,99.94384095626779,200.33278530594183,192.71709750513824,5.356463200000201
92.224,94.67407585768171,98.36291142669197,201.00125907610348,192.6220760991718,5.358410000000202
92.256,97.7949794508423,98.19253183393707,200.6158919634176,192.47450284255032,5.360356800000198
92.288,105.897771366736,100.50410369377674,204.4128922800018,193.09232094646293,5.362240800000198
92.32000000000001,97.90486460894789,99.72433196832807,203.92413638048419,193.50985190844335,5.364124800000199
92.352,103.55263453886701,100.87282273948975,204.4014473303329,193.8867695433002,5.3660716000002
92.384,96.71268903858531,99.6247826292184,200.29729986503895,193.45262554202685,5.3680184000002
92.416,101.2099831164114,100.10034277537629,201.41385009899818,193.35058669607875,5.369902400000201
92.44800000000001,100.40712605715228,100.19237775990908,203.08464287057865,193.51799260662676,5.371849200000201
92.48,100.13591958249853,100.1754403066859,203.78541385472028,193.8333696249286,5.373733200000202
92.512,96.97564640691559,99.2155021367548,202.66633472411985,193.8376802923797,5.3756800000002025
92.544,103.76155293686085,100.5793173767866,203.29406663597297,194.00626201047922,5.377564000000203
92.57600000000001,100.70670715130626,100.6175343091425,203.78571254869223,194.1818841879373,5.379510800000204
92.608,101.18813548885572,100.78871466305645,201.20139588046254,193.8579642998879,5.381457600000204
92.64,102.56103838396982,101.32041177933046,203.4855885105651,194.05753964596212,5.383341600000205
92.672,105.22548686862783,102.49193430611966,203.45688586672765,194.21579724372157,5.385225600000205
92.70400000000001,105.53032236516941,103.40345072383458,203.84198903045916,194.36367996840565,5.387172400000206
92.736,102.56214262097782,103.15105829297754,203.8081521148187,194.47867189023268,5.389119200000207
92.768,94.55685384639611,100.57279695900311,200.94995151040854,194.10695671707822,5.391003200000207
92.8,108.16080427319017,102.8491991532592,202.78082942881275,194.0824720581543,5.392950000000208
92.83200000000001,99.60191210660334,101.87501303926243,203.19240459771535,194.1883464995547,5.394834000000208
92.864,101.76062820197687,101.84069758807675,205.3289994684372,194.61034293086732,5.396780800000209
92.896,106.21085659766436,103.15174529095303,205.67983885202176,195.0708934697702,5.398664800000209
92.928,109.37681126277663,105.0192650825001,207.6145903918865,195.74683736644116,5.400611600000206
92.96000000000001,97.1838379392301,102.66863693951909,204.88091970952635,195.80564950598455,5.402558400000206
92.992,103.34076068682575,102.87027406371108,203.98758762107224,195.7435592650134,5.404442400000207
93.024,106.63542244064719,103.99981857679191,204.6879838165861,195.7680438160815,5.406389200000207
93.056,99.18342581156242,102.55490074722306,203.66614156579195,195.65457917505202,5.408273200000208
93.08800000000001,104.81218806123917,103.23208694142788,203.41850533901317,195.4653964545475,5.410220000000204
93.12,100.01846816239771,102.26800130771883,203.60481694593702,195.39561062945288,5.4121040000002045
93.152,105.88053928554686,103.35176270106723,204.07391945780384,195.37192889660136,5.414050800000205
93.184,100.06266090518892,102.36503216230373,203.50931470865925,195.30177479960915,5.415934800000206
93.21600000000001,104.79687849881628,103.0945860632575,204.32792610597411,195.341051689993,5.417881600000206
93.248,101.8878906047489,102.7325774257049,201.87792835751742,194.9812094192309,5.419765600000207
93.28,97.83247876353823,101.26254782705489,200.73896489952523,194.4289147954842,5.4217124000002075
93.312,97.57922975515355,100.15755240548447,198.86890726460797,193.6381083447533,5.423659200000208
93.34400000000001,99.88733722753472,100.07648785209953,198.99799353499634,193.06523354446088,5.425543200000209
93.376,104.88354004328481,101.5186035094551,201.9820456520779,193.0847203118611,5.427490000000209
93.408,95.37158541436307,99.67449808092749,199.47797645134654,192.69888308279113,5.42937400000021
93.44,102.65529605143482,100.56873747207968,200.93760321114155,192.5956368887505,5.4313208000002104
93.47200000000001,105.53273329223556,102.05793621812643,203.46209231715844,193.01943760354524,5.433204800000211
93.504,94.72719688875401,99.8587144193147,201.89404432395372,193.0312853008499,5.435151600000212
93.536,103.66112006113025,100.99943611185935,203.80090637945113,193.38612588299222,5.437098400000212
93.568,95.37832825867537,99.31310375590415,199.98680914243585,193.03783244664365,5.438982400000213
93.60000000000001,98.55851298646924,99.08672652507366,198.64857682307309,192.51036253501928,5.440866400000213
93.632,100.36746635976417,99.47094847548081,199.88826595771118,192.25131065860282,5.442813200000214
93.664,99.25238950716007,99.40538078498459,199.52838783093063,191.97400948168357,5.4447600000002145
93.696,107.53321326214002,101.84373052813122,202.59625824193228,192.3536093970245,5.446644000000215
93.72800000000001,105.61641186969672,102.97553493060086,203.941522666406,192.85655883013646,5.448590800000211
93.76,99.48955533597666,101.92974105221359,203.0450367348919,193.1576472996718,5.450474800000212
93.792,95.5733603400165,100.02282683855445,200.32391608900173,192.86029008107437,5.452421600000212
93.824,99.95334588982651,100.00198255393607,199.66175199798485,192.5483370822748,5.454305600000213
93.85600000000001,96.91119061347132,99.07474497179665,199.41933021617672,192.197535704566,5.4562524000002135
93.888,98.01184214902597,98.75587412496543,200.33952979518773,192.07678233831373,5.45819920000021
93.92,98.40046813070842,98.64925232668833,199.549452400598,191.8863163441445,5.46008320000021
93.952,97.74762468959267,98.37876403555963,198.11807831651117,191.4712490725553,5.461967200000211
93.98400000000001,100.71998646321052,99.0811307638549,199.13284405390493,191.2635446625511,5.463914000000211
94.016,97.4409288494706,98.58907018953961,199.25105393984626,191.11482992937596,5.465860800000212
94.048,102.39803037393438,99.73175824485804,201.92830711035606,191.52904171317377,5.4677448000002125
94.08,102.4736343142176,100.5543210656659,201.62659396042088,191.76223950866435,5.469691600000213
94.11200000000001,100.05016043460165,100.40307287634661,200.96248278715092,191.8844599691553,5.471575600000214
94.144,96.9640523382194,99.37136671490845,200.87091188816544,191.91655136918325,5.473522400000214
94.176,100.06367199290614,99.57905829830774,200.44645872680235,191.9174426955098,5.475406400000215
94.208,102.19299986721016,100.36324076897847,201.31384632282453,192.0237343349542,5.477353200000215
94.24,96.32701855769425,99.1523741055932,201.42073134052507,192.1301333743869,5.479300000000216
94.272,95.3450911556553,98.0101892206118,199.86801557806095,191.98767011807342,5.4811840000002165
94.304,101.9894478093629,99.20396679723711,198.89882801400353,191.64413846237878,5.483130800000217
94.336,98.53366813296728,99.00287719795615,198.72919036339238,191.3835145452498,5.485014800000218
94.368,105.95598916506094,101.08881078808759,200.9395810103028,191.51870476115113,5.486961600000218
94.4,99.05837907052592,100.47968127281908,202.4259075054182,191.94988063875425,5.488845600000219
94.432,94.28627324698371,98.62165886506847,199.8552808135266,191.78630436227525,5.4907924000002195
94.464,101.22709634844588,99.40329011008168,200.3470015703743,191.79276857494654,5.49267640000022
94.496,103.77268652229972,100.71410903374709,200.374953247443,191.75168860900166,5.494623200000221
94.528,102.23157738061863,101.16934953780854,201.83104128535462,192.03302568365362,5.496507200000221
94.56,110.61706985943341,104.003665634296,205.24595621129902,192.83009919815484,5.498454000000217
94.592,103.07622314494827,103.72543288749168,205.2352470673947,193.48096606090297,5.500400800000218
94.624,100.96680233672433,102.89784372226146,203.81821473909554,193.80898167035159,5.5022848000002185
94.656,101.01582599623994,102.33323840445499,203.61768042886547,193.9898977029269,5.504231600000219
94.688,101.66285668343946,102.13212388815032,202.75005265558815,194.03246327119734,5.50611560000022
94.72,99.20453265189245,101.25384651727296,202.77442910823612,194.0203032985703,5.508062400000216
94.752,99.5824539143467,100.75242873639507,202.16263937619502,193.9510451873315,5.509946400000216
94.784,98.66288183043898,100.12556466460823,199.7220785183792,193.40115382154144,5.511893200000217
94.816,106.24691097765276,101.96196855852158,200.44913189876857,193.08238627831074,5.513840000000218
94.848,97.03093252132788,100.48265774736346,199.61035742489855,192.72093213041228,5.515724000000218
94.88,99.80109572927591,100.27818914193719,201.70012541727053,192.80314309229752,5.517608000000219
94.912,100.34872569055766,100.29935010652332,203.9189877072426,193.22064927326016,5.519554800000219
94.944,100.83375445673721,100.45967141158748,202.81229865266636,193.36227990814416,5.52150160000022
94.976,97.41477345392369,99.54620202428833,202.72104118408666,193.51319173184882,5.52338560000022
95.008,100.68295916476302,99.88722916643073,202.34499849842732,193.51729274397846,5.525332400000221
95.04,97.64894643059702,99.2157443456806,201.76505731597143,193.46711692795876,5.5272164000002215
95.072,99.4156592647782,99.27571882140987,202.21733659054013,193.45645087721917,5.529163200000222
95.104,97.31132297664828,98.68640006798138,201.14802259402217,193.30560553798296,5.531047200000223
95.136,98.45809884015499,98.61790969963346,201.38037965680508,193.17268552404613,5.532994000000223
95.168,98.1402914436698,98.47462422284435,202.0440771118946,193.1839512903553,5.534940800000224
95.2,96.82281426411296,97.97908123522492,200.59917170686035,192.98308705321048,5.5368248000002245
95.232,105.52623472662316,100.24322728264438,202.1113651886575,193.09228200183017,5.538708800000225
95.264,97.6712754652263,99.47164173741895,200.0840260378311,192.76333623702408,5.540655600000226
95.296,101.03825655719267,99.94162618335106,198.55113582386622,192.21647952182545,5.542602400000226
95.328,101.50922704566335,100.41190644204475,200.80630206625247,192.22821534792055,5.544486400000227
95.36,103.98373805150263,101.48345592488211,204.08668618908433,192.78013502848842,5.546433200000227
95.392,99.65166810420982,100.93391957868042,202.65838120584044,193.02507232708922,5.548317200000228
95.424,101.30045404452387,101.04387991843345,204.22732316341384,193.45821781917937,5.550264000000229
95.456,97.41450847775806,99.95506848623081,200.42627136134382,193.17641749014118,5.552148000000229
95.488,99.29682595613201,99.75759572720116,201.10470112616798,193.01698306322857,5.554094800000225
95.52,98.73390876282521,99.45048963788838,200.51203938128697,192.7791355694465,5.556041600000226
95.552,98.53478878583613,99.1757793822727,198.52254890940662,192.27567841019683,5.557925600000226
95.584,96.77451580118532,98.45540030794646,199.29215327426382,192.0026422199712,5.559809600000227
95.616,99.24343884761814,98.69181186984795,199.90816581287254,191.83908828186654,5.5617564000002275
95.648,95.44473701002218,97.71768941190021,197.17123448627757,191.20975943792476,5.563703200000224
95.68,101.55126198928909,98.86776118511686,198.86965089478048,191.0531800504452,5.565587200000224
95.712,98.83327139347047,98.85741424762294,199.10071895128593,190.91533052980347,5.567534000000225
95.744,103.29439288706395,100.18850783945524,198.9209603236182,190.82132892126256,5.569418000000225
95.776,95.90068108212884,98.90215981225732,199.1233546236353,190.72954087864247,5.571364800000226
95.808,104.25578630692667,100.50824776065812,202.12040297575095,191.24825789596974,5.5732488000002265
95.84,96.39895138862093,99.27545884904696,201.499851520044,191.50933679747615,5.575195600000227
95.872,101.56272311435802,99.96163812864026,199.29917235897472,191.32484361347053,5.577142400000228
95.904,101.2457484386051,100.34687122162971,200.43149702273854,191.430124540445,5.579026400000228
95.936,103.171773969343,101.19434204594369,202.85871831096853,191.90423754057957,5.580973200000229
95.968,100.83336097351997,101.08604772421657,203.24769822852033,192.41437502076215,5.5828572000002294
96.0,92.81016834979141,98.60328391188902,200.23109960314804,192.23474868264861,5.58480400000023
96.032,102.49578174892976,99.77103326300123,200.83719054542135,192.24876857397277,5.586688000000231
96.06400000000001,97.70632384759506,99.15162043837937,201.9600964879735,192.41206072590873,5.588634800000231
96.096,103.10338427358332,100.33714958894055,202.71294173509466,192.68206052151416,5.590581600000232
96.128,96.09272079279057,99.06382095009555,200.09394958235367,192.48059331728086,5.592465600000232
96.16,101.05009691684882,99.65970374012151,200.43571399338794,192.3774496840802,5.594349600000233
96.19200000000001,101.71986998046872,100.27775361222567,201.3687190373954,192.41041302773363,5.5962964000002335
96.224,100.97436475983719,100.48673695650912,200.98069871720355,192.36717937546058,5.598243200000234
96.256,101.82465791253324,100.88811324331635,203.513029473575,192.84154983045627,5.600127200000235
96.288,99.16896141877744,100.37236769595467,204.1834940547026,193.29997947826584,5.602074000000231
96.32000000000001,101.73076955817069,100.77988825461946,203.3740904295148,193.58036781371317,5.603958000000231
96.352,98.50154192622006,100.09638435609963,200.75431059912978,193.28439956931777,5.605904800000232
96.384,101.66797434315187,100.56786135221529,200.8918314830216,193.1183251350249,5.6077888000002325
96.416,102.28830718503204,101.08399510206031,203.27598898236343,193.36240298059974,5.609735600000233
96.44800000000001,103.19940611777301,101.71861840677411,204.26921657842465,193.74207506744824,5.611682400000229
96.48,105.16965826410154,102.75393036397233,203.74009773669087,194.00869161312792,5.61356640000023
96.512,100.11729525614011,101.96293983162266,202.47287561138683,193.99768717490224,5.61545040000023
96.544,101.59490362304699,101.85252896904996,202.6329699528548,193.96621783395926,5.617397200000231
96.57600000000001,94.00390504014804,99.49794179037937,199.65280273911702,193.40104151315515,5.619344000000232
96.608,97.64861144212222,98.94314268590222,199.4082537528295,192.94533129853352,5.621228000000232
96.64,102.63378905945244,100.05033659796729,198.93922131636842,192.43577643867866,5.623174800000233
96.672,111.35948363732396,103.44308070977428,201.24937280905775,192.48801477061636,5.625058800000233
96.70400000000001,102.91321655469756,103.28412146325125,201.59043038615943,192.54109531124809,5.627005600000234
96.736,97.74997899836657,101.62387872378585,200.30708648779634,192.40371970910158,5.628889600000234
96.768,104.3678725459876,102.44707687044637,202.02285699854662,192.5503255873243,5.630836400000235
96.8,102.38655677361436,102.42892084139676,201.05982809304675,192.49609032999584,5.632783200000236
96.83200000000001,103.50259205145613,102.75102220441457,201.27984298408165,192.542927023523,5.634667200000236
96.864,92.54628386722413,99.68960070325743,196.90028336759752,191.78859699594236,5.636551200000237
96.896,102.66453950896687,100.58208234497025,198.0746088958636,191.33191547006928,5.638498000000237
96.928,100.85739354741035,100.66467570570228,199.16174604873288,191.15466128467983,5.640444800000238
96.96000000000001,101.21724861309116,100.83044757791893,199.89786508179077,191.194158735963,5.6423288000002385
96.992,97.29994029809413,99.77129539397149,198.36668488375474,190.8979340836815,5.644275600000239
97.024,98.57569495778682,99.41261526311608,196.57985054474906,190.38334614233054,5.64615960000024
97.056,103.01537109948211,100.49344201402587,199.88479812433926,190.50865127265862,5.64810640000024
97.08800000000001,98.46747702795884,99.88565251820575,198.9429551991488,190.4922386157718,5.649990400000241
97.12,96.29771630360392,98.80927165382519,199.05015417143923,190.4467660000559,5.651937200000237
97.152,97.03145724271765,98.27592733049292,196.53023400148135,189.95342453239874,5.653884000000238
97.184,104.81403302882532,100.23735903999263,199.26641486497175,190.0960519292123,5.655768000000238
97.21600000000001,96.27770463149103,99.04946271744214,197.75548886031436,189.88795691748163,5.657714800000239
97.248,96.82193691254858,98.38120497597406,196.2036617735804,189.4880830990335,5.659598800000239
97.28,93.61993632392456,96.9528243803592,195.43980953075078,188.97089673498027,5.6615456000002355
97.312,99.72811989441126,97.78541303457482,197.3440431678888,188.9434147238892,5.663429600000236
97.34400000000001,99.77624542572846,98.3826627519209,198.0310128782097,188.9938133408992,5.665376400000237
97.376,99.39778793635878,98.68720030725225,199.1348823167375,189.23488755601355,5.667323200000237
97.408,93.07886794934558,97.00470059988024,198.4044250857961,189.35155035237202,5.669207200000238
97.44,101.39421812660177,98.3215558578967,200.09163721134672,189.75247867045096,5.671091200000238
97.47200000000001,99.65870134852838,98.72269950508618,198.1739165160468,189.68230392870726,5.673038000000239
97.504,101.57305574384708,99.57780637671445,199.92979570147452,189.94264040533076,5.67498480000024
97.536,99.98082466207643,99.69871186232304,200.12399043517263,190.24243874723788,5.67686880000024
97.568,92.51900946092601,97.54480114190392,197.55365816562693,189.97131723192422,5.678815600000241
97.60000000000001,96.91353549066457,97.3554214465321,198.0386900876727,189.88849096400264,5.680699600000241
97.632,102.68342783059796,98.95382336175186,197.50653217338586,189.67290342961593,5.682646400000242
97.664,103.16984275529677,100.21862917981532,198.80486051650678,189.78276425929528,5.684530400000242
97.696,103.97973742145095,101.346961652306,198.77989598440513,189.81678867766044,5.686477200000243
97.72800000000001,99.88600472387085,100.90867457377546,199.2162605984562,189.9236356705923,5.688424000000244
97.76,105.4491717877184,102.27082373795834,201.08872066254605,190.40148759352462,5.690308000000244
97.792,101.75522777202,102.11614494817684,200.99536512771311,190.77595238752428,5.692192000000245
97.824,98.68576378761207,101.08703060000741,200.91628639565715,191.01689357531222,5.694138800000245
97.85600000000001,102.15819934186771,101.40838122256548,199.51377433215515,190.96037381283415,5.696085600000246
97.888,103.1504075947228,101.93098913421267,200.52923791237822,191.14931372496363,5.697969600000246
97.92,107.74364198270743,103.6747849887611,203.35966296259954,191.7649225199719,5.699916400000243
97.952,94.23894299774858,100.84403239145735,202.04182078438924,192.08201485465352,5.701800400000243
97.98400000000001,104.127369851747,101.82903362954423,202.89733393039472,192.44512666060086,5.703747200000244
98.016,91.08270966856205,98.60513644124957,201.37538970115327,192.51848136962252,5.705631200000244
98.048,96.36297546084825,97.93248814712916,200.64368914870585,192.39468972273534,5.707578000000245
98.08,96.60805395170067,97.5351578885006,201.6728616907273,192.47958172595648,5.709524800000241
98.11200000000001,98.17104519366714,97.72592408005056,201.4113541668894,192.55320963269227,5.711408800000242
98.144,94.60942270085889,96.79097366629306,199.24524342578297,192.22145041569226,5.713292800000242
98.176,100.84545015815694,98.00731661385221,199.92887894459832,192.0220417637813,5.715239600000243
98.208,96.65619768876195,97.60198093632512,199.37230741626058,191.75798751970743,5.7171864000002435
98.24000000000001,106.08573235553587,100.14710636208834,202.1727247853308,192.10002837072213,5.719070400000244
98.272,107.31692846581012,102.29805299320486,204.72004898299014,192.78978666544572,5.721017200000245
98.304,106.00454472769721,103.41000051355256,205.74019474161042,193.59077762549055,5.722901200000245
98.336,98.57595907207406,101.95978808110901,202.09053970697363,193.53477937560484,5.724848000000246
98.368,101.86888982005658,101.93251860279327,201.6434905791926,193.45943524580983,5.726732000000246
98.4,100.3546248513489,101.45915047735996,200.4788149444222,193.13549146719055,5.728678800000247
98.432,104.47818357404867,102.36486040636656,202.54563290622906,193.2442696163831,5.730625600000248
98.464,102.32181495572895,102.35194677117528,205.0968720223155,193.84656048099265,5.732509600000248
98.496,98.50250377630876,101.19711387271532,202.69659493937675,193.85396065999632,5.734456400000249
98.528,101.55795259914117,101.30536549064308,202.04929305176432,193.79429474978502,5.736340400000249
98.56,99.83959268048486,100.8656336475956,201.3920151688131,193.57502920289357,5.73828720000025
98.592,97.4970820284303,99.855068161846,200.5299455427904,193.29085107292474,5.74017120000025
98.624,100.41891312695574,100.02422165137892,201.573506695631,193.19555709406958,5.742118000000251
98.656,102.14829764762325,100.6614444502522,200.77396052415023,192.97279522023115,5.744064800000252
98.688,103.71303735129152,101.576922320564,200.42790927254026,192.77915163192833,5.745948800000252
98.72,101.71357180595808,101.61791716618222,199.8493722144664,192.51584328304932,5.7478328000002525
98.752,98.18987810786669,100.58950544868756,200.37828329349458,192.34449132369758,5.749779600000249
98.784,112.5925378258965,104.19041516185024,205.70176985498463,193.16769146777736,5.7517264000002495
98.816,102.78442523304238,103.76861818320788,204.71883906511715,193.71541976192387,5.75361040000025
98.848,101.61221530483408,103.12169731969573,202.6180400981121,193.73233785399862,5.755557200000251
98.88,97.5440896096389,101.44841500667867,201.03257414913713,193.51066177691837,5.757441200000251
98.912,100.49776278797844,101.1632193410686,201.09522430929132,193.28901468527732,5.759388000000247
98.944,109.2558203370039,103.59099963984919,203.52432748979993,193.59858015516505,5.761272000000248
98.976,102.75465936823554,103.34009755836507,203.58147478662747,193.8110252074183,5.763218800000248
99.008,102.12494090254926,102.97555056162032,203.42286728698855,193.9563106708011,5.765165600000249
99.04,107.02179784435961,104.1894247464421,205.57321715692484,194.51594116023716,5.76704960000025
99.072,103.35205401429238,103.93821352679717,205.97513198182975,195.04702550672306,5.76893360000025
99.104,105.5873717665325,104.43296099871776,205.65982221439629,195.3734812678402,5.770880400000251
99.136,94.91147149646353,101.57651414804148,201.52515234498767,194.89248438722828,5.772827200000251
99.168,97.78446466945792,100.4388993044664,201.8738043406389,194.6130852456244,5.774711200000252
99.2,96.35793477554533,99.21460994579007,202.29413696078765,194.40890245604035,5.7766580000002525
99.232,102.93594366825926,100.33101006253082,202.40681650012166,194.31350431599122,5.778542000000253
99.264,103.03785445420698,101.14306338003365,203.32409737299207,194.34996520194255,5.780488800000254
99.296,104.04097466369507,102.01243676513207,203.4440456523252,194.45297045463496,5.782372800000254
99.328,101.35625294699102,101.81558161968974,202.55310058828377,194.32463981630673,5.784319600000255
99.36,94.42601660820634,99.59871211624471,199.16489808523357,193.60628047964798,5.7862664000002555
99.392,103.33673986991812,100.72012044234673,199.74693729046666,193.17472340044975,5.788150400000256
99.424,107.44752271375407,102.73834112376892,201.93988580460677,193.2181953049845,5.790034400000256
99.456,95.95162379834323,100.70232592614121,199.94583751172394,192.84144776605586,5.791981200000257
99.488,98.13074605840521,99.93085196582041,198.29703208602407,192.2344609139643,5.793928000000258
99.52,105.2204940777701,101.5177445994053,200.53116910371534,192.19314377100778,5.795812000000258
99.552,100.72461232297617,101.27980491647656,201.45158182120568,192.27446398419784,5.7977588000002545
99.584,96.49206529811207,99.8434830309672,200.30332229836227,192.18466668005746,5.799642800000255
99.616,99.83583843945665,99.84118965351402,198.86400702329973,191.79917662399046,5.801589600000256
99.648,103.42837982317448,100.91734670441215,200.961555768957,191.91454377050428,5.803473600000256
99.68,103.39868306792542,101.66174761346613,202.07851565908592,192.1597633558524,5.805420400000257
99.712,100.10182992462464,101.19377230681368,200.9426312433038,192.15500655259927,5.807367200000257
99.744,96.84903881142787,99.89035225819794,199.4254738443849,191.92794235996485,5.809251200000258
99.776,93.13954045376799,97.86510871686895,198.44671196674378,191.51338940003015,5.8111980000002585
99.808,102.15298403823272,99.15147131327808,199.5384802852367,191.42291020062018,5.813082000000259
99.84,105.47216016401609,101.04767796849947,201.60146199741212,191.67076871308944,5.815028800000255
99.872,106.9108362472582,102.80662545212708,201.319727170092,191.87420550467797,5.816912800000256
99.904,98.24504213762935,101.43815045777775,202.49730116884862,192.2025253513017,5.818859600000256
99.936,102.828894123363,101.85537355745332,205.0382779964723,192.9313306073305,5.820806400000257
99.968,94.14448397867011,99.54210668381835,202.2688335950723,193.07839473375248,5.8226904000002575
100.0,100.35278077257264,99.78530891044463,204.1269792986194,193.53516036918595,5.824574400000258
100.032,93.78364178793719,97.98480877369238,200.58897352332554,193.2174489603612,5.826521200000259
100.06400000000001,105.350486081274,100.19451196596685,203.32583287163447,193.4526072600959,5.828468000000259
100.096,104.23287334518277,101.40602037973161,204.05208920479595,193.82808643845678,5.83035200000026
100.128,101.28348586589472,101.36926002558054,204.0257696274664,194.07940768532288,5.8322988000002605
100.16,103.23114545872545,101.927825655524,204.17427229112457,194.36355238061793,5.834182800000261
100.19200000000001,100.66524216465525,101.54905060826337,205.82362619591564,194.84336319054756,5.836129600000262
100.224,103.8764228663809,102.24726228569864,206.58432144351565,195.42544674119407,5.838013600000262
100.256,101.27871369961396,101.95669770987323,206.42275365363102,195.82149789287448,5.839960400000263
100.288,102.75372627273799,102.19580627873265,205.77662346639167,196.02891681471735,5.841907200000263
100.32000000000001,102.57195971434864,102.30865230941744,207.1180558584647,196.49302270994576,5.843791200000264
100.352,108.59136854858465,104.19346718116759,206.74854554738027,196.80624614551652,5.845675200000264
100.384,98.02711946797697,102.3435628672104,207.45903291026073,197.13994000748514,5.847622000000265
100.416,103.33518688080872,102.64105007128988,207.67151219654994,197.45169433278645,5.849568800000266
100.44800000000001,101.6930023936314,102.35663576799233,206.09700045963143,197.4734725492795,5.851452800000266
100.48,106.40896312204666,103.57233397420862,205.66413555397997,197.3615281354078,5.853399600000262
100.512,107.0773932159953,104.6238517467446,207.55613150186065,197.6637252982728,5.855283600000263
100.544,98.0884002016127,102.66321628320503,205.1492337910359,197.42414967186326,5.8572304000002635
100.57600000000001,103.65076538505042,102.95948101375863,202.9216936467123,196.8761907691476,5.859114400000264
100.608,101.23691410561548,102.44271094131568,199.7518640963139,195.80224644508766,5.861061200000265
100.64,98.76790125288116,101.34026803478531,200.96004891431193,195.14136181877063,5.863008000000261
100.672,99.51112789320267,100.79152599231051,200.39494004240203,194.54924572196833,5.864892000000261
100.70400000000001,101.36783813015533,100.96441963366397,200.32092119588376,194.05090393866033,5.866776000000262
100.736,103.68303231304421,101.78000343747803,201.42788950686773,193.7916859328654,5.8687228000002625
100.768,98.60391793551776,100.82717778688993,201.32776930024397,193.56126423295234,5.870669600000263
100.8,97.21328612355042,99.74301028788807,199.72466848040776,193.13382438319937,5.872553600000264
100.83200000000001,104.50267845210753,101.17091073715389,200.96217333583405,192.95630202718434,5.874500400000264
100.864,104.61705303103017,102.20475342531677,200.44872188819593,192.76941069745558,5.876384400000265
100.896,97.17219357885541,100.69498547137835,201.97696423653287,192.84152094070825,5.878331200000265
100.928,97.73489446842869,99.80695817049344,202.40454029643087,193.0294029687453,5.880215200000266
100.96000000000001,96.87227996909841,98.92655471007492,200.84246723478182,192.84911412247786,5.882162000000267
100.992,99.7799400872977,99.18257032324175,200.60612978324104,192.65868061808118,5.884108800000267
101.024,99.77770247151466,99.3611099677236,201.47865597220704,192.7120735302088,5.885992800000268
101.056,100.53636179029581,99.71368551449527,203.00194865483522,192.98008128808695,5.887939600000268
101.08800000000001,97.56613455224682,99.06942022582072,201.6286642291731,193.00245259980633,5.889823600000269
101.12,102.63251206213764,100.13834777671579,204.44066553420726,193.4783066446743,5.8917704000002695
101.152,103.800112732943,101.23687726358395,203.28295445900562,193.70992282265,5.89365440000027
101.184,97.52330530763865,100.12280567680035,202.5872656615544,193.7222657505961,5.895601200000271
101.21600000000001,107.0756657704587,102.20866370489784,203.11831102976504,193.82849252991755,5.897548000000271
101.248,95.69989795227272,100.2560339791103,201.14162299926926,193.60915026629462,5.899432000000272
101.28,102.95991589613868,101.0671985542188,202.0372135119276,193.59160806169683,5.901316000000272
101.312,100.77920976368993,100.98080191706015,202.4917291735677,193.60807380039088,5.9032628000002685
101.34400000000001,108.28003938261287,103.17057315672596,203.44740932342552,193.79453501113315,5.905209600000269
101.376,100.37250661636574,102.33115319461788,202.98152082553472,193.9143559036037,5.90709360000027
101.408,101.72017060971402,102.14785841914673,202.92862269357656,193.95148172608427,5.90904040000027
101.44,99.90891573845173,101.47617561493821,202.28318830619355,193.91649920472136,5.910924400000271
101.47200000000001,97.65368214123731,100.32942757282794,201.06849848802406,193.61655924103326,5.912871200000267
101.504,97.33953818043707,99.43246075511067,200.7037167909005,193.35631644110882,5.914755200000267
101.536,103.69131759897029,100.71011780826854,202.41874342820805,193.40215913946702,5.916702000000268
101.568,100.58615586755874,100.67292922605559,201.51932109946196,193.27691121933944,5.918648800000269
101.60000000000001,109.23219341672416,103.24070848325616,204.24547639843087,193.71919354500196,5.920532800000269
101.632,102.11887903785586,102.90415964963606,204.54065559272283,194.13485056981685,5.92241680000027
101.664,101.83534914780273,102.58351649908604,204.1916439016864,194.36067110301505,5.92436360000027
101.696,95.3556624356853,100.41516028006582,202.07084979555052,194.16176022387975,5.926310400000271
101.72800000000001,99.03282596837275,100.0004599865579,200.1610699364411,193.70461967150882,5.9281944000002715
101.76,96.65103870377783,98.99563360172387,198.5838396344722,192.99331230455044,5.930141200000272
101.792,96.0162324308117,98.1018132504502,198.36723137565826,192.42297760178417,5.932025200000273
101.824,101.397630096113,99.09055830414904,198.97014853786067,192.01356521180182,5.933972000000273
101.85600000000001,100.82736848569158,99.61160135861181,200.9609489690431,192.09001872795506,5.935856000000274
101.888,111.13642136693436,103.06904736110857,205.16462971246935,192.8620567492264,5.9378028000002745
101.92,93.07228358176604,100.07001822730581,202.72519819411212,193.05282677260462,5.939749600000275
101.952,101.34457963786512,100.4523866504736,201.64899204653193,193.06571061696127,5.941633600000276
101.98400000000001,95.61468815766133,99.00107710262992,200.24073928003446,192.8213722699409,5.943517600000276
102.016,101.13013164126717,99.63979346422109,202.30014092677123,192.94257177483823,5.945464400000277
102.048,98.46358977148478,99.28693235640019,201.92016352510603,192.97305950636417,5.9474112000002775
102.08,97.90437155497705,98.87216411597323,200.23690024491145,192.74479592407766,5.949295200000278
102.11200000000001,99.89279968627486,99.17835478706371,199.42610841924042,192.3596628226061,5.951242000000274
102.144,100.33916879855354,99.52659899051065,199.4684000794984,192.103325895972,5.953126000000275
102.176,97.04784023733887,98.78297136455912,197.17754623029612,191.42731311115136,5.955072800000275
102.208,91.97600633425476,96.7408818554678,195.22272156152536,190.5712719126999,5.956956800000276
102.24000000000001,106.77011471414593,99.74965171307123,200.49861870047806,190.77366294342588,5.958903600000276
102.272,102.73200434916623,100.64435750389973,201.19245947280183,191.06500515486542,5.960850400000273
102.304,107.79839979020609,102.79057018979162,204.37918286104707,191.93183751303815,5.962734400000273
102.336,104.27579518045141,103.23613768698955,204.79366135540153,192.66536159090472,5.964681200000274
102.36800000000001,109.95006415529863,105.25031562748227,206.82785881520346,193.685737671596,5.966565200000274
102.4,101.65398630227068,104.17141682991878,205.55116280249416,194.23891606130647,5.968512000000275
102.432,99.41857122336035,102.74556314795126,204.4203379450125,194.53872740858426,5.970396000000275
102.464,101.52668991973087,102.37990117948513,204.4979003241655,194.74687888927264,5.972342800000276
102.496,99.68333313225077,101.57093076531481,203.30337623023638,194.75258293643992,5.9742268000002765
102.528,100.17058682346286,101.15082758275922,204.14445893882663,194.85805508703518,5.976173600000277
102.56,103.82284134886012,101.95243171258949,204.05748367530595,194.98012809062368,5.978057600000278
102.592,104.15844083821541,102.61423445027725,204.13843664201,195.04332511360502,5.980004400000278
102.624,101.47192060612237,102.27154029703078,203.19417489417646,194.9241746052007,5.981951200000279
102.656,103.81584569038586,102.73483191503729,202.86963105744434,194.81928177152128,5.9838352000002795
102.688,107.8096388267837,104.25727398856121,204.47470759824216,194.97245578472038,5.98578200000028
102.72,106.35650092624725,104.88704206986702,204.23646092532678,195.10621698364244,5.987666000000281
102.752,105.0636882967573,104.9400359379341,203.58544349583394,195.04650184679878,5.989612800000281
102.784,101.49892765455034,103.90770345291895,204.81068344034279,195.2707937394748,5.991496800000282
102.816,102.27898926705257,103.41908919715902,204.84414277828375,195.40911205823423,5.993443600000282
102.848,107.75907440475478,104.72108475943774,205.71762090107194,195.68049247275582,5.995390400000283
102.88,106.24244641434419,105.17749325590967,204.66217013426535,195.76315310027286,5.997274400000284
102.912,106.2641802105262,105.50349934229462,207.07725589207936,196.26797687428518,5.999158400000284
102.944,102.59641238492446,104.63137325508356,205.43895113057425,196.3334663583507,6.00110520000028
102.976,99.93211153878906,103.2215947401952,203.184437695206,195.97904108518225,6.003052000000281
103.008,100.64967452613958,102.4500186759785,202.05217414115182,195.53526237432692,6.004936000000281
103.04,102.27101924697365,102.39631884727704,203.38248402754834,195.36115593017078,6.006882800000282
103.072,101.5997909803801,102.15736048720797,201.36831232393757,194.90543560757882,6.0087668000002825
103.104,101.26147145754197,101.88859377830816,201.9678289138116,194.58927718494286,6.010713600000279
103.136,102.80488305403988,102.16348056102767,201.41917842881332,194.282471633578,6.012597600000279
103.168,99.79509530804793,101.45296498513375,201.48503009117326,193.99168275466326,6.01454440000028
103.2,99.91638981586291,100.9919924343525,199.72199482338164,193.4344209416889,6.016491200000281
103.232,99.39852864821202,100.51395329851034,199.8031479811292,193.0441440065288,6.018375200000281
103.264,96.96636446428765,99.44967664824352,198.50794613294076,192.4900779131815,6.0202592000002815
103.296,100.42893104595791,99.74345296755783,199.46095530545185,192.15735533776754,6.022206000000282
103.328,101.1807378911248,100.17463844462792,199.23276717681645,191.84355323718296,6.024152800000283
103.36,99.69266196524947,100.03004550081438,198.82377091882285,191.56395458713058,6.026036800000283
103.392,95.71865825581023,98.73662932731314,198.57024779947187,191.2376421870499,6.027983600000284
103.424,97.5198938354183,98.37160867974468,199.25368092846116,191.14552457213088,6.029867600000284
103.456,102.22035059245457,99.52623125355764,198.76929895862568,190.93097472853964,6.031814400000285
103.488,97.86944230454486,99.0291945688538,199.4112861630112,190.9228893161502,6.033698400000286
103.52,103.57425406166456,100.39271241669702,203.1052064198094,191.53342436463703,6.035645200000286
103.552,101.32630680765347,100.67279073398394,202.84425236343145,191.9862220530401,6.037592000000287
103.584,101.24080658097787,100.84319548808212,202.45926265029584,192.33881566204622,6.039476000000287
103.616,102.48164402328064,101.33473004864166,200.7394176592718,192.31630303979867,6.041360000000288
103.648,100.12900410236273,100.97301226475798,201.54391209195455,192.39204328102892,6.0433068000002885
103.68,105.10102343222732,102.21141561499877,202.64413851743984,192.65321297312047,6.045253600000289
103.712,100.87030031666326,101.80908102549812,201.11025667234045,192.64091615853079,6.04713760000029
103.744,101.01432323380055,101.57065368798885,199.88905158657676,192.35837659789507,6.049084400000286
103.776,106.01078982717462,102.90269452974458,203.45741696456037,192.8242746079413,6.050968400000286
103.808,101.42624028632957,102.45975825672006,201.96426764177843,192.8841565678075,6.052915200000287
103.84,98.53271205746596,101.28164439694382,201.25602893661977,192.85644395428432,6.0547992000002875
103.872,97.50226580482106,100.14783081930699,201.0327496712108,192.74190090703667,6.056746000000288
103.904,97.18804702879072,99.25989568215209,200.3046571365844,192.51630692882912,6.058692800000284
103.936,102.16096462441331,100.13021636483046,200.7425187057528,192.46223011051612,6.060576800000285
103.968,98.09857658568956,99.52072443108818,198.79758163565975,192.01447893407214,6.062523600000286
104.0,102.5738662269925,100.43666696985947,198.80821546302894,191.70112765927047,6.064407600000286
104.032,99.90039506202059,100.2757853975078,199.27445521777705,191.47744706530375,6.066354400000287
104.06400000000001,96.68263122187467,99.19783914481786,199.9008227263451,191.4590564195556,6.068238400000287
104.096,97.60483562728965,98.71993808955939,198.4510904372396,191.13016314071277,6.070185200000288
104.128,99.12775286230082,98.84228252138182,198.9465035986512,190.9504672770298,6.0721320000002885
104.16,93.8579936706304,97.34699586615639,197.83747088467558,190.6539971114617,6.074016000000289
104.19200000000001,102.50817699502383,98.89535020481661,197.4072795184964,190.3333237412249,6.075900000000289
104.224,103.06377214541263,100.1458767869954,199.30387806671783,190.3625377163727,6.07784680000029
104.256,97.59862935032234,99.38170255599348,200.06342196133758,190.52393959019264,6.079793600000291
104.288,96.97637658591924,98.66010476497121,197.7082297934607,190.28127755890873,6.081677600000291
104.32000000000001,96.89196548061602,98.12966297966464,196.9873768391925,189.9006308038813,6.083624400000292
104.352,97.67557396263665,97.99343627455625,197.41974579673396,189.71857122660958,6.085508400000292
104.384,107.15455396346836,100.74177158122987,200.26895920830765,190.03373116357176,6.087455200000293
104.416,96.52734054755751,99.47744227112815,197.20697251434234,189.78906931747068,6.0893392000002935
104.44800000000001,105.83228479670308,101.38389502880062,201.64530890679637,190.34058514700627,6.091286000000294
104.48,100.48215599810752,101.11337331959268,199.1238807699105,190.3359057628061,6.093232800000295
104.512,99.88370978321753,100.74447425868013,199.46360253905902,190.44499548685783,6.095116800000295
104.544,101.20298805197218,100.88202839666774,199.86227606847598,190.60649915931847,6.097000800000296
104.57600000000001,95.54528177119272,99.28100440902523,200.13563234969388,190.73681451950176,6.0989476000002965
104.608,99.51080751142408,99.34994533974488,200.9879946193243,190.9978185741473,6.100894400000297
104.64,102.28117557064348,100.22931440901445,202.05352034608228,191.45587240635547,6.102778400000298
104.672,100.45187862601713,100.29608367411525,202.03119668461335,191.77554575096772,6.104725200000294
104.70400000000001,104.07076839944779,101.42848909171501,204.14460682297408,192.47131434940567,6.106609200000294
104.736,99.37344855250083,100.81197692995076,204.1606984827779,192.99262975647957,6.108556000000295
104.768,94.74626653371209,98.99226381107916,200.2949945166709,192.77133892627916,6.110440000000295
104.8,101.26417377003226,99.67383679876508,200.4172457207476,192.56079499347507,6.112386800000296
104.83200000000001,98.66282683483297,99.37053380958544,200.2454506967331,192.3572645167747,6.114333600000292
104.864,92.06431781840286,97.17866901223066,196.46531285684605,191.5578103606425,6.116217600000293
104.896,106.96252225545922,100.11382498519922,200.4786731583979,191.62946364910172,6.118101600000293
104.928,103.72422442759262,101.19694481791723,200.2354579680811,191.5926931699419,6.120048400000294
104.96000000000001,102.41513722817469,101.56240254099446,200.08539751990844,191.53541748820834,6.121995200000295
104.992,103.54569372228616,102.15738989538195,201.85147807684868,191.859598106155,6.123879200000295
105.024,99.8440345525525,101.46338329253311,203.28034987824543,192.33229172408073,6.125826000000296
105.056,100.3684662750563,101.13490818729007,203.85598468304042,192.87505079697598,6.127710000000296
105.08800000000001,103.26590766881475,101.77420803174746,203.41159771180583,193.18770553526574,6.129656800000297
105.12,99.86665628999442,101.20194250922154,201.08207901543398,193.07356681071352,6.131540800000297
105.152,100.14177065093861,100.88389095173666,200.10843166020376,192.7524258058826,6.133487600000298
105.184,103.66621201687454,101.71858727127801,201.84092368686987,192.80298727118117,6.135434400000299
105.21600000000001,106.80911480472577,103.24574553131234,204.99623479852508,193.46693405538502,6.137318400000299
105.248,100.47547121094787,102.414663235203,203.66495365796004,193.7183161922696,6.1392652000003
105.28,105.27522255329524,103.27283103063067,202.82499117620182,193.82360102420463,6.1411492000003
105.312,104.78677513808151,103.72701426286592,202.66952165019228,193.83025660977802,6.143096000000301
105.34400000000001,108.6398789478751,105.20087366836867,203.55434904530074,194.0472924645771,6.144980000000301
105.376,99.40673840885833,103.46263309051555,203.20527415670495,194.11043032684574,6.146926800000302
105.408,98.18558649924677,101.87951911313492,200.8803281004744,193.74133094041005,6.148873600000303
105.44,104.34896110411157,102.6203517104279,201.83570400521114,193.6633916431619,6.150757600000303
105.47200000000001,97.99852259875901,101.23380297692722,201.1655907810221,193.47827033821602,6.152641600000304
105.504,99.41949863274658,100.68951167367302,200.51096603851337,193.15673672278086,6.1545884000003
105.536,106.29077019557252,102.36988923024288,201.95772369014765,193.15525942791982,6.156535200000301
105.568,102.5611331062259,102.42726239303778,200.65563897030222,192.96980878071884,6.158419200000301
105.60000000000001,98.7559106000179,101.32585685513182,202.60833787189267,193.11992452681585,6.160366000000302
105.632,104.36001770841587,102.23610511111703,202.2483627018658,193.22914844220554,6.162250000000302
105.664,101.49101952254051,102.01257943454407,204.36053571659215,193.64946780586726,6.1641968000002985
105.696,94.47609779217677,99.75163494183387,201.84634236977985,193.59008102497785,6.166080800000299
105.72800000000001,97.7460310031674,99.14995376023393,199.69865184542672,193.1012831051187,6.1680276000003
105.76,94.80981424603596,97.84791190597453,197.91677351936534,192.3784408483748,6.1699744000003
105.792,104.66327982534295,99.89252228178505,198.6932176941482,191.9783990623663,6.171858400000301
105.824,93.7377231045759,98.0460825286223,195.27736907358258,191.0325037413564,6.173742400000301
105.85600000000001,103.6996829971025,99.74216266916636,198.40415187429477,190.77231967305508,6.175689200000302
105.888,104.77857878916012,101.25308750516449,201.4586722964005,191.11208887193283,6.1776360000003026
105.92,102.50219486650552,101.6278197135668,201.5547280379535,191.45917989751132,6.179520000000303
105.952,97.13812082219258,100.28091004615453,201.88108441085762,191.7510846463144,6.181466800000304
105.98400000000001,102.00514287834977,100.79817989581309,203.03549860036455,192.25053481454614,6.183350800000304
106.016,94.48681818407967,98.90477138229306,200.92083088774862,192.2254027929451,6.185297600000305
106.048,106.71244340726548,101.24707298978478,205.33337072657287,193.05491169524836,6.187181600000305
106.08,102.88763654603295,101.73924205665924,206.28762258496164,193.85556540607496,6.189128400000306
106.11200000000001,97.82893830132542,100.56615093005908,205.36861193407907,194.3449641452307,6.191075200000307
106.144,107.01207051046062,102.49992680417952,205.12291747980666,194.75274620119768,6.192959200000307
106.176,102.1741481656081,102.40219321260808,203.84206843014954,194.8548902276476,6.1948432000003075
106.208,97.3611188293462,100.8898708976295,201.4421804126851,194.45273932192745,6.196790000000308
106.24000000000001,108.1970244385617,103.08201695990917,203.10201874999692,194.42380333983786,6.198736800000309
106.272,93.1868832814737,100.11347685637853,200.63548249253142,194.00510112784542,6.200620800000309
106.304,100.78195840220735,100.31402132012717,200.27400807781157,193.5453236485841,6.202567600000306
106.336,97.14582429493768,99.36356221257032,201.43082372606227,193.42957886021824,6.204451600000306
106.36800000000001,100.8923948197878,99.82221199473555,200.77827104332232,193.1652398221016,6.206398400000307
106.4,99.92420583773878,99.85281014763652,200.4177131400018,192.9349187649553,6.208282400000307
106.432,96.22533121333649,98.7645664673465,199.6728264716502,192.56002925598239,6.210229200000308
106.464,98.71368266950256,98.74930132799331,199.19336132542492,192.16621181681052,6.212176000000304
106.49600000000001,107.22574185140454,101.29223348501668,201.85760811677864,192.3773297524084,6.214060000000305
106.528,103.70251962042832,102.01531932564018,203.47598975021273,192.79172556041664,6.216006800000305
106.56,97.61790955445616,100.69609639428496,201.8235754537272,192.88346723708236,6.217890800000306
106.592,108.06473806611626,102.90668889583435,202.15926755825862,192.96792997812577,6.219837600000306
106.624,100.52031577290097,102.19077695895433,202.44857620907132,193.1409026754877,6.221721600000307
106.656,103.40456567170747,102.55491357278026,204.63805066666188,193.62742381902606,6.2236684000003075
106.688,97.47176471328336,101.02996891493119,202.59549571402206,193.6561884804292,6.225615200000308
106.72,97.09904754549929,99.85069250410162,201.7596666875791,193.57989719129642,6.227499200000309
106.752,97.31849946392809,99.09103459204955,202.03475079733158,193.56720397528832,6.229383200000309
106.784,113.48192160287095,103.40830069529596,205.67972067022316,194.16510532343,6.23133000000031
106.816,101.47438274311516,102.82812530964172,204.64555222253392,194.4676060984265,6.2332768000003105
106.848,102.52640299124351,102.73760861412225,202.80173094211938,194.4330612767566,6.235160800000311
106.88,104.3314279752857,103.21575442247128,204.067217948904,194.5823856258866,6.237107600000312
106.912,99.78357591181376,102.18610086927401,202.5348545742348,194.47876203655795,6.238991600000312
106.944,99.15188504966821,101.27583612339227,201.90331581022178,194.22815375762104,6.240938400000313
106.976,104.62357435405639,102.28015759259151,205.2127427829331,194.67333635958894,6.242822400000313
107.008,97.81455747657262,100.94047755778584,204.20279784939763,194.803711141153,6.244769200000314
107.04,102.33303991580443,101.35824626519141,203.5298599351545,194.78868832307862,6.246716000000315
107.072,101.91642224642739,101.5256990595622,203.47165713602863,194.81728339206782,6.248600000000315
107.104,98.57513810126798,100.64053077207393,201.3278037138242,194.45267068828514,6.2504840000003155
107.136,104.12748274851833,101.68661636500724,201.35389823939832,194.10734166488487,6.252430800000312
107.168,102.86840264084546,102.0411522477587,201.67465028549663,193.88257165813178,6.254377600000312
107.2,106.84132360368244,103.48120365453582,203.63543935795468,194.1048157641885,6.256261600000313
107.232,102.03818098520824,103.04829685373754,202.94444114945316,194.1103319268509,6.2582084000003135
107.264,103.75297182165298,103.25969934411216,203.594819537489,194.28399990438146,6.260092400000314
107.296,98.0762196089434,101.70465542356152,201.07543356883158,193.918798460616,6.26203920000031
107.328,101.92947780752851,101.7721021387516,203.1416699645515,194.04511457362375,6.263923200000311
107.36,102.1840904707646,101.8956986383555,203.23461257218617,194.1139568089578,6.265870000000311
107.392,93.54262404403869,99.38977626006044,200.36718492574505,193.65134149988967,6.267816800000312
107.424,99.2250747803682,99.34036581615277,201.20163109726732,193.4749244484877,6.2697008000003125
107.456,99.40582569515361,99.36000377985302,200.60699525996543,193.22281083718954,6.271584800000313
107.488,98.71319553068076,99.16596130510133,202.41414814011796,193.29198598203843,6.273531600000314
107.52,97.89852003643972,98.78572892450285,199.87712985769957,192.88944659966026,6.275478400000314
107.552,101.7967916769185,99.68904775022753,202.0338074892419,193.0015524867712,6.277362400000315
107.584,99.24903286735395,99.55704328536545,202.7076920649144,193.16390556282335,6.2793092000003154
107.616,100.50387594714249,99.84109308389856,203.9945337371471,193.5812216337519,6.281193200000316
107.648,98.39561517434106,99.4074497110313,201.75536511983594,193.4662872281005,6.283140000000317
107.68,102.261229998571,100.2635837972932,200.2907336999236,193.15849437656425,6.285024000000317
107.712,99.9086154181436,100.1570932835483,200.62110606388345,192.91477448532694,6.286970800000318
107.744,102.29638695751078,100.79888138573705,202.3731242890055,193.03227822859728,6.288917600000318
107.776,91.2928108863789,97.9470602359296,200.5929393144196,192.85773839080392,6.290801600000319
107.808,98.59456340492451,98.14131118662807,200.96839509788526,192.7313130360813,6.2927484000003195
107.84,105.87168497399904,100.46042332283935,202.25353907022242,192.91181157438865,6.29463240000032
107.872,103.86638084153702,101.48221057844864,203.7765147385536,193.28386177749394,6.296579200000321
107.904,106.07709201989958,102.86067501088392,202.791408461069,193.46170338986485,6.298463200000321
107.936,98.05213551510695,101.41811316215083,199.16128398832507,192.8988792572244,6.300410000000317
107.968,101.02683720055816,101.30073037367303,199.11518615193398,192.4295812988046,6.302356800000318
108.0,98.7173282894017,100.52570974839162,198.89833698208832,192.05740929935115,6.3042408000003185
108.032,101.9624865792689,100.95674279765478,201.8186161879437,192.2811627778308,6.306124800000319
108.06400000000001,100.74305206927963,100.89263557914222,200.460624360336,192.1671909344024,6.30807160000032
108.096,100.25411499697768,100.70107940449286,200.38876876750845,192.06084202756907,6.310018400000316
108.128,99.99764518050597,100.4900491372968,201.18107441816863,192.16858071638578,6.311902400000316
108.16,101.72953777241442,100.86189572783208,201.6721941479998,192.29427706371564,6.313849200000317
108.19200000000001,99.4916155723754,100.45081168119508,200.11383554265387,192.16659701004892,6.3157332000003175
108.224,101.6655207803098,100.81522441092949,201.20561593553563,192.20820290748463,6.317680000000318
108.256,106.3678482909483,102.48101157493512,203.5326775507834,192.7149039608163,6.319564000000319
108.288,102.67386012550776,102.5388661401069,203.4470614808369,193.062963732049,6.321510800000319
108.32000000000001,99.21735318399905,101.54241225327455,203.243789617292,193.3112338488672,6.32345760000032
108.352,98.41152743609382,100.60314680812031,200.33346682513366,193.03923986262592,6.32534160000032
108.384,98.55147140396397,99.98764418687341,201.2890457615699,192.9894335217064,6.327225600000321
108.416,101.0854599936337,100.31698892890148,202.82687280575658,193.1755515179095,6.3291724000003216
108.44800000000001,107.9996006261669,102.62177243808111,204.44074131763017,193.6200888058088,6.331119200000322
108.48,103.97905459532168,103.02895708525328,203.72426617617353,193.90591908832351,6.333003200000323
108.512,104.83384993630946,103.57042494057012,203.80768241847102,194.10367957685918,6.334950000000323
108.544,95.46638714275366,101.13921360122518,201.37081275334054,193.87601191764855,6.336834000000324
108.57600000000001,101.78140106281805,101.33186983970305,202.17397431087716,193.78348842618115,6.3387808000003245
108.608,103.4404921493675,101.96445653260238,203.3573590654691,193.9733345095501,6.340664800000325
108.64,106.45144812319106,103.31055400977897,205.5786870781087,194.47944041242778,6.342611600000326
108.672,102.57147759969868,103.08883108675488,208.09259309827007,195.34895314197524,6.344558400000326
108.70400000000001,97.91150346897425,101.53563280142069,205.22628610827468,195.59372515164722,6.346442400000327
108.736,94.25544827045529,99.35157744213106,202.41847724734765,195.2859876172725,6.348326400000327
108.768,100.94418733943863,99.82936041132332,202.17443857476215,194.93834606220912,6.3502732000003235
108.8,97.0139693775227,98.98474310118313,200.21652416984585,194.2992491269973,6.352220000000324
108.83200000000001,108.24621415472265,101.76318441724499,203.1711991547531,194.36204932576092,6.354104000000325
108.864,102.93004511605258,102.11324262688726,203.7333398354245,194.4637955533813,6.356050800000325
108.896,104.25549801806591,102.75591924424084,203.9545335954695,194.63859484345588,6.357934800000326
108.928,99.13935378124458,101.67094960534196,203.33567396696748,194.61831048733586,6.359881600000326
108.96000000000001,93.39660364021104,99.18864581580269,201.88258471508226,194.39012536551607,6.361765600000327
108.992,97.84830291496827,98.78654294555236,201.18221295584428,194.02504228070782,6.363712400000323
109.024,96.65765587411757,98.14787682412191,199.64784163395285,193.448320933679,6.365659200000324
109.056,93.84347542364362,96.85655640397842,197.94304600970207,192.7188543048657,6.367543200000324
109.08800000000001,95.62695231064062,96.48767517597707,199.06938424306026,192.27385038342643,6.369490000000325
109.12,105.1166431036439,99.07636555427712,200.84216425372023,192.28169319300792,6.371374000000325
109.152,103.78696544734727,100.48954552219816,201.51963543843505,192.35930371651565,6.373320800000326
109.184,101.33477718137871,100.74311501995231,200.21851844679531,192.23880134569373,6.3752048000003265
109.21600000000001,98.37530565341308,100.03277220999053,200.01158355536057,192.0512215474281,6.377151600000327
109.248,94.6046352548916,98.40433112346085,199.0305125962515,191.72002182292064,6.379098400000328
109.28,99.62179715608312,98.76957093324752,199.90387924758966,191.6582789722093,6.380982400000328
109.312,96.62822085346102,98.12716590931157,197.1448221963239,191.10832896097594,6.382866400000329
109.34400000000001,102.276839257592,99.37206791379569,200.1424575825361,191.14904972556596,6.3848132000003295
109.376,102.18965436995929,100.21734385064477,199.63166183093372,191.08994737266528,6.38676000000033
109.408,102.21762947834685,100.8174295389554,200.24739992087274,191.20442281742098,6.388644000000331
109.44,100.23836171913226,100.64370919300845,200.7611856432171,191.33973907288456,6.390590800000331
109.47200000000001,103.5324004906042,101.51031658228717,200.54457787240455,191.46279131125084,6.392474800000332
109.504,94.87985961755817,99.52117949286847,197.97255999270624,191.04660920622308,6.394421600000332
109.536,96.7482621431574,98.68930428795514,197.50900293151074,190.67328570819822,6.396305600000333
109.568,104.52746324217159,100.44075197422006,200.01231817401066,190.76919331012593,6.398252400000334
109.60000000000001,102.01053807590642,100.91168780472597,200.20756057648265,190.88308026384914,6.400199200000334
109.632,100.21348016017609,100.702225511361,200.34069476988645,191.05188427629588,6.402083200000335
109.664,107.5575175885673,102.75881313452288,202.68282546210395,191.6140550114624,6.403967200000335
109.696,96.14230609250052,100.77386102191618,201.130597891629,191.742091556821,6.405914000000331
109.72800000000001,108.06896769518261,102.9623930238961,203.85846078294622,192.34069020352467,6.407860800000332
109.76,101.05664079062072,102.39066735391347,203.19239081844137,192.76182033378123,6.4097448000003325
109.792,105.33810452100101,103.27489850403973,203.379201775894,193.08910592042704,6.411691600000333
109.824,104.07492028210704,103.51490503745993,201.58857946165523,193.08448880169334,6.413575600000334
109.85600000000001,99.08064273508398,102.18462634674714,199.73389468467258,192.69358068278675,6.41552240000033
109.888,101.86721441776814,102.08940276805342,200.2349977214129,192.51555772032194,6.41740640000033
109.92,102.67603437351562,102.26539224969207,199.36621141107435,192.16107495399902,6.419353200000331
109.952,99.48104750856453,101.4300888273538,199.26421079078773,191.85229082803977,6.421300000000332
109.98400000000001,101.67263442194123,101.50285250573002,201.1036421637657,191.9837617197558,6.423184000000332
110.016,104.91641096981968,102.52692004495691,203.4799683212155,192.521545830318,6.425068000000333
110.048,97.76370029088676,101.09795411873586,201.01828868839067,192.46500110850553,6.427014800000333
110.08,99.42431193702357,100.59586146422217,200.36112286587166,192.2997454615568,6.428961600000334
110.11200000000001,102.48294449558244,101.16198637363024,199.86835963103258,192.1266451121208,6.4308456000003344
110.144,100.7529663089226,101.03928035421794,199.89433966193235,191.93814446007732,6.432792400000335
110.176,102.8471919437331,101.58165383107247,203.19194628553797,192.4320539091844,6.434676400000336
110.208,105.62783678792547,102.79550871812836,205.2682453491097,193.16093858597225,6.436623200000336
110.24000000000001,96.97999481841485,101.05085454821429,202.39873190217074,193.28995550988043,6.438507200000337
110.272,101.11176214024735,101.0691268258242,201.36572414949504,193.1572155017331,6.440454000000337
110.304,100.23475932706333,100.81881657619593,202.0651052285017,193.1750873403949,6.442400800000338
110.336,98.6526750452436,100.16897411691022,200.78742889594605,193.00990153906326,6.4442848000003385
110.36800000000001,98.51572369175094,99.67299898936243,200.4803262981025,192.76759579437166,6.446231600000339
110.4,104.01131225997199,100.9744929705453,202.22745647232185,192.9368063583471,6.44811560000034
110.432,105.35485411885153,102.28860131503716,202.78166254302272,193.1242667951133,6.45006240000034
110.464,98.30133526786011,101.09242150088403,202.87117430376333,193.34543212139417,6.451946400000341
110.49600000000001,96.81870810850756,99.81030748317107,200.7657731143383,193.09406133963031,6.453893200000337
110.528,96.17386930414453,98.71937602946309,199.4554586247879,192.70245773717838,6.4557772000003375
110.56,97.35265973905726,98.30936114234133,197.3829717243824,191.95518508290408,6.457724000000338
110.592,103.1530100206862,99.76245580584478,198.48823424279516,191.59465004278155,6.459608000000339
110.624,100.90943349327046,100.10654911207247,198.82426883822453,191.30875901770253,6.461554800000339
110.656,102.82979439071906,100.92352269566643,201.3858835845733,191.53825945386416,6.463501600000336
110.688,102.57785041742733,101.41982101219469,201.40153516818802,191.78048713589703,6.465385600000336
110.72,101.38327392533287,101.40885688613614,201.38907627842315,191.92518382576677,6.467332400000337
110.752,102.44612072228313,101.72003603698022,198.76595418229743,191.62034555675567,6.469216400000337
110.784,103.82050287423016,102.3501760881552,201.87609997653306,191.88217755193403,6.471163200000338
110.816,98.36735426275274,101.15532954053445,201.90069645089108,192.15250386420607,6.473047200000338
110.848,104.7069232194736,102.2208076442162,202.5092494338281,192.43261500628302,6.474994000000339
110.88,97.25254646495753,100.73032929043859,200.53567567290153,192.30481478713236,6.47694080000034
110.912,102.02078785568796,101.1174668600134,202.06515625983644,192.528411627489,6.47882480000034
110.944,103.22356633315331,101.74929670195537,203.5962443060236,192.98866112361512,6.4807088000003406
110.976,95.78633367010414,99.96040779239999,199.9734324869675,192.65845332240468,6.482655600000341
111.008,102.42827307203821,100.70076737629145,199.95101993287278,192.38395569525764,6.484602400000342
111.04,97.62476943851793,99.7779679949594,199.513167142273,192.13132454610468,6.486486400000342
111.072,103.2708075158141,100.8258198512158,201.35224677070335,192.20585448818107,6.488433200000343
111.104,96.56730816986496,99.54826634681054,197.31953133393154,191.58841658999785,6.4903172000003435
111.136,92.74594980730475,97.5075713849588,195.55033029322286,190.71107907189733,6.492264000000344
111.168,92.15347881314986,95.90134361341612,193.44273943002844,189.6625021149058,6.494148000000345
111.2,96.15610377496998,95.97777166188227,195.74437985327214,189.16887281359084,6.496094800000345
111.232,95.17612397542956,95.73727735594646,195.86491329910587,188.7864054417323,6.498041600000346
111.264,96.34638348298876,95.92000919405913,197.44197119822638,188.81004062567024,6.4999256000003465
111.296,99.00703585389986,96.84611719201135,198.98759357862974,189.10915170610716,6.501809600000347
111.328,101.0987592443577,98.12190980771524,201.6641383140664,189.78713900783174,6.503756400000343
111.36,93.32994426487797,96.68432014486405,201.0292390034913,190.22749709863365,6.505703200000344
111.392,102.4305493480833,98.4081889058298,200.68252684506206,190.5768307884434,6.507587200000344
111.424,100.86886664067578,99.1463922262836,199.38245074598092,190.57619205327833,6.509534000000345
111.456,107.15966506967814,101.55037407930195,202.52992753498717,191.19678775302705,6.511418000000345
111.488,99.18881373467588,100.84190597591413,202.43060524658858,191.6356467315563,6.513364800000342
111.52,104.02480337310502,101.79677519507139,202.54646719874862,192.06747740800955,6.515248800000342
111.552,98.26766766825347,100.738042937026,200.34479570006664,191.9712173855839,6.517195600000343
111.584,102.35867939594584,101.22423387470194,200.93203131025783,191.9986683724135,6.5191424000003435
111.616,103.89325827964608,102.02494119618517,201.9493889377655,192.25672335495662,6.521026400000344
111.648,96.38741546317745,100.33368347628286,201.29532464935252,192.34968701842413,6.522910400000344
111.68,94.0015162078914,98.43403329576542,200.51694902851978,192.23350708273702,6.524857200000345
111.712,104.49425447498251,100.25209964953055,202.45650501489465,192.48941023514053,6.526804000000346
111.744,100.56010238258284,100.34450046944622,202.45813624950907,192.75072415916569,6.528688000000346
111.776,102.00981537580134,100.84409494135275,202.2955333134754,192.8838768298259,6.530634800000347
111.808,99.95470980483232,100.5772794003966,203.16493260185115,193.20172166304243,6.532518800000347
111.84,104.12184703222312,101.64064968994455,203.6088135513525,193.49094536356154,6.534465600000348
111.872,103.65417975481344,102.24470870940522,204.1160454427523,193.87106136053814,6.5363496000003485
111.904,90.79802206138615,98.8107027149995,200.42406116733488,193.46270398165638,6.538296400000349
111.936,98.20428699109024,98.62877799782672,200.36339136246744,193.1172771887714,6.54024320000035
111.968,98.56884417647288,98.61079785142056,200.0174711501266,192.8231944444127,6.54212720000035
112.0,96.3846591056315,97.94295622768384,198.39477615659328,192.23720283175908,6.544074000000351
112.032,96.37408271773148,97.47229417469813,198.85994144158235,191.89290135896482,6.545958000000351
112.06400000000001,104.07526737409418,99.45318613451694,201.80631004975743,192.09276962880853,6.547904800000352
112.096,96.0057088315686,98.41894294363243,199.38713446134284,191.87003083160263,6.549788800000353
112.128,102.13075817889433,99.532487514211,203.27909530052176,192.34060907673117,6.551735600000349
112.16,97.4233674097641,98.89975148287692,201.61301429743924,192.42445731303542,6.5536824000003495
112.19200000000001,105.6684473776932,100.9303602513218,202.3468033461682,192.67737657583072,6.55556640000035
112.224,104.43885970937228,101.98291008873693,204.61173073628675,193.2944643046452,6.55745040000035
112.256,95.38733765112585,100.0042383574536,202.15775713071707,193.30426421521912,6.559397200000351
112.288,100.16459789886456,100.05234621987688,203.64287036032897,193.5810921665863,6.561344000000347
112.32000000000001,97.50201018755749,99.28724541018104,201.01867202665125,193.38427493310496,6.563228000000348
112.352,103.65455448666604,100.59743813312653,202.49021521772937,193.4379934300725,6.5651748000003485
112.384,105.95184128545954,102.20375907882642,203.57307220262473,193.72941678951355,6.567058800000349
112.416,103.35158230571199,102.54810604689209,203.45679833151252,193.89561460818257,6.56900560000035
112.44800000000001,104.60466681888308,103.16507427848937,206.0246251204016,194.5479346524434,6.57088960000035
112.48,98.9693172865573,101.90634718090975,204.9633676062415,194.83866806506677,6.572836400000351
112.512,107.22177516565785,103.50097557633417,205.13191317493602,195.10728578189077,6.574783200000351
112.544,104.90118537807884,103.92103851685756,204.17325460576484,195.20520290011498,6.576667200000352
112.57600000000001,94.70660726409446,101.15670914102863,203.2527882937917,195.11879515078127,6.578551200000352
112.608,99.27477883814828,100.59213005016451,204.3809031012478,195.20077960678705,6.580498000000353
112.64,99.48299131521318,100.2593884296791,202.7705955243568,194.97646341454626,6.582444800000354
112.672,100.76272132447579,100.41038829811811,203.74814668305962,195.02111557930834,6.584328800000354
112.70400000000001,101.34368712673435,100.69037794670298,202.4588797391163,194.77289834740165,6.586275600000355
112.736,101.8821496300073,101.04790945169427,203.1250519345797,194.74161668345468,6.588159600000355
112.768,107.72879557914814,103.05217528993043,205.5086102037064,195.095981684072,6.590106400000356
112.8,103.5865438533419,103.21248585895387,205.60711515314907,195.4554700081188,6.591990400000356
112.83200000000001,96.07682842805332,101.0717886296837,202.38317698724458,195.11493369531544,6.593937200000357
112.864,98.25026529708157,100.22533162990305,201.14472432206702,194.61187675636896,6.595884000000358
112.896,105.46006894575112,101.79575282465746,202.25811725225134,194.45282657891104,6.597768000000358
112.928,103.02721595456848,102.16519176363076,202.1935865438079,194.31088419022024,6.599652000000359
112.96000000000001,108.2146753762487,103.98003684741613,205.86517051369717,194.8077472297731,6.601598800000355
112.992,105.23484369594428,104.35647890197457,207.19262550500002,195.45494534642708,6.603545600000356
113.024,106.92191549548053,105.12610988002635,207.73687709807552,196.1349437546212,6.605429600000356
113.056,99.36158710242384,103.3967530467456,203.86409690256647,195.93946720471465,6.607376400000357
113.08800000000001,99.24264684385335,102.15052118587792,203.58873798494406,195.78096550118548,6.609260400000357
113.12,99.21367695176454,101.2694679156439,202.20153579579912,195.348638710031,6.6112072000003534
113.152,93.8960639774821,99.05744673419535,199.69668356918115,194.59262332684207,6.613091200000354
113.184,95.0413658862927,97.85262247982455,199.44115684681344,193.87576179003705,6.615038000000355
113.21600000000001,102.17766279222973,99.1501345735461,200.57607963865672,193.4940686102602,6.616984800000355
113.248,98.92764671939833,99.08338821730175,199.5714438102983,193.05105771692863,6.618868800000356
113.28,92.68992235656262,97.16534845908,197.2065848978104,192.20876375665543,6.620815600000356
113.312,104.06132147140585,99.23414036277774,199.42069314630268,191.97110434935152,6.622699600000357
113.34400000000001,104.5103492260507,100.81700302175962,201.12622803540114,192.03372491962952,6.6246464000003575
113.376,97.83683763305689,99.92295340514879,201.85906447260032,192.26908625082666,6.626530400000358
113.408,102.43288595880401,100.67593317124535,200.84442113146503,192.22676648959484,6.628477200000359
113.44,97.18714391694564,99.62929639495542,200.13483823057024,192.06367375995285,6.630424000000359
113.47200000000001,109.32666284919773,102.53850633122812,204.20745239613527,192.71866679791418,6.63230800000036
113.504,101.23266006127353,102.14675245024173,202.79028737390024,192.99860438163392,6.63419200000036
113.536,97.75085933889989,100.82798451683917,202.91501508464353,193.19901600822115,6.636138800000361
113.568,105.0266952129511,102.08759772567274,203.03775249234178,193.3853687944101,6.638085600000362
113.60000000000001,101.20089889471816,101.82158807638635,202.18241482937472,193.43461155680802,6.639969600000362
113.632,100.76767338046454,101.50541366760979,204.1022474618967,193.7709930762406,6.641916400000363
113.664,100.90593288575548,101.32556943305349,201.6070570027402,193.64630046752387,6.643800400000363
113.696,95.91487614455119,99.70236144650279,202.921138885968,193.7305891065656,6.645747200000364
113.72800000000001,93.80998417417548,97.9346482648046,196.89256151875563,192.75989756092412,6.647631200000364
113.76,109.28067644570845,101.33845671907575,197.8422330015515,192.0853535901574,6.649578000000365
113.792,98.58383916750569,100.51207145360473,197.96178602374042,191.5545391997378,6.651524800000366
113.824,99.02340505336821,100.06547153353377,198.59355111629472,191.2855821599502,6.653408800000366
113.85600000000001,96.16640130560234,98.89575046515434,198.83288890031392,191.1086252188488,6.655292800000367
113.888,99.92391885452199,99.20420098196462,198.69768122185837,190.88779143421513,6.657239600000363
113.92,98.83839285339116,99.09445854339258,199.1810371136528,190.79441422928477,6.6591864000003635
113.952,94.18366417761038,97.62122023365791,198.53991472649665,190.65332986515054,6.661070400000364
113.98400000000001,103.78322971781859,99.4698230789061,201.0231931411513,190.9358152794507,6.663017200000365
114.016,97.10404161650503,98.76008864018577,201.61078263446979,191.3249571293035,6.664901200000365
114.048,101.51832798655886,99.58756044409769,201.54868479750712,191.5809923621198,6.666848000000361
114.08,102.34270739222619,100.41410452853623,203.43275591740874,192.18313139684957,6.668732000000362
114.11200000000001,104.00454239347368,101.49123588801746,203.7686638401961,192.68564990636796,6.6706788000003625
114.144,100.38613720590985,101.15970628338516,202.23749652207346,192.8200763400346,6.672625600000363
114.176,98.56788520087008,100.38215995863064,201.63769261342637,192.87304226441776,6.674509600000364
114.208,99.86068843971637,100.22571850295635,201.58914242187535,192.90763402434607,6.676393600000364
114.24000000000001,103.91202016544207,101.33160900170206,203.28929884450702,193.19225548878197,6.678340400000365
114.272,100.6040981014157,101.11335573161615,202.25304609217932,193.23780200576076,6.6802872000003655
114.304,95.85084194589317,99.53460159589926,200.66813150886878,193.03967247570603,6.682171200000366
114.336,96.76437930112246,98.7035349074662,199.97835085316984,192.70112195870965,6.684118000000367
114.36800000000001,105.6536838026997,100.78857957603624,200.95025014740673,192.65119295392128,6.686002000000367
114.4,101.54532437558089,101.01560301589963,201.02842327616582,192.57301676042064,6.687948800000368
114.432,99.97830365336284,100.70441320713859,201.44688147608346,192.6361635129325,6.689832800000368
114.464,100.63724525334055,100.68426282099918,200.1096191810821,192.39440635525025,6.691779600000369
114.49600000000001,102.66438406669337,101.27829919470743,201.2700645468384,192.40644436622281,6.69372640000037
114.528,100.10198058639331,100.92540361221319,200.49526349572392,192.3274998205012,6.69561040000037
114.56,96.3549923549983,99.55428023504872,200.48856078345216,192.21019751070648,6.697557200000371
114.592,101.39820149804433,100.10745661394739,202.35091859941173,192.5026421153355,6.699441200000371
114.62400000000001,102.70441047460295,100.88654277214405,202.99607886425673,192.8074940208357,6.701388000000372
114.656,105.65532911317035,102.31717867445194,202.90049518452562,193.09130143774397,6.703272000000372
114.688,97.16486797441245,100.77148546444009,202.19061229346784,193.14382002457546,6.7052188000003685
114.72,98.06116438662873,99.95838914109667,199.7807875520469,192.7506605942596,6.707165600000369
114.752,94.57507521591164,98.34339496354116,199.4108123716067,192.41313081171901,6.70904960000037
114.784,98.51821158050817,98.39583994863125,199.36152164418712,192.1277715811383,6.71093360000037
114.816,106.86529375447522,100.93667609038442,203.13105315143434,192.52490413102876,6.712880400000371
114.848,103.83242302296642,101.80540017015902,204.40336433549447,193.08044183663293,6.714827200000367
114.88,102.1865924552707,101.91975785569251,203.82360166605656,193.48192635471887,6.7167112000003675
114.912,111.75590252263072,104.87060125577398,208.17292252642892,194.5465260739891,6.718658000000368
114.944,96.4945087297947,102.35777349798019,205.1507849124921,194.9228698582454,6.720542000000369
114.976,99.11118694979541,101.38379753352474,203.6158421084903,194.9018421682803,6.722488800000369
115.008,99.78726779698135,100.90483861256172,202.99305802187172,194.823331423657,6.72437280000037
115.04,98.08863187675952,100.05997659182106,199.39742133917045,194.05679627714485,6.72631960000037
115.072,102.1489978182488,100.68668295974936,202.42822595721515,193.97757018184024,6.728266400000371
115.104,101.4021798999289,100.90133204180322,202.7604025844434,194.02424031213823,6.730150400000372
115.136,100.41897994628255,100.756626413147,200.76230995506245,193.70081346944033,6.732034400000372
115.168,102.41310455936213,101.25356985701153,200.10897211375953,193.26624020045378,6.733981200000373
115.2,92.48016197814465,98.62154749335146,198.9764704062556,192.7053436202467,6.735928000000373
115.232,102.2785718152553,99.71865478992261,200.91370177176978,192.64803534014848,6.737812000000374
115.264,105.34768764007705,101.40736464496894,203.8365500226259,193.07869462256204,6.7397588000003745
115.296,105.23924196246818,102.5569278402187,202.92614996791565,193.3180588571657,6.741642800000375
115.328,101.24908305459377,102.16457440453122,203.86742148516424,193.6330332076589,6.743589600000376
115.36,94.26590639398341,99.79497400136688,201.56094584475417,193.52496498707922,6.745473600000376
115.392,99.6997683064227,99.76641229288362,201.93846164768138,193.453352910606,6.747420400000377
115.424,97.08279380705528,98.96132674713512,201.36367471118265,193.29066743615465,6.7493672000003775
115.456,104.15535233498652,100.51953442349054,201.6878605233222,193.26753780966652,6.751251200000378
115.488,96.80294497238131,99.40455758815777,201.6608192503267,193.24370018489108,6.753135200000378
115.52,97.26596246577657,98.76297905144341,202.4359016990748,193.3130317498311,6.755082000000375
115.552,103.54679063670301,100.19812252702128,203.83636817790736,193.62329542288057,6.757028800000375
115.584,96.91133488522718,99.21208623448305,204.04564498730923,193.96671408104285,6.758912800000376
115.616,101.83822083798401,99.99992661553333,204.9041809813216,194.35193433937928,6.7608596000003764
115.648,103.74943653739955,101.12477959209318,204.00091386475015,194.55537494429007,6.762743600000377
115.68,99.00635006572689,100.48925073418329,204.87800495964478,194.82931125591344,6.764690400000373
115.712,97.21784051716998,99.50782766907929,204.47063572264844,195.0313663142537,6.766574400000374
115.744,107.9190481391787,102.0311938101091,205.52054632988614,195.33544776161756,6.768521200000374
115.776,98.98702679681182,101.11794370611992,203.62683340039786,195.2417338939552,6.770468000000375
115.808,107.09381679201888,102.9107056318896,205.68483784927184,195.58890904524006,6.772352000000375
115.84,110.36139474476849,105.14591236575325,207.219548278057,196.09959177144594,6.774298800000376
115.872,95.4936344681318,102.2502289964668,202.33241515184318,195.68471661206996,6.7761828000003765
115.904,100.31351326015843,101.66921427557428,202.47909330433623,195.32004784901446,6.778129600000377
115.936,98.37855662557104,100.6820169805733,202.25503064474594,195.03226179713795,6.780013600000378
115.968,102.46943820151287,101.21824334685516,202.81426497099267,194.84635097045248,6.781960400000378
116.0,103.88745149128583,102.01900579018435,203.19428943051088,194.76287302276194,6.783907200000379
116.032,100.4997239997361,101.56322125304987,203.36674119340887,194.77715107226328,6.7857912000003795
116.06400000000001,97.84052906905708,100.44641359785203,201.82209374887728,194.50926748529275,6.78767520000038
116.096,103.03198878058193,101.222086152671,201.862047395405,194.24566831559605,6.789622000000381
116.128,98.96097826333155,100.54375378586916,199.5711188621543,193.61512757423515,6.791568800000381
116.16,102.55121217518214,101.14599130266305,200.5627305379278,193.32962574136596,6.793452800000382
116.19200000000001,100.67306256034486,101.00411267996758,202.02412735146743,193.3088748617305,6.7953996000003825
116.224,98.19352439700313,100.16093619507825,199.82396163516836,192.94508867434277,6.797283600000383
116.256,98.45087969965056,99.64791924644993,198.6451563296161,192.3823526977702,6.799230400000384
116.288,104.92962238457382,101.23243018788709,201.62070387104143,192.51147059242084,6.801114400000384
116.32000000000001,95.48241835243269,99.50742663725077,199.1627573169622,192.12090290115825,6.80306120000038
116.352,95.53846414780404,98.31673789041675,199.68858064312093,191.89619970445145,6.805008000000381
116.384,101.12130731408516,99.15810871751725,199.6461384021327,191.7559186435618,6.806892000000381
116.416,100.6940005690774,99.61887627298529,201.06572713190388,191.89797013448467,6.808776000000382
116.44800000000001,94.73865092418129,98.15480866834407,198.15224363066505,191.43554403648622,6.8107228000003825
116.48,97.83744406721078,98.05959928800408,198.0262549322818,191.03401227090774,6.812669600000379
116.512,104.02501425899845,99.84922377930238,202.08082805813768,191.49045776198886,6.814553600000379
116.544,98.08732407577641,99.32065386824458,202.26024519352535,191.84532845359865,6.81650040000038
116.57600000000001,95.43020192556992,98.15351828544217,199.8695018081674,191.75468318342567,6.81838440000038
116.608,98.84775696380649,98.36178988895146,198.56380855643516,191.3926838948962,6.820331200000381
116.64,104.4587899844059,100.19088991758778,201.56803293292836,191.6913960722137,6.8222152000003815
116.672,99.86732959841636,100.09382182183636,200.68080141625444,191.7240220348253,6.824162000000382
116.70400000000001,96.89128818660153,99.1330617312659,199.4627135321297,191.53027190242537,6.826108800000383
116.736,101.08866358851844,99.71974228844167,201.37613204274663,191.76934740888638,6.827992800000383
116.768,102.50960621000854,100.55670146491171,202.9245724523522,192.24541470566976,6.829876800000384
116.8,103.050520212983,101.3048470893331,205.14932321851552,192.98655600420474,6.8318236000003845
116.83200000000001,104.04918832358244,102.1281494596079,204.87076022452322,193.54313336238584,6.833770400000385
116.864,93.46175963693953,99.52823251280738,200.83462520562603,193.3198745612645,6.835654400000386
116.896,103.97681034419324,100.86280586222313,201.96206856243924,193.28965613453252,6.837601200000386
116.928,101.3115381235507,100.99742554062139,201.7831014639459,193.28394792445596,6.839485200000387
116.96000000000001,108.11470270076231,103.13260868866365,203.0843036304096,193.46335388527189,6.841432000000387
116.992,107.63009103010381,104.4818533910957,204.63349259276418,193.94212051814517,6.843316000000388
117.024,96.59360617052711,102.1153792249251,201.03374883418883,193.6312535595569,6.845262800000389
117.056,106.44429048066081,103.41405260164582,201.12260374905077,193.39273526572396,6.847209600000389
117.08800000000001,101.79770737990728,102.92914903512425,199.97579518830446,193.04125204924256,6.84909360000039
117.12,96.02797927357473,100.85879810665939,197.5718609159435,192.26684694106154,6.851040400000386
117.152,101.07813264367793,100.92459846776495,196.55928219349119,191.50076635738944,6.852924400000386
117.184,101.52240311252015,101.1039398611915,197.76490542080063,191.0401259025184,6.854871200000387
117.21600000000001,102.16413001267665,101.42199690663703,199.96124048992874,191.11182476427885,6.8567552000003875
117.248,101.44815395121125,101.42984402000928,199.6477653200788,191.06237472824773,6.858702000000388
117.28,100.95496284080338,101.2873796662475,199.8568115070127,191.0597118655476,6.8606488000003845
117.312,109.42510299040413,103.72869666349449,202.97194892226412,191.67279645360327,6.862532800000385
117.34400000000001,100.76298274894172,102.83898248912865,201.77372606106022,191.95803889911076,6.864416800000385
117.376,101.55251831562248,102.4530432370768,200.42685977293982,191.89644036760834,6.866363600000386
117.408,97.55521387985799,100.98369442991115,200.90544349498776,191.93261348025325,6.868310400000387
117.44,105.37206299325629,102.30020499891468,203.39418972015068,192.4641295815184,6.870194400000387
117.47200000000001,102.59284608005896,102.38799732325795,204.13185342116577,192.98152452930975,6.872141200000388
117.504,98.11302076593729,101.10550435606174,203.67714127031616,193.3744038666593,6.874025200000388
117.536,101.46725178852049,101.21402858579935,205.28638922951126,193.9360095425312,6.875972000000389
117.568,98.33104688950002,100.34913407690955,202.98046999082737,194.03003369827957,6.877856000000389
117.60000000000001,97.1807148151862,99.39860829839255,201.83660098130593,193.84856891424903,6.87980280000039
117.632,100.35388213803569,99.68519045028548,200.8552289718222,193.52232291224274,6.881749600000391
117.664,98.8492997027082,99.43442322601229,201.15143718367779,193.36017293076267,6.883633600000391
117.696,98.40225590439707,99.12477302952772,202.79018748751088,193.5239814210451,6.885517600000392
117.72800000000001,99.98922802818106,99.3841095291237,202.14855802566206,193.4905742893608,6.887464400000392
117.76,107.22155522053401,101.73534323654678,203.82994279486928,193.76754022606,6.889411200000393
117.792,105.96092879653114,103.00301890454209,203.5177236969259,193.98929849335272,6.8912952000003935
117.824,103.7678744543343,103.23247556947975,202.930264178987,194.01315699829019,6.893242000000394
117.85600000000001,101.9309815870964,102.84202737476474,201.89400944581018,193.89657100046324,6.895126000000395
117.888,99.05186238390847,101.70497787750784,200.70129807108748,193.53377563014317,6.897072800000395
117.92,102.31329742958499,101.88747374313098,198.49878220331425,192.88942878245192,6.898956800000396
117.952,104.93917629606668,102.80298450901168,202.805751569661,193.08982449650168,6.900903600000392
117.98400000000001,105.7402652479075,103.68416873068041,203.80948514432583,193.4356223649538,6.902850400000393
118.016,102.83610136432266,103.42974852077307,203.6984701884001,193.75017160477123,6.904734400000393
118.048,98.65220937517776,101.99648677709447,201.65121778337905,193.63724062203772,6.906618400000394
118.08,103.67994032028933,102.50152284005293,204.68648524735195,194.04269237054982,6.908565200000394
118.11200000000001,104.33125350507228,103.05044203955873,204.49819646223708,194.34067855945108,6.910512000000395
118.144,99.10293485913746,101.86618988543235,201.9721878112273,194.17896206345506,6.9123960000003954
118.176,100.38314834855032,101.42127742436773,201.90879288792684,193.98360817131777,6.914342800000392
118.208,100.48811941830057,101.14133002254758,201.7582855024442,193.84780474154243,6.916226800000392
118.24000000000001,102.95298773238355,101.68482733549835,200.07003638012154,193.37957914702477,6.918173600000393
118.272,103.31356284137465,102.17344798726124,201.44718029549705,193.29679419951833,6.920057600000393
118.304,103.17790237863515,102.4747843046734,200.34984619373347,192.9789450226407,6.922004400000394
118.336,100.42838040187848,101.86086313383493,201.9284179248706,193.0043433126196,6.923951200000395
118.36800000000001,98.30594271925445,100.79438700946078,201.1083070925717,192.92813991095613,6.925835200000395
118.4,101.32610259307589,100.9539016845453,203.23852749523292,193.19986037300467,6.927782000000396
118.432,97.04506903967183,99.78125189108324,200.96945658632538,193.06313727354618,6.929666000000396
118.464,105.27101023896962,101.42817939544915,203.79899169579716,193.41186617488626,6.931612800000397
118.49600000000001,97.23269390253795,100.16953374757578,200.9453086493656,193.23239983614823,6.933496800000397
118.528,100.58283274254421,100.2935234460663,200.54220346382866,192.9610220662382,6.935443600000398
118.56,104.19176246602396,101.4629951520536,201.81552271039533,193.02066396997716,6.9373276000003985
118.592,100.0667180668383,101.044112026489,200.24965251934202,192.7346588719258,6.939274400000399
118.62400000000001,98.74803830793043,100.35528991092143,200.19171733661307,192.54136721742657,6.9411584000004
118.656,97.90618456511764,99.62055830718029,199.08861830783974,192.13196933517978,6.9431052000004
118.688,101.77153582466173,100.26585156242471,201.84593202245287,192.29573837452384,6.945052000000401
118.72,103.68483745049406,101.29154732884552,202.30234067440995,192.5639078120075,6.9469360000004015
118.75200000000001,102.7852507573251,101.7396583573894,201.67578589477677,192.61870103566855,6.948882800000402
118.784,96.61864373451095,100.20335397052587,199.7353706683291,192.36379984931608,6.950766800000403
118.816,107.40274313674854,102.36317072039267,203.4091393578583,192.76854478140672,6.952713600000403
118.848,104.82392858927355,103.10139808105693,203.69334345503657,193.20290547845326,6.954597600000404
118.88,95.62369866333702,100.85808825574095,200.52726311634382,192.93416194819076,6.9565444000004
118.912,97.17652474350079,99.7536192020689,200.0154246036157,192.62141883081588,6.958491200000401
118.944,103.33548850660301,100.82817999342913,199.52535938388928,192.32801421023825,6.960375200000401
118.976,101.6810557631602,101.08404272434844,201.4211614916273,192.43085056166416,6.9622592000004015
119.008,103.10959474429426,101.69170833033218,202.53827759498967,192.6658356688706,6.964206000000402
119.04,98.54706053202146,100.74831399083895,203.97102927623726,193.11761354644497,6.9661528000003985
119.072,101.99178892886172,101.12135647224578,206.41724754822127,193.98181353029892,6.968036800000399
119.104,103.73127151132607,101.90433098396986,206.23660724420316,194.60546666494892,6.9699836000004
119.136,97.63684778903313,100.62408602548882,203.33967586170726,194.64333611594301,6.9718676000004
119.168,99.86692484312294,100.39693767077905,202.11623286973048,194.40147779615157,6.973814400000401
119.2,104.07470514411813,101.50026791278077,201.3568401989859,194.11738040246482,6.975698400000401
119.232,101.79392941311522,101.58836636288109,202.23997520830244,193.99311581392013,6.977645200000402
119.264,104.66623224311282,102.5117261269506,204.82170861551754,194.358630131228,6.979592000000403
119.296,96.25480588390084,100.63465005403567,203.22973363396275,194.42127711106863,6.981476000000403
119.328,103.87213243965635,101.60589476972189,203.29778947259942,194.48490308089637,6.9833600000004035
119.36,98.06657345590096,100.5440983755756,201.04509221583595,194.07784695252445,6.985306800000404
119.392,99.99875793479222,100.38049624334059,200.28748750944854,193.60734240354853,6.987253600000405
119.424,97.8387546936753,99.617973778441,199.7261445462101,193.17182968377907,6.989137600000405
119.456,102.86047292659657,100.59072352288766,199.07468641053626,192.64579802469152,6.991084400000406
119.488,95.63362544085675,99.10359409827838,196.99787318703846,191.89051211635552,6.992968400000406
119.52,101.2304652503678,99.7416554439052,199.51780933275347,191.67659989621345,6.994915200000407
119.552,99.63086284852642,99.70841766529156,199.29221809016866,191.51200715828207,6.996799200000408
119.584,98.49716863483964,99.34504295615598,199.05665168574947,191.28313500704854,6.998746000000408
119.616,103.34335420622455,100.54453633117654,200.0981880211758,191.28420363166077,7.000692800000409
119.648,105.26026811643294,101.95925586675347,201.4920584938655,191.58879928229274,7.002576800000409
119.68,96.6846902308898,100.37688617599436,199.80532641171277,191.5329695668729,7.00446080000041
119.712,97.0653739046835,99.3834324946011,199.58192871091373,191.39537710672116,7.006407600000406
119.744,102.75391000120014,100.3945757465808,200.44573383042444,191.43903511743042,7.008354400000407
119.776,99.29929838200935,100.06599253720935,198.74240802128833,191.2179267587258,7.010238400000407
119.808,101.68462141018446,100.55158119910189,199.34656021794717,191.09475515142196,7.012185200000408
119.84,103.84233172331042,101.53880635636445,202.1927794215373,191.56046925052027,7.014069200000408
119.872,102.99517484343076,101.97571690248434,203.0563498734689,192.04676100356622,7.016016000000405
119.904,99.65083617647659,101.27825268468202,202.30677215743046,192.36079681324574,7.017900000000405
119.936,98.41181007114653,100.41831990062136,202.53011637880124,192.60698431482336,7.019846800000406
119.968,101.59657263035162,100.77179571954044,201.46714147915964,192.61621667842334,7.021793600000406
120.0,95.33666228482173,99.14125568912482,199.6235383201962,192.34152377773182,7.023677600000407
120.032,101.83789747179122,99.95024822392475,200.8733461805283,192.2913283662513,7.0256244000004076
120.06400000000001,99.58640323574994,99.8410947274723,199.89977872855417,192.12543826862137,7.027508400000408
120.096,101.73637097440061,100.40967760155078,201.31137666935368,192.19363622560294,7.029455200000409
120.128,99.9793763692501,100.28058723186058,201.2836704224291,192.29590911646702,7.031339200000409
120.16,100.21164124695514,100.25990343638894,199.18256272708635,191.94794224608742,7.03328600000041
120.19200000000001,98.755887097303,99.80869853466315,198.9039593981021,191.6125300041532,7.0352328000004105
120.224,103.69820908182714,100.97555169881234,202.4427186756737,192.0297665261677,7.037116800000411
120.256,101.43145249584138,101.11232193792104,202.3629356579208,192.35704374785894,7.039000800000411
120.288,94.95551229222792,99.2652790442131,202.21438432571574,192.54676382873504,7.040947600000412
120.32000000000001,95.96860824634453,98.27627780485253,199.3001917849395,192.17468344631553,7.042894400000413
120.352,98.72024079932893,98.40946670319545,198.99658205729617,191.8664294383048,7.044778400000413
120.384,98.17685978394795,98.33968462742118,199.94409152366705,191.73403213912772,7.046725200000414
120.416,104.52146732263672,100.19421943598583,200.87997173603202,191.8464237683369,7.048609200000414
120.44800000000001,103.08131743198847,101.06034883478662,200.86064786785647,191.88354186395162,7.050556000000415
120.48,96.04029029048735,99.55433127149684,200.92942822568725,191.97782410648546,7.0524400000004155
120.512,98.88159800798928,99.35251129244456,200.21578203060923,191.8744399553796,7.054386800000412
120.544,94.73004993687482,97.96577288577363,198.52780930569665,191.48424921419797,7.056333600000412
120.57600000000001,105.16845317474991,100.12657697246652,201.9969473605277,191.84402074093524,7.058217600000413
120.608,105.64691079299044,101.7826771186237,202.01194663614967,192.14138934786837,7.060101600000413
120.64,104.293166618523,102.53582396859349,202.95783891430582,192.50470576981954,7.062048400000414
120.672,101.81907172759557,102.3207982962941,201.47326416641846,192.5335584868063,7.06399520000041
120.70400000000001,102.43047791320262,102.35370218136664,201.7797255887271,192.66409104509978,7.065879200000411
120.736,99.91133457848419,101.6209919005019,201.03182698751414,192.5841963924679,7.067826000000411
120.768,104.74598956553426,102.5584912000116,203.36972010771586,192.9933486685046,7.069710000000412
120.8,106.34340853639574,103.69396640092683,205.28158027046652,193.6230539777137,7.0716568000004125
120.83200000000001,104.01067104481359,103.78897779409286,204.00689635276777,193.9595029303888,7.073540800000413
120.864,99.33467733909771,102.45268765759431,201.32311219808022,193.69786384747505,7.075487600000414
120.896,96.34473683579397,100.6203024110542,200.06599074675927,193.25604493221923,7.077434400000414
120.928,103.8701213347273,101.59524808815613,200.49081064245277,193.02251884213433,7.079318400000415
120.96000000000001,109.77584390807519,104.04942683413185,204.39786096864864,193.53842678339117,7.081202400000415
120.992,101.12746513460573,103.17283832427401,204.70135754335192,193.9644554394712,7.083149200000416
121.024,102.27686236209863,102.90404553562139,205.82130915223598,194.5160824238216,7.085096000000417
121.056,94.53472788327615,100.39325023991782,204.6084343757559,194.79977233501705,7.086980000000417
121.08800000000001,96.02495997894702,99.08276316162657,202.59316076954954,194.61592221219252,7.088926800000418
121.12,99.15619537020342,99.10479282419962,202.6068277463008,194.51925554927246,7.090810800000418
121.152,102.63747381231788,100.16459712063508,201.31633182858712,194.1550754047573,7.092757600000419
121.184,99.24753073944636,99.88947720627846,198.39683783537694,193.37982316639014,7.094641600000419
121.21600000000001,97.25577538017073,99.09936665844613,198.89603073266022,192.7838089710742,7.09658840000042
121.248,100.84585240492112,99.62331238238862,198.79913578406473,192.27813411781682,7.098535200000421
121.28,103.21320917523099,100.70028142024131,201.35108526699617,192.3773150195522,7.100419200000421
121.312,106.38692463353576,102.40627438422963,205.33630559927633,193.128426035175,7.102366000000417
121.34400000000001,107.35578935249731,103.89112887470992,205.27865997217413,193.78458746652612,7.104250000000418
121.376,96.51216178551167,101.67743874795043,204.1889717685841,194.07332110066892,7.1061968000004185
121.408,105.89473108888264,102.94262645023008,204.0232853460796,194.33123919118407,7.108080800000419
121.44,98.90185287560837,101.73039437784355,201.18414802350011,193.97716459987436,7.11002760000042
121.47200000000001,95.41817277346132,99.83672789652887,201.4799719306337,193.74072002011366,7.111974400000416
121.504,109.14711477081927,102.62984395881598,203.78898340907506,194.01643001108474,7.113858400000416
121.536,100.22224142024118,101.90756319724355,203.87411167885418,194.2576451846069,7.115742400000417
121.568,97.13558627272691,100.47597011988854,199.98759034744066,193.70031696258013,7.1176892000004175
121.60000000000001,90.61406700594438,97.51739918570529,197.22790101788706,192.74436685863512,7.119636000000418
121.632,103.48373773291068,99.3073007498669,199.25140469018402,192.37912383278785,7.121520000000419
121.664,105.12685066848393,101.05316572545199,201.50879510930503,192.43713758025532,7.123466800000419
121.696,104.30603215281431,102.02902565366068,202.81750415382004,192.7729574215072,7.12535080000042
121.72800000000001,100.33291585645904,101.52019271450018,203.14040652335808,193.0550058762917,7.1272976000004205
121.76,96.50574538224448,100.01585851482346,203.12922628901305,193.33541402399322,7.129181600000421
121.792,102.35912305434779,100.71883787668077,203.5085484932455,193.5822920136501,7.131128400000422
121.824,99.94886483357392,100.4878459637487,202.19098671546203,193.54601029706555,7.133075200000422
121.85600000000001,103.07521348917194,101.26405622137565,201.71681791462473,193.48190546372973,7.134959200000423
121.888,102.98183896215991,101.77939104361093,202.42048139713086,193.55676478567804,7.136843200000423
121.92,105.33919638463568,102.84733264591834,203.4155782285922,193.74675145146566,7.138790000000424
121.952,104.48514699258503,103.33867694991835,202.22254224859685,193.6864144587427,7.1407368000004245
121.98400000000001,102.10618631607969,102.96892975976674,202.1122611993431,193.6684710722477,7.142620800000425
122.016,100.52403740219611,102.23546205249555,203.36880226589966,193.82977284515576,7.144567600000426
122.048,97.81281472639833,100.90866785466638,202.66037596051564,193.88508935562936,7.146451600000426
122.08,97.142264651215,99.77874689363095,200.51692793147413,193.49100159782776,7.148398400000427
122.11200000000001,98.69149556662842,99.4525714955302,200.2402048996703,193.16958991969824,7.150282400000427
122.144,96.87285340286942,98.67865606773196,200.00750175831496,192.81280090983884,7.1522292000004235
122.176,109.65752917491835,101.97231799988788,202.29469643324984,192.93456636980895,7.154176000000424
122.208,106.777391889795,103.41384016686001,203.4757397933796,193.29949185089237,7.156060000000425
122.24000000000001,98.87132876016676,102.05108674485203,202.92695173694378,193.4990374546181,7.157944000000425
122.272,99.9202295645944,101.41182959077474,200.71219550053434,193.21016707482215,7.159890800000426
122.304,105.8606758212598,102.74648345992026,201.560458603283,193.12711502666272,7.161837600000422
122.336,104.6589714612092,103.32022986030692,203.37677008277802,193.43927640841127,7.1637216000004225
122.36800000000001,92.40420662646848,100.04542289015538,199.62909239196063,192.96518366096967,7.165668400000423
122.4,98.02542396441143,99.43942321243219,200.918347180136,192.86168578723132,7.167552400000424
122.432,93.9989160606927,97.80727106691033,198.14282147260488,192.22312416623265,7.169499200000424
122.464,103.07433663606032,99.38739073765532,198.24034078826304,191.7692247199308,7.171383200000425
122.49600000000001,105.74928153612632,101.29595797719662,199.9477390588089,191.65508142776227,7.173330000000425
122.528,99.78946779787688,100.84401092340069,199.69976917498218,191.51671585540763,7.175276800000426
122.56,102.1074477937687,101.2230419845111,201.24826233127348,191.7351008729663,7.1771608000004266
122.592,99.53406362158151,100.7163484756322,199.93205481874244,191.62429510377638,7.179107600000427
122.62400000000001,101.92450797417595,101.07879632519533,199.5517640146177,191.51614656984853,7.180991600000428
122.656,101.34881684962926,101.15980248252549,201.19409836626465,191.67339772752737,7.182938400000428
122.688,96.94876503530294,99.89649124835873,199.0345001241597,191.46273826340834,7.184822400000429
122.72,96.22084669714837,98.79379788299562,199.3288919986345,191.29205847900005,7.1867692000004295
122.75200000000001,103.98712283825799,100.35179536957432,200.00770140375883,191.2751341247269,7.18871600000043
122.784,101.50051126392063,100.6964101378782,202.01894943308474,191.67673728286937,7.190600000000431
122.816,94.33092006554013,98.78676311617679,198.53826604101732,191.37565623291286,7.192484000000431
122.848,106.94607396483794,101.23455637077512,201.81274830747483,191.67030989251577,7.194430800000432
122.88,104.81305649778892,102.30810640887927,204.52623692612877,192.4027666626673,7.1963776000004325
122.912,101.77151417475844,102.147128738643,204.90225307387956,193.12214192305834,7.198261600000433
122.944,97.46200876243705,100.74159274578122,203.44036270079562,193.39528017363753,7.200208400000434
122.976,95.95309368914864,99.30504302879145,200.2421199039509,193.09154044618305,7.202092400000434
123.008,100.70381006883545,99.72467314080464,199.52262118598009,192.6611160194575,7.204039200000435
123.04,90.31085059456422,96.9005263769325,197.66329853530218,192.0234979249121,7.205923200000435
123.072,106.65785281366809,99.82772430795318,200.77422982715098,192.01292458828001,7.207870000000431
123.104,100.40290328709702,100.00027800169633,201.46790269486758,192.12981806276423,7.209816800000432
123.136,95.86489138455818,98.75966201655488,199.49177094876836,191.91931253510583,7.211700800000433
123.168,103.39073191963246,100.14898298747815,198.96807923636393,191.65212108708334,7.213584800000433
123.2,97.39212240711967,99.3219248133706,197.74719838246557,191.16088087275335,7.215531600000434
123.232,103.74916886410432,100.6500980285907,200.27507291294282,191.21609291695503,7.21747840000043
123.264,99.97057725897915,100.44624179770723,198.4008691365422,190.97351885341587,7.21936240000043
123.296,106.5154646469618,102.26700865248358,199.83301319496658,190.9826312477405,7.221309200000431
123.328,94.69377699667675,99.99503915574152,196.4166315407553,190.4231710966827,7.2231932000004315
123.36,103.37954775549662,101.01039173566805,198.83331526825708,190.350952228035,7.225140000000432
123.392,97.34479495027557,99.9107127000503,198.72716004821535,190.32402432042466,7.227024000000433
123.424,100.78767322828045,100.17380085851934,201.31092693946533,190.71819232088183,7.228970800000433
123.456,109.75980487677444,103.04960206399588,203.03653366174908,191.3533474179325,7.230917600000434
123.488,101.17529060801746,102.48730862720234,202.4652506191543,191.82157356903616,7.2328016000004345
123.52,104.76045280220865,103.16925187970422,203.23222100727253,192.34387168389,7.234685600000435
123.552,100.0277725272295,102.2268080739618,202.0035642560254,192.49781796739526,7.236632400000436
123.584,101.89484607508396,102.12721947429844,203.68249444116444,192.9277825435805,7.238579200000436
123.616,97.07068533707684,100.61025923313196,204.16715179451208,193.41907973259995,7.240463200000437
123.648,100.68240153444945,100.63190192352721,202.6403134902639,193.49366606138622,7.242410000000437
123.68,102.42327981174432,101.16931528999234,201.51246681398317,193.4020483636211,7.244294000000438
123.712,99.13339399139666,100.55853890041362,200.85792377015753,193.15710922231912,7.246240800000439
123.744,98.64250932008622,99.9837300263154,200.3705086993753,192.9197158971793,7.248124800000439
123.776,102.68866541375496,100.79521064254726,201.78798689061,192.9304168436616,7.25007160000044
123.808,105.2321108631812,102.12628070873743,203.34723677705142,193.22140129614087,7.25201840000044
123.84,99.10808550482585,101.22082214756395,201.46589904261955,193.17063419282957,7.253902400000441
123.872,97.78518862288398,100.19013209015995,200.5404140704566,192.91011197496803,7.255849200000437
123.904,100.44602626439605,100.26690034243077,199.29644920461402,192.52302244042846,7.2577332000004375
123.936,99.72433921055088,100.1041320028668,198.11530617146178,191.9407778416893,7.259680000000438
123.968,93.3084638740016,98.06543156420724,195.26738764141808,190.99988525364407,7.261564000000439
124.0,101.93455098368668,99.22616739005107,198.75166385546368,190.8085038546062,7.263510800000439
124.032,98.90157010250604,99.12878820378756,198.9545078996319,190.68847628012597,7.265457600000436
124.06400000000001,97.87231525233483,98.75184631835174,197.16027652680174,190.3168553390729,7.267341600000436
124.096,99.75641999504683,99.05321842136026,198.09926239908623,190.1824509709978,7.2692256000004365
124.128,110.11671754481438,102.37226815839648,203.0708475941255,190.92078465608085,7.271172400000437
124.16,103.13439686802857,102.6009067712861,203.33085580628097,191.57254262043574,7.273119200000438
124.19200000000001,100.74470286031786,102.04404559799562,200.61492409787712,191.666190487631,7.275003200000438
124.224,101.86859494207695,101.99141040122001,200.4185852053913,191.6559181164682,7.276950000000439
124.256,101.39540297672211,101.81260817387064,199.52228090283222,191.53670952601618,7.2788340000004395
124.288,102.0832093472665,101.89378852588939,201.3205696693506,191.713129831032,7.28078080000044
124.32000000000001,98.68750290462168,100.93190283950908,202.23346855173247,192.07428428272385,7.282664800000441
124.352,96.90556216212534,99.72400063629395,199.03417066009257,191.73957236095373,7.284611600000441
124.384,108.43494440608613,102.3372837672316,202.04295152147589,192.01002431573667,7.286558400000442
124.416,104.47869009954277,102.97970566692496,202.75840717965733,192.41245419007387,7.288442400000442
124.44800000000001,108.56239181189099,104.65451151041475,203.22254933915053,192.82605383451022,7.290326400000443
124.48,101.20987349957052,103.62112010716147,203.88302335210687,193.23290376930916,7.2922732000004435
124.512,100.74015816658833,102.75683152498952,203.96129585422767,193.58028200615522,7.294220000000444
124.544,101.1035827512852,102.26085689287822,202.2911996192155,193.61393573843958,7.296104000000445
124.57600000000001,102.80313874980122,102.42354144995511,201.937244182188,193.52599981906602,7.298050800000445
124.608,103.37804313494473,102.709891955452,201.73100558171762,193.46808476492137,7.299934800000446
124.64,109.43457565440455,104.72729706513775,203.5912392000834,193.70591649273712,7.3018816000004465
124.672,104.37064465936191,104.620301343405,204.48102136888514,194.1131829848144,7.303765600000447
124.70400000000001,108.09060003992417,105.66139095236073,206.7937276860246,194.81389598908189,7.305712400000443
124.736,97.33063432902799,103.16216396536089,207.2177327483649,195.4645255441893,7.307659200000444
124.768,109.09532269710103,104.94211158488292,208.77340758655495,196.3303994003847,7.309543200000444
124.8,100.05737599423878,103.47669090768967,206.59690982518657,196.64561156193648,7.311427200000445
124.83200000000001,101.14631082314399,102.77757688232596,206.92214145689059,196.91120386644124,7.3133740000004455
124.864,98.6106916010801,101.5275112979522,204.54633616002084,196.6987097757824,7.315320800000442
124.896,98.7655973611894,100.69893711692336,205.19994684107476,196.69441185051738,7.317204800000442
124.928,105.42136081999804,102.11566422784576,207.10858240075723,196.98491677123704,7.319151600000443
124.96000000000001,100.74720855358643,101.70512752556796,205.45402910546252,196.97480434956168,7.321035600000443
124.992,101.69804732339085,101.70300346491481,203.17597490258052,196.5027667509487,7.322982400000444
125.024,105.68750315101342,102.89835337074439,205.20827881158178,196.53544209169047,7.324866400000444
125.056,101.60964142118257,102.51173978587583,203.55207223098773,196.2110006496749,7.326813200000445
125.08800000000001,97.66104043248592,101.05652997985885,203.8569444470248,196.0004634143003,7.328760000000446
125.12,104.55569937566166,102.1062807985997,204.6558734518979,196.0240704135053,7.330644000000446
125.152,101.8532296638783,102.03036545818327,204.84029590433676,196.02535125348436,7.332590800000447
125.184,101.07584426451675,101.7440091000833,203.51410287118816,195.83779598084192,7.334474800000447
125.21600000000001,103.44097032164879,102.25309746655294,203.6067442427347,195.64952224756644,7.336421600000448
125.248,102.58718620812579,102.3533240890248,203.36208187142705,195.5024756672986,7.3383056000004485
125.28,103.84519935361715,102.8008866684025,204.39481158615456,195.5175323054195,7.340252400000449
125.312,97.70325989352713,101.27159863593988,200.59190416991197,194.89298030340277,7.34213640000045
125.34400000000001,99.62661455521621,100.77810341172278,202.48524423182494,194.67272714528508,7.34408320000045
125.376,107.13197735294631,102.68426559408982,204.54632635005692,194.91682335340857,7.345967200000451
125.408,99.52301485071479,101.7358903710773,201.99611819287668,194.6037240662406,7.3479140000004515
125.44,97.3411402683033,100.4174653402451,198.83977173474818,193.77600411392672,7.349860800000452
125.47200000000001,99.89168092031238,100.25973001426527,198.95031356219332,193.1695405659706,7.351744800000453
125.504,102.9550854239896,101.06833663718255,201.1060941067613,193.01160297124824,7.353691600000449
125.536,94.57960174748543,99.1217161702734,199.98980570914614,192.73163962139088,7.355575600000449
125.568,98.64236324632094,98.97791029308766,198.03948687697658,192.09791272815352,7.35752240000045
125.60000000000001,101.29205103312259,99.67215251509813,197.66299470910835,191.56217803653698,7.35940640000045
125.632,96.73720087295192,98.79166702245426,196.35214616671126,190.83471630986463,7.361353200000451
125.664,100.22977582009912,99.22309966174771,197.19135714505478,190.390818445584,7.363300000000447
125.696,104.002104353146,100.65680106916719,200.05578932003368,190.59715344489834,7.365184000000448
125.72800000000001,99.93170306970802,100.43927166932943,202.12477264820438,191.14062315825345,7.367068000000448
125.76,101.33942460759877,100.70931755081023,202.24037611876605,191.55521678979306,7.369014800000449
125.792,101.84643748547307,101.05045353120907,201.97989696615133,191.84762392669666,7.37096160000045
125.824,98.93504319172433,100.41583042936364,199.96669576259183,191.7741550455764,7.37284560000045
125.85600000000001,96.8066303632644,99.33307040953386,197.67655130375485,191.24804004282154,7.374792400000451
125.888,102.65743553960107,100.33037994855401,199.9590723654175,191.2817145372465,7.376676400000451
125.92,96.10526183219548,99.06284451364645,198.97457574417808,191.0796692362955,7.378623200000452
125.952,100.61174715662565,99.52751530654021,199.5505188589276,191.0698712595001,7.380507200000452
125.98400000000001,102.38697228317318,100.38535239953009,202.3947789500939,191.52521733709455,7.382454000000453
126.016,96.67883795785272,99.27339806702687,201.17974852021138,191.67822942202682,7.384400800000454
126.048,98.20533526036046,98.95297922502694,201.06129445602943,191.83354016548287,7.386284800000454
126.08,95.69067612978691,97.97428829645492,200.3741568334795,191.83636985034752,7.388168800000455
126.11200000000001,106.96466228440201,100.67140049283904,202.66287935992352,192.20150709698189,7.390115600000455
126.144,106.46154580850306,102.40844408753824,204.5820142360492,192.8479140488645,7.392062400000456
126.176,103.21246087956342,102.6496491251458,205.04967357521542,193.51340148371438,7.393946400000456
126.208,104.18853823872033,103.11131585921815,205.31538411688456,194.0550969391542,7.395893200000457
126.24000000000001,97.99075349895404,101.5751471511389,203.7733354127721,194.2710732414107,7.397777200000458
126.272,99.90721070366173,101.07476621689575,202.4094873636447,194.149671909782,7.399724000000458
126.304,101.9624413689243,101.3410687625043,201.2324711945086,193.88864027470862,7.401608000000459
126.336,99.27803814805047,100.72215957816815,200.00466207338212,193.401190963377,7.403554800000455
126.36800000000001,104.25271759726307,101.7813269838966,201.8089823858385,193.3285462529925,7.405501600000456
126.4,100.25708988909321,101.32405585545558,201.97789529797188,193.35105622761083,7.407385600000456
126.432,99.86781121651117,100.88718246377225,202.18004709712977,193.35464756937745,7.409332400000457
126.464,101.99422898864336,101.21929642123358,203.8462364274132,193.7105983674445,7.411216400000457
126.49600000000001,104.95618953115222,102.34036435420917,204.77297825298064,194.1184275653855,7.4131632000004535
126.528,103.80423347311216,102.77952508988007,203.75640029071087,194.31987596686832,7.415047200000454
126.56,95.63101742603251,100.6349727907258,200.7081946623532,193.88171171649617,7.416994000000455
126.592,107.71520417326475,102.75904220548748,202.43495393999325,193.88682659549934,7.418878000000455
126.62400000000001,101.75964189591181,102.45922211261477,203.7455498052306,194.07679692930532,7.420824800000456
126.656,104.5144542910357,103.07579176614104,204.94863808692128,194.50157244768928,7.422708800000456
126.688,101.41793625964306,102.57843511419163,203.00206027489872,194.44570555597468,7.424655600000457
126.72,98.44643620175589,101.33883544046091,201.033638951633,194.04367106977688,7.426602400000458
126.75200000000001,97.32320658819799,100.13414678478202,198.99279841950704,193.39645012214362,7.428486400000458
126.784,100.68249005770345,100.29864976665844,198.96218775189564,192.80940074510804,7.430433200000459
126.816,105.5561704888471,101.87590598331504,200.873035657196,192.72589791868234,7.432317200000459
126.848,98.15367850003986,100.75923773833247,201.41221657129807,192.70366594409768,7.43426400000046
126.88000000000001,95.57510134113545,99.20399681917337,198.65233293782364,192.23735918559524,7.43614800000046
126.912,102.11260939908286,100.0765805931462,200.05831771430434,192.05849918123394,7.438094800000461
126.944,99.1614685149608,99.80204696969058,199.71018637965807,191.84900148716662,7.440041600000462
126.976,100.39077958937884,99.97866675559706,198.88512602787463,191.57952183953293,7.441925600000462
127.008,105.43760836141043,101.61634923734107,200.8471727491858,191.71394291358328,7.4438096000004625
127.04,97.12600118494478,100.26924482162218,199.70884938050762,191.56656705332995,7.445756400000463
127.072,98.40008182891016,99.70849592380857,199.26356764011547,191.36527096983548,7.447703200000464
127.104,97.10638633224058,98.92786304633816,198.86208248108494,191.1791745178752,7.449587200000464
127.136,101.56590700959461,99.71927623531509,200.211490193634,191.21956714378874,7.451534000000461
127.168,100.51148083564202,99.95693761541317,203.56452805042204,191.91097367224518,7.453418000000461
127.2,96.66659051321996,98.9698334847552,203.0303915952482,192.32912661307742,7.455364800000462
127.232,98.59548442790026,98.85752876769871,201.15145314394715,192.38294508234696,7.457248800000462
127.264,101.87046319280378,99.76140909523023,203.4446845048289,192.79065835806463,7.459195600000463
127.296,103.72199290098217,100.94958423695581,202.49249300243716,192.95223225181314,7.461142400000464
127.328,101.68544500637017,101.17034246778012,202.6764215677427,193.1692856417286,7.463026400000459
127.36,98.79875762369831,100.45886701455557,200.44754043074715,192.94363096672134,7.464910400000459
127.392,111.04611708219957,103.63504203484877,205.61733932563112,193.64310661003466,7.46685720000046
127.424,101.51469607233302,102.99893824609404,204.6436458588072,194.03974280655112,7.4688040000004605
127.456,108.78185966466548,104.73381467166546,207.0591169305274,194.85321644969144,7.470688000000461
127.488,102.17165250344075,103.96516602119804,205.65155394016278,195.21325463094794,7.472634800000462
127.52,101.57539204656925,103.24823382880939,206.38941127790798,195.6931104958948,7.474518800000462
127.552,100.66683661307681,102.47381466408962,204.80309196421464,195.7475604370585,7.476465600000463
127.584,98.46704146303624,101.2717827037736,202.66189787784378,195.45603762729365,7.478349600000463
127.616,101.47389653232581,101.33241685233925,202.29311665608714,195.0990978809242,7.480296400000464
127.648,106.0968559408466,102.76174857889146,203.11580728278443,194.95566829765778,7.482243200000465
127.68,98.58551385859653,101.50887816280297,202.8981933873158,194.85024489464234,7.484127200000465
127.712,98.2436763297755,100.52931761289473,201.84301567237605,194.57291832375614,7.4860112000004655
127.744,98.92060228490857,100.04670301449887,201.66597989550178,194.2623107808846,7.487958000000466
127.776,95.88358650705675,98.79776806226624,200.7411315994919,193.84052718966655,7.489904800000467
127.808,99.87975149843072,99.12236309311558,200.3396357891517,193.47384899254033,7.491788800000467
127.84,100.86838327116033,99.64616914652899,201.65282942901064,193.35979006287653,7.493735600000468
127.872,101.08245273731515,100.07705422376483,199.50924986575464,192.92982630334294,7.4956196000004685
127.904,108.73689997504889,102.67500794915004,201.65597856530752,192.91480411296124,7.497566400000469
127.936,94.53186267916008,100.23206436815306,199.92391993921,192.6404359551967,7.49945040000047
127.968,100.133935560668,100.20262572590752,197.4812835942623,191.92218329306695,7.50139720000047
128.0,97.9245456560897,99.51920170496217,198.26110528711845,191.4750783626135,7.503344000000471
128.032,94.8858165085532,98.12918614603947,200.70692033868932,191.6030181087639,7.505228000000471
128.064,101.66920342659023,99.19119133020469,202.609167504217,192.00066972787758,7.507174800000468
128.096,97.09709417127955,98.56296218252714,202.24119553614858,192.31117873847603,7.509058800000468
128.12800000000001,95.72809727546715,97.71250271040913,201.69452883895462,192.41510772203475,7.511005600000469
128.16,100.57598902826206,98.571548605765,202.58778177285814,192.71333573332168,7.512889600000469
128.192,101.80036353274484,99.54019308385895,201.37148812013126,192.6860057346919,7.51483640000047
128.224,103.48716825752558,100.72428563595894,201.88715296280807,192.75695645160053,7.516783200000466
128.256,104.86524005846783,101.9665719627116,201.84791662000202,192.8593969410163,7.518667200000467
128.288,96.27160896804527,100.25808306431169,201.70029435986947,192.91657669481432,7.520551200000467
128.32,102.94449206460774,101.0640057644005,203.47177030197656,193.23260643803115,7.522498000000468
128.352,96.83411308790289,99.79503796145121,200.77037570099807,193.00248988102578,7.5244448000004684
128.38400000000001,103.86242824408137,101.01525504624026,201.33171451425892,192.96705813345233,7.526328800000469
128.416,100.52498926105018,100.86817531068323,200.62116248658867,192.75799793837507,7.52827560000047
128.448,105.11820880354338,102.14318535854127,203.15993622200105,193.09772220548672,7.53015960000047
128.48,104.28984752097801,102.78718400727229,203.71853649373082,193.42562912874283,7.532106400000471
128.512,105.32666249919703,103.54902755484972,204.95360526446504,193.96916344597736,7.533990400000471
128.544,109.17854540293163,105.23788290927429,207.47836873963428,194.81986195611648,7.535937200000472
128.576,94.06813058630553,101.88695721238365,202.85494492259338,194.67975794234,7.5378840000004725
128.608,98.06098904334263,100.73916676167134,199.4189297071872,193.9945355561237,7.539768000000473
128.64000000000001,105.31561851983885,102.1121022891216,202.53819102017607,193.9979152555152,7.541652000000473
128.672,102.48053537805647,102.22263221580205,202.60285971914794,193.96095475514923,7.543598800000474
128.704,99.46263223475609,101.39463222148825,201.65015890586287,193.75824753612,7.545545600000475
128.736,100.14539740397663,101.01986177623475,201.13314188811432,193.55008438161292,7.547429600000475
128.768,98.0832646954546,100.13888265200069,201.25324084437563,193.3499024963571,7.549376400000476
128.8,94.85217502538987,98.55287036401744,199.25946093233566,192.87651718618795,7.551260400000476
128.832,103.79421507888065,100.1252737784764,201.6030768461767,192.86156873383518,7.553207200000477
128.864,103.14511874543675,101.03122726856449,201.6223150239648,192.9042413327164,7.5550912000004775
128.89600000000002,101.95408125711336,101.30808346512914,201.98030840998092,192.95255285346747,7.557038000000474
128.928,98.86914810650477,100.57640285754182,199.96373156895947,192.62712471730399,7.5589848000004745
128.96,100.43961182307258,100.53536554720104,201.3955869668743,192.67119388564993,7.560868800000475
128.992,104.36800073839011,101.68515610455775,203.34271522796064,193.05971201577472,7.562752800000475
129.024,101.15866367324912,101.52720837516516,202.96761388008997,193.25858356372467,7.564699600000476
129.056,92.45932096310598,98.8068421515474,199.0176592530604,192.70652789453405,7.566646400000472
129.088,97.44110691833112,98.39712158158251,199.84743266072707,192.4560132070642,7.568530400000473
129.12,98.19828780453791,98.33747144846912,201.58994815794398,192.51479866898507,7.570477200000473
129.15200000000002,102.40646160580333,99.55816849566938,201.32351042822154,192.56615289845678,7.572361200000474
129.184,97.20109966061835,98.85104784515407,199.73133825694867,192.2685995815728,7.5743080000004746
129.216,102.66410859216015,99.99496606925588,198.84168634827873,191.91531124868712,7.576192000000475
129.248,96.75566055154192,99.02317441394169,199.57037823408996,191.70642528765546,7.578138800000476
129.28,104.0062331542395,100.51809203603102,200.7989290523107,191.757711807933,7.580085600000476
129.312,104.72413781182381,101.77990576876886,202.1679596780504,192.09894008952884,7.581969600000477
129.344,103.37476892012012,102.25836471417422,202.7006560728322,192.4233902670992,7.5839164000004775
129.376,101.51943176645129,102.03668482985734,204.54021243581724,193.0735042515058,7.585800400000478
129.40800000000002,99.09128267001358,101.15306418190421,205.45485981690047,193.72006476644313,7.587747200000479
129.44,101.43590780052348,101.23791726748999,204.80674535393698,194.18372568720525,7.589631200000479
129.472,103.0844474681846,101.79187632769838,204.785030385601,194.50810142323044,7.59157800000048
129.504,102.9035707553673,102.12538465599904,206.11465879469017,195.01442539243618,7.5935248000004805
129.536,99.73536775005805,101.40837958421673,203.79799268690115,195.06122853633306,7.595408800000481
129.568,105.43043149198392,102.61499515654688,206.53440094037683,195.59484351446233,7.597292800000481
129.6,94.2538671010735,100.10665673990485,201.28077172004467,195.02954833266864,7.599239600000482
129.632,101.59097308579167,100.55195164367089,201.14155518609377,194.5413723262308,7.601186400000483
129.66400000000002,109.9364520772335,103.36730177373965,204.2629998113278,194.75796203113458,7.603070400000483
129.696,96.25697696597767,101.23420433141106,202.94203646490436,194.644825102314,7.605017200000479
129.728,98.9662058985727,100.55380480155955,201.94931382593222,194.42391870421034,7.60690120000048
129.76,103.27850557963363,101.37121503498177,204.68096664141325,194.68598482282502,7.608848000000481
129.792,102.02688338571093,101.56791554020052,203.1753620540444,194.67954029709506,7.610732000000481
129.824,100.31926716771625,101.19332102845522,201.42282126920733,194.30562333579627,7.612678800000482
129.856,98.23966982099353,100.30722566621671,202.0717034246129,194.11683047033253,7.614625600000478
129.888,106.85798318374685,102.27245292147575,204.58468961282864,194.4684862489164,7.616509600000478
129.92000000000002,103.9606613998374,102.77891546498424,202.63980099900255,194.40447320530643,7.618393600000479
129.952,103.01478943189792,102.84967765505834,202.2435138910468,194.22888602638702,7.6203404000004795
129.984,99.46385923481347,101.83393212898488,202.21340908394978,194.07963079486876,7.62228720000048
130.016,98.07204203320923,100.70536510025218,199.49825127266791,193.51738693551542,7.624171200000481
130.048,98.48348807382881,100.03880199232516,201.65305918007937,193.39548933084905,7.626118000000481
130.08,105.95341575384658,101.81318612078158,204.32202986359485,193.8301653000626,7.628002000000482
130.112,97.39192666026159,100.48680828262559,204.2283102565039,194.11776962816964,7.6299488000004825
130.144,107.1140669539309,102.47498588401717,204.94379303461426,194.5342522475668,7.631832800000483
130.17600000000002,94.96067530168,100.22069270931601,203.03159481592968,194.47781607182506,7.633779600000484
130.208,102.1099051326352,100.78745643631176,202.80820680688322,194.3911620295608,7.635726400000484
130.24,102.79809219820284,101.39064716487908,202.20362761136823,194.26219817915754,7.637610400000485
130.272,99.21331150189394,100.73744646598354,200.33178820750777,193.81777818911667,7.639494400000485
130.304,107.49760979689057,102.76549546525564,202.9442030637868,193.87520434592548,7.641441200000486
130.336,97.3819268181852,101.1504248711345,201.94045519759615,193.74056064432412,7.643388000000487
130.368,97.10579571503172,99.93703612430366,201.69412967788548,193.6371361676825,7.645272000000487
130.4,101.37139364381133,100.36734338015596,202.04605577729654,193.56469565636618,7.647218800000488
130.43200000000002,105.39198529582342,101.87473595485619,203.2706506714689,193.7784486831875,7.649102800000488
130.464,101.2712699402114,101.69369615046274,202.33754766722768,193.73319026505948,7.651049600000489
130.496,100.92043616062494,101.4617181535114,201.90738995086394,193.66969938763802,7.652933600000489
130.528,102.02373750000177,101.6303239574585,201.6732812668896,193.52389375543888,7.6548804000004855
130.56,102.15185139470361,101.78678218863202,201.89423613607931,193.4444708616422,7.656827200000486
130.592,99.55953510178259,101.11860806257718,201.28105965479358,193.31987325248383,7.658711200000487
130.624,109.85562424033617,103.73971291590487,203.47315221309967,193.56315744446962,7.660658000000487
130.656,101.2535608595268,102.99386729899145,204.69805822922956,194.0355461009854,7.662542000000488
130.68800000000002,103.23952023130806,103.06756317868643,204.40122429076905,194.31727402509475,7.664488800000484
130.72,102.5681037145315,102.91772533943995,204.37712790681348,194.59508186642267,7.6663728000004845
130.752,103.304497926307,103.03375711550005,203.8504751689776,194.6758509878597,7.668319600000485
130.784,100.34066775863118,102.22583030843938,202.741535155674,194.5412857154024,7.670266400000486
130.816,102.81063298160834,102.40127111039007,202.43503836002276,194.4270346211604,7.672150400000486
130.848,98.78292701072493,101.31576788049051,203.04718347284052,194.4442594334293,7.674034400000487
130.88,104.6333553572598,102.31104412352128,203.88513888496783,194.55860108642113,7.6759812000004874
130.912,103.77963491232975,102.75162136016382,201.47983453289118,194.2168930803105,7.677928000000488
130.94400000000002,93.44530377168866,99.95972608362126,198.7101521833825,193.48716111403974,7.679812000000489
130.976,106.49789665189397,101.92117725410307,201.02392262310883,193.25686215608573,7.681758800000489
131.008,104.60371088312044,102.72593734280828,203.39184603655238,193.54826834029532,7.68364280000049
131.04,100.32621887731526,102.00602180316037,202.29668573386365,193.53727608334765,7.68558960000049
131.072,101.3026575960669,101.79501254103232,200.21963877336995,193.20376642074987,7.687473600000491
131.104,99.1339711064525,100.99670011065837,200.81589786377208,192.9871092333528,7.6894204000004915
131.136,100.58014965001769,100.87173497246616,202.00200154027718,193.02434827284557,7.691367200000492
131.168,98.07781740464011,100.03355970211834,202.64357623509403,193.22240391884054,7.693251200000493
131.2,107.3687389567764,102.23411347851575,202.60737689678965,193.37805999540475,7.695135200000493
131.232,102.25285323760103,102.23973540624132,202.80137099274356,193.48922180188936,7.697082000000494
131.264,102.6586162156994,102.36539964907874,203.07586621035864,193.62994654948403,7.6990288000004945
131.296,101.44407299132172,102.08900165175163,204.73163131130357,194.09632318847505,7.700912800000495
131.328,104.15437736789616,102.70861436659499,204.9723404897486,194.47042122225594,7.702859600000491
131.36,109.59193369409735,104.77361016484568,203.09079444911004,194.48768664587317,7.704743600000492
131.392,107.95325894836472,105.72750479990138,204.22573495147964,194.65581512222073,7.706690400000492
131.424,102.27345562467733,104.69129004733416,203.40486229656256,194.6963702102468,7.708574400000493
131.456,99.99836604906474,103.28341284785333,202.32902904895099,194.4834284304047,7.7105212000004935
131.488,101.2510451876648,102.67370254979676,203.13013393946605,194.4540265753812,7.71246800000049
131.52,94.01122777535001,100.07496011746272,199.497980107413,193.82396893085703,7.71435200000049
131.552,103.27184540522993,101.03402570379288,199.76987173176028,193.35716186032982,7.716236000000491
131.584,93.62108206734553,98.81014261285867,196.73605202555103,192.3742985321669,7.718182800000491
131.616,106.41664820956024,101.09209429186913,198.42231171596558,191.87453983071592,7.720129600000492
131.648,93.85064742829056,98.91966023279555,196.1209053942433,191.1001207479544,7.722013600000492
131.68,97.7436989396322,98.56687184484655,198.01765005486914,190.7577423017986,7.723960400000493
131.712,107.75845853409288,101.32434785162044,202.1315212745727,191.27336731611695,7.7258444000004936
131.744,98.65665557843532,100.5240401696649,201.8564529292347,191.5944454430282,7.727791200000494
131.776,103.49258997977421,101.41460511269769,202.92684631103688,192.10258112331525,7.729675200000495
131.808,100.77099172202134,101.22152109549478,202.6743102640102,192.42160375696807,7.731622000000495
131.84,105.24737246303744,102.42927650575757,202.10772907738567,192.58033430215892,7.733568800000496
131.872,100.8982237946386,101.96996069242186,202.71680067671463,192.8720088141108,7.7354528000004965
131.904,105.201625312297,102.9394600783844,200.47224457660354,192.65319853812935,7.737399600000497
131.936,103.2498476959997,103.03257636366898,202.83290325281774,192.95269908208653,7.739283600000498
131.968,100.06716402775169,102.14295266289379,200.77634626414172,192.77432571729264,7.741230400000498
132.0,98.39376875020602,101.01819748908746,200.8412136125215,192.6914116727234,7.743114400000499
132.032,99.84229695257456,100.66542732813357,201.23604663407406,192.64353530246896,7.7450612000004995
132.064,103.15540768951868,101.4124214365491,202.2639628673836,192.79037471734202,7.7470080000005
132.096,98.86140711249774,100.64711713933369,201.65020184702894,192.85098070171182,7.748892000000501
132.12800000000001,103.22886910334248,101.42164272853631,202.06597923503324,192.97587182662303,7.750776000000501
132.16,102.53582222542565,101.7558965776031,202.0785874307125,193.0290066644354,7.752722800000502
132.192,98.49114699675579,100.77647170334889,199.59609538573278,192.623199344031,7.754669600000502
132.224,110.8944934114987,103.81187821579383,203.127755372387,192.98149716766918,7.756553600000503
132.256,98.14816570531858,102.11276446265124,199.83718116033347,192.62792487348278,7.758500400000499
132.288,99.39832481203857,101.29843256746743,199.73820349752322,192.37186693046823,7.7603844000005
132.32,101.69211480102385,101.41653723753436,200.86880345786176,192.3153572623211,7.7623312000005
132.352,102.41721866610058,101.71674166610423,202.40513348487667,192.59858097290635,7.764215200000501
132.38400000000001,101.47373224887312,101.64383884093489,204.20440664129984,193.10477250567726,7.766162000000501
132.416,102.9602286098989,102.03875577162408,204.13538363639094,193.50685163802265,7.768108800000498
132.448,98.25039640790155,100.90224796250732,203.35651278438218,193.74661511712128,7.769992800000498
132.48,99.7351189283261,100.55210925225295,200.86631595903208,193.49226257210276,7.7718768000004985
132.512,104.78890155944356,101.82314694441013,203.4799472484858,193.70557461057103,7.773823600000499
132.544,98.17574465949255,100.72892625893485,200.25002483438516,193.29566977843717,7.7757704000005
132.576,103.54249151755586,101.57299583652114,202.90169948610435,193.4913365731846,7.7776544000005
132.608,97.46047388005438,100.33923924958111,201.90306113826938,193.41940375183094,7.779601200000501
132.64000000000001,95.02510288542021,98.74499834033284,200.0963417632172,193.08491223589436,7.7814852000005015
132.672,99.53591919858037,98.98227459780709,198.6580245451987,192.49919765751267,7.783432000000502
132.704,101.09388039268177,99.6157563362695,200.08949276740464,192.33002150435897,7.785316000000503
132.736,94.4051779475088,98.05258281964129,200.75827008310574,192.26107948837335,7.787262800000503
132.768,97.69546311952709,97.94544690960703,199.62754889623477,191.99995808371557,7.789209600000504
132.8,95.03145394554821,97.07124902038937,200.43524630151484,191.9837235811072,7.791093600000504
132.832,99.10036131085795,97.67998270752994,201.244364390677,192.1168758444807,7.792977600000505
132.864,106.65310190663902,100.37191846726266,201.8005782699057,192.275167851705,7.794924400000506
132.89600000000002,96.73875425293184,99.28196920296341,201.94772042040458,192.43144176259813,7.796871200000506
132.928,105.00953258602962,101.00023821788326,204.17256625218994,193.01355540166,7.798755200000507
132.96,101.33425455460679,101.10044311890032,204.47837178795902,193.49422460514336,7.800702000000507
132.992,105.29610751677993,102.3591424382642,204.79836121604956,193.9972445252044,7.802586000000508
133.024,102.96938763543992,102.5422159974169,204.76051704871531,194.35093603466788,7.8045328000005085
133.056,100.74046067427457,102.00168940047419,203.66643545940713,194.49401757092198,7.806416800000509
133.088,105.1652737098169,102.950764693277,203.5340340087649,194.5358040156165,7.808363600000505
133.12,97.88228169586947,101.43021979405472,203.63918704643493,194.58905965600653,7.810310400000506
133.15200000000002,104.44472443693097,102.33457118691759,202.2987676233301,194.4414969329992,7.812194400000506
133.184,97.1437125456953,100.77731359455089,201.34032193799118,194.09573305472378,7.814141200000507
133.216,102.799492080737,101.38396714040671,201.66891120228564,193.92345877396812,7.8160252000005075
133.248,99.43095712112355,100.79806413462177,201.7409513891286,193.74397144787997,7.817972000000504
133.28,108.31004264207039,103.05165768685634,203.54493580595732,193.97492092943656,7.819856000000504
133.312,102.99093602113456,103.0334411871398,204.32111634530366,194.25312251992818,7.821802800000505
133.344,96.37689154369299,101.03647629410575,204.2937133129335,194.5274437901174,7.823686800000505
133.376,100.2195912720342,100.79141078748427,202.987829345884,194.46431848702915,7.825633600000506
133.40800000000002,102.03931128217081,101.16578093589021,203.2573605139186,194.51283653392574,7.8275176000005064
133.44,98.8546244129763,100.47243397901603,202.72666528668944,194.40508506282316,7.829464400000507
133.472,100.66186059327086,100.52926196329247,201.39998268926016,194.0767100900412,7.831411200000508
133.504,100.31311700708775,100.46441847643105,200.66223388532399,193.72567282838983,7.833295200000508
133.536,95.11233729971242,98.85879412341546,200.50488378499193,193.35825910490507,7.835242000000509
133.568,98.22785546582602,98.66951252613863,198.58216628868726,192.76077262369907,7.837126000000509
133.6,90.3853922354746,96.18427643893942,195.5504035876748,191.67125484593868,7.83907280000051
133.632,101.95501171989343,97.91549702322563,199.15827023889128,191.48338532093527,7.8409568000005105
133.66400000000002,103.94582767212464,99.72459621789532,199.15852118087744,191.27813177627235,7.842903600000511
133.696,105.23825652982161,101.3786943114732,200.55519484706355,191.36282307185488,7.844850400000512
133.728,99.68397670513285,100.87027902957108,200.5378524885844,191.48047988608926,7.846734400000512
133.76,99.1006884682541,100.33940186117599,198.15904098740234,191.14628214539187,7.848618400000513
133.792,94.23953531798898,98.50944189821988,199.42963639254737,191.05111461582413,7.8505652000005135
133.824,100.52012623656942,99.11264719972473,200.60393034960836,191.18571645745226,7.852512000000514
133.856,105.42062114348178,101.00503938285185,201.9070616111464,191.58325257349685,7.854396000000515
133.888,101.48255147895316,101.14829301168223,203.12058445721462,192.0770469016288,7.856342800000511
133.92000000000002,88.91701999116286,97.47891110552641,202.47321226594056,192.41572628470513,7.858226800000511
133.952,98.07822599517078,97.6587055724197,207.82086391347775,193.6095838312214,7.860173600000512
133.984,106.98812041427324,100.45753002497577,217.8461890602403,196.45334840064183,7.8620576000005125
134.016,104.80678719235414,101.76230717518928,225.3455928311617,200.08833872804985,7.864004400000513
134.048,125.624662445056,108.92101375614929,238.39148629667568,205.42667911310707,7.865951200000509
134.08,131.87066817228586,115.80591008099026,253.45896545326167,212.57740277004015,7.86783520000051
134.112,138.22097130187603,122.53042844725599,262.2986710511151,220.0338279568062,7.86971920000051
134.144,142.7507961821223,128.59653876771588,276.9999732917655,228.7501245119112,7.871666000000511
134.17600000000002,143.64422003248026,133.1108431471452,289.71037779223076,238.18934466947303,7.873612800000512
134.208,160.8225709617041,141.42436149151285,311.52231043940407,249.9194283657927,7.875496800000512
134.24,166.66757446686842,148.9973253841195,330.6499701610629,262.9370215644341,7.877443600000513
134.272,176.04392685669373,157.11130582589175,355.2447187652208,278.1014844486221,7.879327600000513
134.304,182.5534257783529,164.7439418116301,382.9681851658901,295.48766237157724,7.881274400000514
134.336,192.2437545321995,172.99388562780092,410.7224273358476,314.801867488096,7.883158400000514
134.368,230.58731636652277,190.27191484941747,450.45647566063326,337.76058007314646,7.885105200000515
134.4,245.3430320617079,206.7932500131046,494.75560947248266,364.5818558142941,7.887052000000516
134.43200000000002,258.76148933712324,222.3837218103102,543.416378062537,395.40745878988145,7.888936000000516
134.464,313.92421880250873,249.84587090796975,607.6335699395354,432.2254229362358,7.890882800000517
134.496,313.39482323271426,268.9105566053931,682.1097117045161,477.50529095296,7.890820000000517
134.528,259.3102844645103,266.03047496312826,712.5888765936161,520.0034018090408,7.890882800000517
134.56,210.6269301552964,249.4094115207787,715.1564564049063,555.3256192325288,7.890882800000517
134.592,185.6482725628834,230.2810698334101,718.5341120133626,584.9173837882922,7.890820000000517
134.624,174.60158588335344,213.5772246483931,719.447190081033,609.266944073948,7.890820000000517
134.656,151.10047676296256,194.8342002827639,710.1192768011338,627.4695320633463,7.890882800000517
134.68800000000002,130.36982025830633,175.4948862754266,692.8333474030103,639.3002200422637,7.890882800000517
134.72,100.3295978748857,152.94529975526433,673.4501255983068,645.5327013535884,7.890820000000517
134.752,98.18222155362018,136.51637629477108,658.5443155838514,647.8363378056458,7.890882800000517
134.784,103.39762460026506,126.58075078641927,632.7491587672923,645.1055959302322,7.890882800000517
134.816,104.213752817711,119.87065139580679,608.9135903366123,638.5549329482087,7.890882800000517
134.848,94.87814839494469,112.37290049554815,580.7813021208756,628.1494828410707,7.890820000000517
134.88,98.92670604655501,108.33904216085021,545.3266191596268,613.1073171868118,7.8908828000005125
134.912,99.02667201268491,105.54533111640062,508.03196524159415,594.0889398678173,7.8908828000005125
134.94400000000002,100.58758583958436,104.05800753335573,474.32860392993547,572.464050332408,7.890820000000512
134.976,105.06850359293449,104.36115635122935,442.72261955412785,548.981174103414,7.890820000000512
135.008,92.28072902671357,100.73702815387462,403.459048546886,522.5905980190392,7.8908828000005125
135.04,92.60919055267158,98.2986768735137,369.23965134188154,494.83445814285085,7.8908828000005125
135.072,101.95000550109398,99.39407546178778,341.3503076152858,467.10564205731026,7.890820000000517
135.104,99.64135010814513,99.46825785569497,317.6545254339722,440.00392836351307,7.890882800000517
135.136,100.37935251553907,99.7415862536482,296.52421607652855,414.03445735648467,7.890882800000517
135.168,99.4609933230004,99.65740837445384,276.4755178574816,389.13663149569925,7.890882800000517
135.2,104.69226338280473,101.1678648769591,264.8853535205328,365.1044585802916,7.892766800000517
135.232,102.02928337552035,101.42629042652746,256.34315403619837,343.82449896717714,7.894713600000518
135.264,98.14212152406691,100.44103975578929,250.68968744404722,325.4243290749637,7.8965976000005185
135.296,101.95013100538792,100.89376713066888,248.2667320329718,309.86456190305904,7.898544400000515
135.328,97.73914106491137,99.94737931094161,242.96831109483801,296.2135062297887,7.900428400000515
135.36,106.22954696177034,101.83202960619022,241.77647850282142,284.7661055847209,7.902375200000516
135.392,98.46702114080851,100.8225270665757,236.27415548288943,274.4461825571812,7.904259200000516
135.424,105.56591877662532,102.24554457959059,236.94158619537768,266.0635098684714,7.906206000000517
135.456,93.29246859542803,99.55962178434181,234.56388738260716,258.76772251346813,7.908152800000518
135.488,98.85654824390448,99.34869972221061,233.0204967799076,252.56453801731902,7.910036800000518
135.52,101.39375284987683,99.96221566051048,234.3707408204288,247.6770719403474,7.911983600000519
135.552,105.82772200197564,101.72186756295002,236.2775040189855,244.07077781729433,7.913867600000519
135.584,95.12876867534305,99.74393789666792,233.0490753654607,240.48144304803583,7.91581440000052
135.616,100.34850856145061,99.92530909610272,232.04697437651194,237.41182451328902,7.91769840000052
135.648,97.65868628647013,99.24532225321293,230.8671546090501,234.63282149817937,7.919645200000521
135.68,98.43766286773328,99.00302443756902,230.6574634509436,232.37029089404507,7.9215292000005215
135.712,101.37742267487269,99.71534390876012,230.70783488256615,230.47495644864287,7.923476000000518
135.744,101.47820402251469,100.24420194288649,229.34339210953098,228.67571207530116,7.9254228000005185
135.776,101.54673543126518,100.63496198940008,227.93815305651833,226.99921504104057,7.927306800000519
135.808,94.73455904088553,98.86484110484571,226.80829775635078,225.37022544461672,7.92925360000052
135.84,105.44896109733094,100.84007710259127,227.1386803684355,224.14731070006292,7.93113760000052
135.872,102.87462969130064,101.45044287920408,229.1825059956741,223.46423448031305,7.933084400000521
135.904,103.8614607915446,102.17374825290622,229.90303527822203,223.08664072112188,7.934968400000521
135.936,102.0602922710344,102.13971145834466,231.2102975707502,222.9625683598614,7.936915200000522
135.968,102.89718448627997,102.36695336672526,231.24991524634547,222.9195568443005,7.938799200000522
136.0,104.54232592967003,103.01956513560869,229.8211590761358,222.57429563717514,7.940746000000523
136.032,101.75251431500067,102.63944988942627,230.31324980918322,222.43202640446353,7.942630000000523
136.064,108.85162931433942,104.5031037169002,232.56332277730317,222.67133180274521,7.944576800000524
136.096,101.22177954763376,103.51870646612025,228.7525970818937,222.17759164783908,7.94652360000052
136.12800000000001,102.49407728691196,103.21131771235775,230.93186072179114,222.21909188670472,7.948407600000521
136.16,98.78530226167013,101.88351307715145,230.03839691040815,222.0399326020506,7.9503544000005215
136.192,95.05402132162732,99.83466555049421,226.63676620546585,221.32894736269236,7.952238400000522
136.224,100.18131872935946,99.93866150415377,227.92123275363423,220.92770057681494,7.954185200000523
136.256,99.55603347171774,99.82387309442295,225.39073944306602,220.1924988228548,7.956069200000523
136.288,99.60112617817151,99.75704901954751,225.32935355199288,219.52782270768756,7.958016000000524
136.32,108.29863296181992,102.31952420222922,227.52757180885342,219.4327567084059,7.959900000000524
136.352,99.50000015529007,101.47366698814747,229.24265560207962,219.61388996245972,7.961846800000525
136.38400000000001,98.55607994533186,100.59839087530278,228.0805224828581,219.55189534443002,7.963793600000526
136.416,99.5831139539229,100.29380779888882,228.32842732011252,219.5974251131282,7.965677600000526
136.448,99.79550719539989,100.14431761784215,227.6244690784836,219.45586606014635,7.967624400000527
136.48,105.3692003205241,101.71178242864673,226.35675304979196,219.16190875218425,7.969508400000527
136.512,97.65254814623592,100.49401214392347,226.57399962766874,218.909044719683,7.971455200000523
136.544,98.34330596825848,99.84880029122397,225.2722363394305,218.5177658873283,7.973339200000524
136.576,94.83627579792079,98.34504294323301,224.15173550780702,217.94306633088186,7.975286000000525
136.608,100.71815774225527,99.05697738293968,225.06952834833749,217.689937541818,7.977170000000525
136.64000000000001,99.11350176446095,99.07393469739606,222.7784242277078,217.01650693114212,7.979116800000526
136.672,99.36512501974984,99.16129179410218,221.01633737449004,216.19746560490336,7.981000800000526
136.704,101.24622924033143,99.78677302797095,222.36306555445915,215.71898981554818,7.982947600000527
136.736,105.04743886903735,101.36497278029087,224.81432983486206,215.77078969086352,7.9848944000005275
136.768,92.95795540779676,98.84286756854263,221.39673152461592,215.24607048120976,7.986778400000528
136.8,104.78886870320491,100.6266679089413,223.41614109173247,215.13039889521332,7.988725200000529
136.832,94.16454292588145,98.68803041402333,222.90424360554772,214.99444476314585,7.990609200000529
136.864,104.40650467728967,100.40357269300323,222.7995933359971,214.81272319610275,7.99255600000053
136.89600000000002,93.41078755275839,98.30573715092977,220.00389851978176,214.2093123296411,7.99444000000053
136.928,98.22702040141702,98.28212212607595,219.88716085410096,213.6425547456668,7.9963868000005265
136.96,96.26017374493827,97.67553761173464,220.17016767770923,213.28103576182673,7.998270800000527
136.992,100.05832784622264,98.39037468208105,219.722486028912,212.85248819374533,8.000217600000527
137.024,98.00311036335643,98.27419538646366,220.36612747249012,212.61800416962097,8.002164400000527
137.056,100.14299869239557,98.83483637824322,220.27405445802168,212.46072954020627,8.004048400000528
137.088,107.30947809872882,101.3772288943889,222.069264403974,212.60541640575576,8.005995200000529
137.12,100.30125398203342,101.05443642068226,222.72290815041788,212.89365655689778,8.007879200000529
137.15200000000002,91.84631328022297,98.29199947854447,221.74122904078183,212.90061112464127,8.00982600000053
137.184,105.44981238584245,100.43934335073385,222.302657709733,213.0593574816264,8.01171000000053
137.216,98.41984825334103,99.833494821516,223.1544227939221,213.2921051480772,8.01365680000053
137.248,103.84524904885168,101.0370210897167,224.36052755035405,213.7524613827337,8.015540800000531
137.28,100.7090551777249,100.93863131611917,224.0664534886097,214.02483425422517,8.017487600000532
137.312,98.05565419789636,100.07373818065231,223.80494007413,214.25200839225977,8.019371600000532
137.344,103.23548702133232,101.02226283285631,223.9335738154748,214.40991360740003,8.021318400000533
137.376,96.62398323757606,99.70277895427223,220.6645043766585,213.94754493503947,8.023265200000534
137.40800000000002,102.3147794833345,100.4863791129909,222.65468092977773,213.9805142038146,8.025149200000534
137.44,104.20218277053362,101.60112021025371,222.05329428233463,213.84723327354718,8.02709600000053
137.472,96.79457488877227,100.15915661380927,221.4296452842497,213.67663029905,8.02898000000053
137.504,98.01889376058462,99.51707775784186,221.00297039198455,213.40824558821524,8.03092680000053
137.536,103.68702061756736,100.76806061575951,220.81512102032661,213.20587092965394,8.032810800000531
137.568,101.83385174894681,101.0877979557157,220.8560476589408,212.99609984443018,8.034757600000532
137.6,98.60415070532265,100.34270378059777,221.38719894356865,212.97186722126804,8.036641600000532
137.632,98.92320239744544,99.91685336565207,222.84791056877225,213.16497245692574,8.038588400000533
137.66400000000002,105.10961861739715,101.47468294117559,223.05674506883253,213.41235800653288,8.040472400000533
137.696,102.49372510237284,101.78039558953476,222.09891741229472,213.39016960766878,8.042419200000534
137.728,97.80470092843998,100.58768719120633,218.03078758329036,212.63567587454622,8.04436600000053
137.76,95.71307690081076,99.12530410408765,216.67811650919157,211.82434688693615,8.04625000000053
137.792,102.7207865331356,100.20394883280201,216.77727701988974,211.12638087738625,8.04819680000053
137.824,97.2013940609011,99.30318240123172,216.7148763638018,210.5948839720152,8.050080800000531
137.856,99.23828314609447,99.28371262469054,218.4992836075189,210.43112660041749,8.052027600000532
137.888,98.81121598543214,99.141963632913,217.58985508919818,210.18383796239812,8.053911600000532
137.92000000000002,102.7428681863911,100.22223499895642,218.2006520009365,210.04042731811012,8.055858400000533
137.952,98.15488575349879,99.60203022531913,217.35830657146022,209.82194457257793,8.057742400000533
137.984,97.22208433220135,98.88804645738378,216.26915159386974,209.39443896268756,8.059689200000534
138.016,109.13253249236234,101.96139226787734,220.0700051961174,209.73225585182257,8.061636000000535
138.048,95.6927876603988,100.08081088563378,217.86216731727,209.66074891668688,8.063520000000535
138.08,104.18132805904949,101.31096603765849,218.73564267195314,209.70884806907125,8.065466800000536
138.112,101.59220222145866,101.39533689279854,218.15909940855755,209.6953218542663,8.067350800000536
138.144,101.34988364383335,101.38170091810898,219.40468048626792,209.85825757105917,8.069297600000537
138.17600000000002,94.35163429089936,99.27268092994608,213.81342828633169,209.03113294513332,8.071181600000537
138.208,100.95094814646411,99.77616109490148,212.25708026387014,208.0205873422139,8.073128400000538
138.24,97.49163304510634,99.09080267996293,212.58981279915326,207.30460509702093,8.075012400000539
138.272,97.27860254944439,98.54714264080735,215.06185877953612,207.11421467397298,8.076959200000534
138.304,100.95237161029848,99.26871133165469,214.18875098055295,206.8002541041895,8.078906000000535
138.336,101.01000785501125,99.79110028866164,213.41488986649654,206.45448603615125,8.080790000000535
138.368,99.479590438865,99.69764733372264,213.81816820894022,206.19286014887882,8.082736800000536
138.4,99.45611395702096,99.62518732071213,214.92241574146328,206.22988730909364,8.084620800000536
138.43200000000002,97.99590766385809,99.13640342365592,213.84946365778052,206.0145776311021,8.086567600000537
138.464,97.16713334941191,98.54562240138272,213.0746804635266,205.74943799462122,8.088451600000537
138.496,104.66973439367544,100.38285599907053,212.744791041452,205.42114545179763,8.090398400000538
138.528,103.15531246018574,101.21459293740509,209.98348385812062,204.70391666757516,8.092282400000538
138.56,97.86226042190404,100.20889318275476,211.4332450285283,204.32747431836475,8.09422920000054
138.592,101.5577782185365,100.61355869348927,209.51013067567837,203.72252154018256,8.09611320000054
138.624,106.75008229432098,102.45451577373876,210.95900902992247,203.43787373168487,8.09806000000054
138.656,102.84119343617336,102.57051907246912,211.76065087530435,203.34984164831334,8.100006800000536
138.68800000000002,105.58907982028569,103.47608729681409,214.44295312795742,203.81466654455733,8.101890800000536
138.72,96.41863673260951,101.35885212755271,210.6661985638659,203.46034275351818,8.103837600000537
138.752,101.3081742358514,101.3436487600423,212.23249271022974,203.50507938768322,8.105721600000537
138.784,96.88794566540622,100.00693783165147,209.31716785108063,202.96261889872065,8.107668400000538
138.816,100.55745253072297,100.17209224137292,207.7500076056633,202.28612365908026,8.109552400000538
138.848,102.09955934635664,100.75033237286803,207.85924737632467,201.70041114550733,8.111499200000539
138.88,103.29990175542484,101.51520318763508,208.2581888482872,201.3443519101335,8.11338320000054
138.912,100.92166268248931,101.33714103609134,208.12337626180067,200.9769044116197,8.11533000000054
138.94400000000002,110.18381688409212,103.99114379049156,209.8576984595996,201.0413053560437,8.11721400000054
138.976,97.31681328633971,101.988844639246,208.10995457592105,200.72627923821162,8.119160800000541
139.008,103.14945530506077,102.33702783899042,205.73413902180732,200.03825535878616,8.121107600000542
139.04,94.66785312086641,100.03627542355322,203.31437266324906,199.0882237547018,8.122991600000542
139.072,98.76991632739717,99.6563676947064,202.73558829326532,198.15395362026672,8.124938400000538
139.104,102.86502616604892,100.61896523610915,203.8068884848331,197.634120082043,8.126822400000538
139.136,105.94061935091602,102.2154614705512,205.1594174962284,197.40174615143286,8.128769200000539
139.168,98.75365623762086,101.17691990067209,202.6712855853294,196.8125189939838,8.13065320000054
139.20000000000002,97.93485463937654,100.20430032228342,202.94535358220065,196.32811275573266,8.13260000000054
139.232,93.39118604208966,98.16036603822528,201.4974598753842,195.7207510386414,8.13448400000054
139.264,98.68773063178742,98.31857541629391,200.5009314854653,194.99151776563025,8.136430800000541
139.296,100.15538011369246,98.86961682551346,200.52918851658967,194.39938835335175,8.138377600000542
139.328,98.9848099181203,98.90417475329551,201.04019324814405,194.0583568331956,8.140261600000542
139.36,103.32557002632059,100.23059333520303,204.07290002964422,194.27653019698312,8.142208400000543
139.392,102.3481649139323,100.8658648088218,201.8867367596556,194.1109579672514,8.144092400000543
139.424,104.60732559628187,101.98830304505981,204.3406001086633,194.36806370500196,8.146039200000544
139.456,98.82185914509228,101.03836987506953,203.72897444128904,194.51936457568203,8.147923200000545
139.488,99.87431836378772,100.68915442168498,202.93922446978533,194.4489042286472,8.14987000000054
139.52,97.62394960928631,99.76959297796537,202.66551423447015,194.39308951365012,8.15175400000054
139.552,98.42321460598632,99.36567946637165,201.21089487709287,194.03266128179695,8.153700800000541
139.584,102.8704776227777,100.41711891329346,202.7439417979249,194.01494734241342,8.155647600000542
139.616,100.67620996695871,100.49484622939303,200.24868238367372,193.60023719138582,8.157531600000542
139.648,105.35113515569708,101.95173290728425,200.88531108168073,193.32438340052616,8.159478400000543
139.68,98.80417748661213,101.0074662810826,199.37109082681098,192.8758217164337,8.161362400000543
139.712,103.11232116931555,101.63892274755247,200.43057291551537,192.64877884762123,8.163309200000544
139.744,100.97135446477357,101.43865226271879,200.17737535331975,192.4684354005886,8.165193200000544
139.776,104.33004137224776,102.30606899557748,202.52253576244559,192.6937685129135,8.167140000000545
139.808,99.88549547913836,101.57989694064572,201.9260180360261,192.82178202406376,8.169024000000546
139.84,103.17235236949003,102.05763356929901,203.80144407626656,193.21463949993475,8.170970800000546
139.872,98.09999032903266,100.8703405972191,202.6883954783225,193.38636507872377,8.172854800000547
139.904,102.53846015791785,101.37077646542872,204.61319462343062,193.82395925589339,8.174801600000542
139.936,101.04191874977607,101.27211915073292,204.13859773911216,194.096449120076,8.176748400000543
139.968,102.29089997865616,101.57775339910988,202.8565530595949,194.13900545509455,8.178632400000543
140.0,103.22890498700369,102.07309887547802,204.1601058026779,194.35836564692602,8.180579200000544
140.032,102.22454706250463,102.11853333158601,205.62547203917165,194.85468318952502,8.182463200000544
140.064,103.56064812171682,102.55116776862525,203.2625389549018,194.78205012504816,8.184410000000545
140.096,97.74751354224696,101.11007150071175,202.0639257385703,194.55705081026895,8.186294000000546
140.12800000000001,96.29503376984187,99.66556018145077,201.4439100568498,194.20912115948687,8.188240800000546
140.16,103.65437096262607,100.86220341580335,204.82478079293253,194.58752845926745,8.190124800000547
140.192,100.09578870599572,100.63227900286105,203.44001950023406,194.5953732736076,8.192071600000547
140.224,102.3564911636337,101.14954265109284,201.6473478538757,194.32876244370607,8.193955600000548
140.256,107.42255730953454,103.03144704862535,203.22340180631548,194.34423599941636,8.195902400000548
140.288,101.91535586014014,102.69661969207978,202.21714528247952,194.17477895236533,8.197849200000544
140.32,96.99021039018739,100.98469690151205,203.9137427042547,194.39450647843321,8.199733200000544
140.352,100.13084256648825,100.72854060100491,202.2147704866856,194.21552076759693,8.201680000000545
140.38400000000001,102.07807102390947,101.13339972787628,201.5598966231474,194.00183384115064,8.203564000000545
140.416,95.53094649693446,99.45266375859373,198.57819886879832,193.23571048427527,8.205510800000546
140.448,100.82177323703996,99.8633966021276,200.03067589146963,192.92258163337766,8.207394800000547
140.48,106.98418913717397,101.9996343626415,203.22071252387855,193.19208366434222,8.209341600000547
140.512,104.20556609651013,102.66141388280208,204.47162693281007,193.69065225059975,8.211225600000548
140.544,107.44116258158704,104.09533849243756,206.13821457558515,194.34919602432856,8.213172400000548
140.576,106.29232926702824,104.75443572481475,204.98614607278157,194.68002348004353,8.215119200000549
140.608,110.53461210789825,106.4884886397398,206.51362696815522,195.2788755877888,8.21700320000055
140.64000000000001,99.85839794142836,104.49946143024636,204.08615927414056,195.27853798340047,8.21895000000055
140.672,98.76297689146725,102.77851606861262,203.32891381256024,195.19263529594778,8.22083400000055
140.704,100.84724170674994,102.19913376005381,204.05123193578305,195.20158520849873,8.222780800000546
140.736,101.62100111991289,102.02569396801152,205.83246551722084,195.5827474126417,8.224664800000546
140.768,106.54353156259566,103.38104524638676,205.919626738881,195.85926281408518,8.226611600000547
140.8,99.32828809080507,102.16521809971226,202.95203840528413,195.60003686566645,8.228495600000548
140.832,98.1260806499721,100.95347686479022,202.5503282927147,195.2635882817565,8.230442400000548
140.864,103.81305227054392,101.81134948651632,203.5447573952932,195.21945860465985,8.232326400000549
140.89600000000002,101.88814608532348,101.83438846615847,203.27550035961457,195.08314807946124,8.23427320000055
140.928,99.95769285709264,101.27137978343872,201.31071482755954,194.61588812649507,8.23622000000055
140.96,104.40659596013657,102.21194463644807,203.26712377410732,194.63873957149684,8.23810400000055
140.992,101.95633078482277,102.13526048096048,202.56187236303697,194.47837285454153,8.240050800000551
141.024,98.85942825803502,101.15251081408283,201.08751477600984,194.13161041497784,8.241934800000552
141.056,97.73560972710271,100.12744048798879,198.9025543258541,193.40070535193678,8.243881600000552
141.088,107.38727071673709,102.30538955661328,201.95125208969435,193.40533235472634,8.245765600000553
141.12,103.52827483974963,102.67225514155417,201.35827643658195,193.25036140716398,8.247712400000548
141.15200000000002,99.0952442052434,101.59915186066094,201.97753719326306,193.2869578283249,8.249596400000549
141.184,95.8440432522903,99.87261927814974,202.07388541803914,193.28293582108253,8.25154320000055
141.216,101.85117655436095,100.46618646101311,201.77819036546072,193.22612171819367,8.25349000000055
141.248,100.88521883088062,100.59189617197336,200.9219268782424,193.07604262165393,8.25537400000055
141.28,98.84590936115328,100.06810012872732,200.9587552880235,192.90835996259096,8.257320800000551
141.312,99.1354197623507,99.78829601881432,200.7670071304765,192.78775486438755,8.259204800000552
141.344,100.64136989578802,100.04421818190642,200.68878644519074,192.62338788326736,8.261151600000552
141.376,100.80448935299486,100.27229953323294,198.32273014705268,192.11195396886026,8.263035600000553
141.40800000000002,106.46674760555338,102.13063395492907,200.62204384628603,192.05782502434897,8.264982400000553
141.44,93.91330248462315,99.66543451383728,200.26606832707182,192.0004959569036,8.266866400000554
141.472,100.7199464981953,99.98178810914469,200.96582744432362,192.02876461135244,8.268813200000555
141.504,98.79584962560381,99.62600656408242,200.78703857841617,192.07098972590882,8.270697200000555
141.536,103.31252505467255,100.73196211125946,201.18269570657125,192.12575179951665,8.272644000000556
141.568,95.40152392127337,99.13283065426363,200.91990125798225,192.12303693255333,8.274590800000556
141.6,96.25935548245256,98.2707881027203,199.90962965102298,191.98939015824666,8.276474800000557
141.632,95.93125212646444,97.56892730984353,200.19182482116156,191.87957638522886,8.278421600000552
141.66400000000002,105.54353502034016,99.9613096229925,200.9240884927539,191.97360989116916,8.280305600000553
141.696,107.65209311710834,102.26854467122725,202.8638104659428,192.35027506216784,8.282252400000553
141.728,103.60910987714928,102.67071423300385,202.995146449264,192.73396961669263,8.284136400000554
141.76,100.85470064769365,102.12591015741077,199.11309042750054,192.29414057207438,8.286083200000554
141.792,100.58105866783956,101.66245471053941,200.2651491309082,192.19387260612493,8.287967200000555
141.824,101.81178150969185,101.70725275028514,202.27813543472325,192.42466504989852,8.289914000000556
141.856,105.93373218234962,102.97519657990446,203.09167779562824,192.7609337790373,8.291860800000556
141.888,107.72993774359462,104.4016189290115,203.67685901343134,193.19368840565554,8.293744800000557
141.92000000000002,98.92750397027564,102.75938444139074,201.4784209282676,193.09877034052062,8.295691600000552
141.952,100.67116036419554,102.13291721823217,201.78303011654864,193.1275990706156,8.297575600000552
141.984,98.15690738934182,100.94011426956504,199.31158840510355,192.65245171418812,8.299522400000553
142.016,101.57485057703381,101.13053516180565,199.74818892805942,192.39376181210582,8.301406400000554
142.048,98.16463025222133,100.24076368893034,198.95821468634347,191.98747740994048,8.303353200000554
142.08,99.74721334989223,100.0926985872189,199.0186696041239,191.7171050198554,8.305237200000555
142.112,102.95357965159883,100.95096290653288,201.01942708327493,191.80636813026996,8.307184000000555
142.144,98.37199399616674,100.17727223342304,200.8880981881578,191.90713799264338,8.309068000000556
142.17600000000002,99.21243692175398,99.88782163992232,201.36632216480763,192.02479275453408,8.311014800000557
142.208,105.39706828927162,101.5405956347271,202.74741783393102,192.3711271777266,8.312961600000557
142.24,98.15964262302828,100.52630973121745,202.07166541096774,192.58389978050562,8.314845600000558
142.272,99.01481039370924,100.07285992996498,202.21885858997643,192.73336931449575,8.316792400000558
142.304,98.57031460281416,99.62209633181972,200.56810842530416,192.60843691743452,8.318676400000559
142.336,101.52178407965891,100.19200265617147,200.48650803406775,192.4399141494155,8.32062320000056
142.368,102.52888626908228,100.8930677400447,200.83765143401075,192.41688302130805,8.32250720000056
142.4,106.5078263034799,102.57749530907526,201.88224920823006,192.53565671249166,8.32445400000056
142.43200000000002,93.5357866952898,99.86498272493962,198.19451036519933,192.01689446019807,8.326338000000561
142.464,103.26954811680571,100.88635234249944,199.7725168279972,191.82620877324456,8.328284800000556
142.496,100.86249841798262,100.87919616514438,201.5455187091253,191.9909456512849,8.330231600000557
142.528,106.20830546599336,102.47792895539907,204.47706494701475,192.70790149702538,8.332115600000558
142.56,99.97917993315978,101.72830424872728,203.571153790802,193.07968909619953,8.334062400000558
142.592,105.11211506578266,102.74344749384389,204.27212251783118,193.5624910168722,8.335946400000559
142.624,98.2817667055635,101.40494325735976,201.06578077789703,193.32613375578575,8.33789320000056
142.656,108.8123255271419,103.6271579382944,203.0530081192544,193.54367313262279,8.33977720000056
142.68800000000002,94.89243859249751,101.00674213455532,201.0225979007425,193.30290586843032,8.34172400000056
142.72,102.92235536245155,101.58142610292418,200.62303573256526,193.08483047785163,8.343608000000561
142.752,93.38142803802188,99.12142668345348,197.91568528493644,192.36476913799132,8.345554800000562
142.784,98.04136110129122,98.7974070088048,199.438731198769,192.10213798736646,8.347438800000562
142.816,104.07962935803968,100.38207371357527,201.15215634656306,192.14573475494544,8.349385600000558
142.848,96.00508081105745,99.06897584281991,200.39352182095462,192.04412965406635,8.351332400000558
142.88,93.62515233534954,97.4358287905788,196.73649037986536,191.35043458622846,8.353216400000559
142.912,107.13575828490471,100.34580763887655,201.0579499547377,191.51303667691448,8.35516320000056
142.94400000000002,103.16229242283728,101.19075307406476,202.23367179510132,191.91044427829854,8.35704720000056
142.976,103.81057908294133,101.97670087672773,201.675627752762,192.0834841527084,8.35899400000056
143.008,103.98727593898676,102.57987339540543,202.03177147100968,192.34109872358823,8.360878000000561
143.04,97.03578618841289,100.91664723330766,200.34513521001327,192.1953753741529,8.362824800000562
143.072,102.39284226202338,101.35950574192238,201.16355824275394,192.27559347772285,8.364708800000562
143.104,99.76981282234975,100.88259786605057,200.92411577888163,192.24652045754584,8.366655600000563
143.136,106.61710647491708,102.60295044871052,201.16847580690222,192.26693813890668,8.368602400000563
143.168,98.44230438496366,101.35475662958646,201.43953201002756,192.3841541254445,8.370486400000564
143.20000000000002,95.06748524736514,99.46857521492005,199.9616742759644,192.1612323802028,8.372433200000565
143.232,102.33572359030711,100.32871972753617,200.4685188453023,192.12182987877006,8.374317200000565
143.264,94.42223886095057,98.55677546756047,199.01546369193937,191.77512640769194,8.37626400000056
143.296,104.91710908438591,100.46487555260809,200.37893884672468,191.78939436990976,8.37814800000056
143.328,103.70786402366761,101.43777209392594,202.43333992925278,192.12148799569394,8.380094800000562
143.36,100.08012996421664,101.03047945501315,200.21410585967283,192.04323101146315,8.381978800000562
143.392,103.72788806768799,101.8397020388156,200.64878500975303,192.00638083535387,8.383925600000563
143.424,101.10712433250865,101.6199287269235,198.05694743872482,191.558517652714,8.385809600000563
143.456,110.3729424791407,104.24583285258865,202.1197931862833,191.87564820948123,8.387756400000564
143.488,94.60867403018841,101.35468520586858,200.52409612249912,191.84656172523577,8.389703200000564
143.52,106.78338598337261,102.98329543911979,202.53284868621074,192.2377523956082,8.391587200000565
143.552,90.43157329994654,99.2177787973678,201.29687268516125,192.2829965899362,8.393534000000566
143.584,97.0774764190894,98.57568808388427,202.56829895373866,192.60161004570068,8.395418000000566
143.616,102.4699836869492,99.74397676480373,204.79646496081847,193.21441440687275,8.397364800000567
143.648,96.91130111266082,98.89417406916085,202.26371642276902,193.30931487431297,8.399248800000567
143.68,103.43989200570456,100.25788945012397,202.19755580204048,193.32363032922996,8.401195600000563
143.712,108.06311845892469,102.59945815276419,204.64924542896483,193.83053780233956,8.403079600000563
143.744,100.15893636467486,101.86730161633739,203.12382410190457,193.91816546197362,8.405026400000564
143.776,97.36075566966434,100.51533783233546,202.61356257410864,193.8975766659786,8.406973200000564
143.808,92.83377982661763,98.2108704306201,200.1380908999519,193.48409353196828,8.408857200000565
143.84,104.80533867157044,100.1892109029052,200.43904402043103,193.14848822658456,8.410804000000565
143.872,107.6046424863375,102.41384037793489,203.57832542116876,193.49326212717892,8.412688000000566
143.904,95.45283566476348,100.32553896398346,200.8447977819511,193.22943775036086,8.414634800000567
143.936,103.92758575775441,101.40615300211473,199.98472975748686,192.90912811274154,8.416518800000567
143.968,100.4191280156491,101.11004550617504,199.99756865412735,192.59768417487004,8.418465600000568
144.0,92.67425284071065,98.57930770653573,198.78323382896173,192.1742525886298,8.420349600000568
144.032,96.89564501881883,98.07420890022064,199.22465816216402,191.8559244161921,8.422296400000569
144.064,103.3953345241566,99.67054658740142,199.82014967084876,191.75442868906057,8.42418040000057
144.096,104.11360459582514,101.00346398992852,201.94850704774933,192.00509747060963,8.426127200000565
144.12800000000001,94.33549325132584,99.0030727683477,199.57007723445608,191.7799059465752,8.428074000000565
144.16,101.66019494045543,99.80020941998002,201.06001824241275,191.91658250052632,8.429958000000566
144.192,98.1719085204463,99.3117191501199,199.3198950927187,191.66212962058216,8.431904800000567
144.224,103.54807674920806,100.58262642984634,201.08012392034945,191.8237624742524,8.433788800000567
144.256,97.67690727556646,99.71091068356237,200.5732715146878,191.81296780267212,8.435735600000568
144.288,102.10755477890287,100.42990391216452,201.52091365655878,192.02708116636094,8.437619600000568
144.32,104.76134686030962,101.72933679660804,203.74535589053312,192.55362569850206,8.439566400000569
144.352,97.53108933131122,100.46986255701898,202.06620482906948,192.73237817126,8.44145040000057
144.38400000000001,101.63716522560435,100.82005335759459,203.00036835714133,192.99642480966577,8.44339720000057
144.416,105.37861697726456,102.18762244349557,204.55934649564634,193.49485082834693,8.44534400000057
144.448,97.8245651269865,100.87870524854284,204.12238334181376,193.8754070898766,8.447228000000571
144.48,96.11110058706782,99.44842385010033,202.08080083782949,193.76612890388972,8.449174800000566
144.512,99.21087778239182,99.37716002978777,200.02107257638178,193.35525746235695,8.451058800000567
144.544,107.51734840910794,101.81921654358382,203.45665307081177,193.58915089666544,8.453005600000568
144.576,104.74693429483256,102.69753186895844,203.36013526063468,193.81467407386603,8.454889600000568
144.608,94.47113719020669,100.2296134653329,200.63795139330915,193.455236252437,8.456836400000569
144.64000000000001,103.69601894171583,101.26953510824777,200.96892403412002,193.27219436344416,8.45872040000057
144.672,105.33775150870454,102.4900000283848,200.76239399478177,193.03346782144703,8.46066720000057
144.704,94.46645228934051,100.0829357066715,196.55091008155512,192.1271154340199,8.46255120000057
144.736,101.38925672240055,100.4748320113902,199.3225132956331,191.83503050504493,8.464498000000571
144.768,100.16094099327483,100.3806647059556,201.9062046053116,192.06345392154972,8.466444800000572
144.8,101.19342428998209,100.62449258116354,203.60474161508563,192.609397597635,8.468328800000572
144.832,92.0584186521575,98.05467040246172,200.73126711261523,192.48500173324933,8.470275600000573
144.864,101.6213159238816,99.12466405888767,201.91180078812033,192.64822822569081,8.472159600000573
144.89600000000002,103.42380220390827,100.41440550239385,203.25542895812444,192.97367112921373,8.474106400000569
144.928,99.4547977870169,100.12652318778076,201.93729050306078,193.05306325158526,8.475990400000569
144.96,99.92446921980017,100.06590699738658,200.62740493938347,192.8295662124976,8.47793720000057
144.992,97.93730373415153,99.42732601841605,200.76968751437937,192.7237077298743,8.47982120000057
145.024,102.74927713141423,100.4239113523155,201.01060565696258,192.6291815975592,8.48176800000057
145.056,101.36136820243374,100.70514840735098,200.0429888205979,192.376628219692,8.483714800000572
145.088,102.86124726641697,101.35197806507077,202.1582263899373,192.60407246942592,8.485598800000572
145.12,97.50913655886981,100.19912561321047,202.2442519712775,192.7544869357501,8.487545600000573
145.15200000000002,100.29844826251485,100.22892240800178,200.79816514023778,192.66737199489262,8.489429600000573
145.184,102.14110081532372,100.80257593019836,201.39325506490712,192.6523010814376,8.491376400000574
145.216,100.1896180333494,100.61868856114367,202.01623530916083,192.80414919654646,8.493260400000574
145.248,101.30075277627921,100.82330782568432,202.3471854556324,192.9369809775814,8.495207200000575
145.28,102.22098207789841,101.24261010134855,202.5126576274459,193.12715394437214,8.497091200000575
145.312,101.08414591868885,101.19507084655064,204.62988439292064,193.6146854988122,8.49903800000057
145.344,100.80002910584597,101.07655832433923,205.61714700475775,194.244100487738,8.500922000000571
145.376,98.96935370807353,100.44439693945951,203.8165871638463,194.3822627209938,8.502868800000572
145.40800000000002,89.31670833642056,97.10609035854782,199.40076646635737,193.69616537217064,8.504815600000573
145.44,108.77183692878793,100.60581432961985,201.90486021739272,193.63891803279438,8.506699600000573
145.472,104.43722659564358,101.75523800942696,204.8544325887513,194.07446422514346,8.508646400000574
145.504,96.60763684735193,100.21095766080444,202.58692555587987,194.0721978640026,8.510530400000574
145.536,106.86318539898629,102.206625982259,205.12777966605887,194.47879662574078,8.512477200000575
145.568,108.32010335107654,104.04066919290426,206.1101182477906,195.0410362189207,8.514361200000575
145.6,96.51473195123137,101.78288802040238,203.8555830185328,195.04201321996493,8.516308000000576
145.632,104.78434653242222,102.68332557400834,203.01238640932337,194.94163025372097,8.518192000000576
145.66400000000002,93.6272807878185,99.96651213815139,200.94349365045466,194.43351855561238,8.520138800000577
145.696,100.43000716512451,100.1055606462433,200.79795703505474,194.04246540176078,8.522022800000578
145.728,103.2110000607289,101.03719247058898,200.44206506704757,193.6063429788642,8.523969600000573
145.76,98.61900992222371,100.31173770607938,201.5825675334346,193.45558573894752,8.525916400000574
145.792,103.8855496664172,101.38388129418072,203.00657938976528,193.64129114431165,8.527800400000574
145.824,105.29007363161571,102.55573899541122,204.47952755511307,194.00855093089623,8.529747200000575
145.856,101.65936940651821,102.2868281187433,202.5391474734321,194.00956699797834,8.531631200000575
145.888,96.45950761390965,100.5386319672932,201.05497321998988,193.69033395535132,8.533578000000576
145.92000000000002,98.35361194296607,99.88312595999506,199.5667867079325,193.2109565988402,8.535462000000576
145.952,97.21762008278586,99.08347419683228,198.43274678388127,192.56165358990788,8.537408800000577
145.984,101.04434043355892,99.67173406785027,200.07971897815122,192.37940403681282,8.539292800000577
146.016,105.85624709543814,101.52708797612662,200.55466887525859,192.2646725931494,8.541239600000578
146.048,102.29261244793636,101.75674531766953,201.12975210786908,192.27479588992406,8.543186400000579
146.08,98.52405268396375,100.7869375275578,201.96268311762486,192.48527869217065,8.54507040000058
146.112,95.2193330628609,99.11665618814871,199.08011893564645,192.0844943282502,8.547017200000575
146.144,101.25092636017578,99.75693723975682,199.80014810098447,191.93800778123156,8.548901200000575
146.17600000000002,107.94079227416199,102.21209375007837,202.1072811317519,192.18418691800278,8.550848000000576
146.208,101.46099505084024,101.98676414030692,203.02801605270398,192.60389232992125,8.552732000000576
146.24,91.20947368363551,98.75357700330548,199.94695001341705,192.33853346139176,8.554678800000577
146.272,100.60398894419377,99.30870058557196,199.21127090186403,192.0394811550535,8.556562800000577
146.304,99.53135576767531,99.37549714020295,198.93224671159157,191.69262053168126,8.558509600000578
146.336,99.22599879216058,99.33064763579023,196.50059891576728,190.96841861616502,8.560456400000579
146.368,100.1012541363038,99.56182958594428,198.13264856123175,190.72212572804813,8.56234040000058
146.4,89.07475083427887,96.41570596044465,196.91359727008816,190.24833263257503,8.56428720000058
146.43200000000002,97.74967820256194,96.81589763307983,195.9535876549749,189.73796891276874,8.56617120000058
146.464,103.32210455249592,98.76775970890465,199.34298908741886,189.882019628331,8.568118000000581
146.496,100.45355796191186,99.2734991848068,198.81863775919913,189.95652459289101,8.570002000000581
146.528,101.96597200152397,100.08124102982194,199.6233538187347,190.1117625929645,8.571948800000582
146.56,100.42920058627618,100.1856288967582,199.68642094406778,190.30175125021256,8.573832800000583
146.592,96.53823505713461,99.09141074487113,200.53758380125018,190.55997743670625,8.575779600000583
146.624,107.1689140555074,101.514661738062,202.11148480005068,191.10777084760466,8.577663600000584
146.656,104.52635877655979,102.41817084961133,203.64469744297114,191.78248933197563,8.579610400000579
146.68800000000002,98.21406567875489,101.15693929835439,201.9283025141037,192.02442223662683,8.58155720000058
146.72,103.84933753480651,101.96465876929003,204.5505340517002,192.74861662888398,8.58344120000058
146.752,98.79371135974293,101.01337454642588,203.19511644580132,193.04497306645072,8.58538800000058
146.784,99.88071032997448,100.67357528149046,203.09428307551664,193.32087249305718,8.587272000000581
146.816,98.98454537866843,100.16686631064385,201.26615417843988,193.1645146707903,8.589218800000582
146.848,100.62444619114937,100.3041402747955,201.10396810166134,193.0585353051754,8.591102800000582
146.88,107.5832786553606,102.48788178896503,202.3244668808249,193.14121182782776,8.593049600000583
146.912,103.59497842540492,102.82001077989699,204.51492716183463,193.65682532368754,8.594933600000584
146.94400000000002,101.38477978763751,102.38944148221914,202.68814784180603,193.69703819053873,8.596880400000579
146.976,100.2343661428165,101.74291888039835,202.40431156834754,193.7300323253079,8.59876440000058
147.008,103.58935539352214,102.29684983433548,203.48695436051676,193.90157689976363,8.60071120000058
147.04,101.41094507696556,102.0310784071245,204.63385766686721,194.2496589784118,8.60265800000058
147.072,103.82887562960588,102.5704175738689,202.18971627892822,194.14378891170054,8.604542000000581
147.104,107.37245891207633,104.01102997533113,203.0002205942086,194.15234697235704,8.606488800000582
147.136,102.67000004473465,103.60872099615217,203.4321279976736,194.2889635671679,8.608372800000582
147.168,102.7497360814881,103.35102552175294,203.6028159204492,194.38031363136497,8.610319600000583
147.20000000000002,103.58521029985882,103.4212809551847,205.54558861179856,194.85819994173954,8.612203600000583
147.232,92.61344930374473,100.1789314597527,203.61292261856423,194.8483489253764,8.614150400000584
147.264,100.97312778808458,100.41719035825226,203.06584965799615,194.7926954297138,8.616034400000585
147.296,104.49383357312195,101.64018332271316,202.02414829981714,194.50713636758593,8.617981200000585
147.328,104.8512954315936,102.60351695537729,203.5734564946004,194.5536837145843,8.619928000000586
147.36,103.65152061902836,102.91791805447261,203.99687098374142,194.71987643304462,8.621812000000586
147.392,99.52587388687931,101.90030480419462,202.6441883461962,194.55972313416783,8.623758800000587
147.424,94.84403943759317,99.78342519421419,199.29917638694826,193.87455169656724,8.625642800000588
147.45600000000002,94.84488889553806,98.30186430461134,198.86746836726397,193.18382315088294,8.627589600000583
147.488,100.94157327766547,99.09377699652758,198.7679622877531,192.65153775708094,8.629473600000583
147.52,96.75858691777714,98.39321997290244,199.07738215223225,192.22016556500031,8.631420400000584
147.552,104.95936665327261,100.36306397701348,201.445934091257,192.34700603184163,8.633304400000585
147.584,98.89820236497667,99.92360549340243,200.6072317528192,192.2476522965697,8.635251200000585
147.616,101.04842319917418,100.26105080513396,202.1464851643257,192.44488237870226,8.637198000000586
147.648,104.84823229263398,101.63720525138396,204.3523751654804,193.0571082657008,8.639082000000586
147.68,111.49098381986357,104.59333882192783,205.45276977141015,193.70625812024798,8.641028800000587
147.712,101.23267478366242,103.5851396104482,205.537940583671,194.30476252730332,8.642912800000587
147.744,105.07969144630681,104.03350516120577,206.4222379078704,194.90356138520931,8.644859600000588
147.776,103.3875290049468,103.83971231432807,206.02990380237517,195.37440099848018,8.646743600000589
147.808,99.79950977060727,102.62765155121181,203.6468317674309,195.27725634653038,8.64869040000059
147.84,99.35439668399687,101.64567509104732,202.60893183513463,195.06127068525998,8.65057440000059
147.872,108.81844670894989,103.7975065764181,204.92240656919722,195.25167770709925,8.652521200000585
147.904,105.88808303606639,104.42467951431257,205.58085438608944,195.57823230477194,8.654405200000586
147.936,93.33180828964143,101.09681814691122,203.54438708878408,195.42565246143354,8.656352000000586
147.968,106.28799219155798,102.65417036030524,204.82039616022143,195.5316436579438,8.658298800000587
148.0,104.06248986897484,103.0766662129061,204.88502733283724,195.6815821492358,8.660182800000587
148.032,96.19613832809371,101.01250784746239,202.33822059248382,195.2919831057426,8.662129600000588
148.064,101.59879543625135,101.18839412409906,203.5954498475767,195.25188924390068,8.664013600000589
148.096,102.47977757185299,101.57580915842524,203.2481264041596,195.10475423583068,8.66596040000059
148.12800000000001,100.37181734625452,101.21461161477401,201.54624355255675,194.7276470918575,8.66784440000059
148.16,97.00388456176947,99.95139349887265,200.35402716229416,194.15157384573305,8.66979120000059
148.192,101.15969155016086,100.3138829142591,200.4769160564106,193.75344436449004,8.67167520000059
148.224,99.72431501764717,100.13701254527551,201.87196562671755,193.6284424746852,8.673622000000591
148.256,98.8951551666812,99.76445533169722,199.1110435561566,193.0777789454398,8.675506000000592
148.288,107.42209969169636,102.06174863969696,201.56200016961614,193.0189678390444,8.677452800000587
148.32,95.56409399734954,100.11245224699273,198.97525789207714,192.50260747909317,8.679399600000588
148.352,97.08760027685406,99.20499665595112,199.25967859350231,192.1826198554664,8.681283600000588
148.38400000000001,105.14481138934987,100.98694107597075,201.21560592992654,192.2231338218735,8.683230400000589
148.416,98.61945107520987,100.27669407574247,200.857645580925,192.24295828464776,8.68511440000059
148.448,106.99915403238789,102.29343206273609,202.49396042820126,192.50393012965128,8.68706120000059
148.48,105.30838234436611,103.19791714722508,206.61259071478167,193.5145619125759,8.68894520000059
148.512,100.8549615340379,102.49503046326893,204.9585613510687,193.99146330029012,8.690892000000591
148.544,104.24118416794828,103.01887657467273,205.73846170222654,194.57464010287455,8.692776000000592
148.576,102.3766679256477,102.82621397996522,205.3155716824177,194.9242879570547,8.694722800000592
148.608,104.57419964469385,103.35060967938381,208.2287826389216,195.73793435569334,8.696669600000593
148.64000000000001,101.37585330024834,102.75818276564316,208.19498007436903,196.4496279563098,8.698553600000594
148.672,99.70505540867697,101.84224455855329,205.61971404511164,196.51495668426952,8.700500400000589
148.704,99.43631646780752,101.12046613132955,204.9612511688465,196.50071428856896,8.70238440000059
148.736,95.19947217558003,99.34416794460469,200.76169865606727,195.67750781674042,8.70433120000059
148.768,100.13173158082259,99.58043703547006,201.54062603994095,195.19571694358208,8.70621520000059
148.8,105.21675395910898,101.27133211256174,204.32552616578369,195.25375565887526,8.708162000000591
148.832,101.72616507257268,101.40778200056502,201.25671387464325,194.79727547650882,8.710046000000592
148.864,98.07008059669377,100.40647157940364,199.26843270064842,194.01210976891107,8.711992800000592
148.89600000000002,102.96451569738596,101.17388481479833,202.0515713569768,193.92423163097038,8.713876800000593
148.928,104.0671921486719,102.04187701496039,203.50714482663932,194.06428103832988,8.715823600000594
148.96,99.8718700147078,101.39087491488462,202.75590851505473,194.04300994770287,8.717770400000594
148.992,104.85125236708645,102.42898815054517,202.46216757112103,194.0238558476376,8.719654400000595
149.024,99.93305832137955,101.68020920179548,201.09939103940792,193.71007607358877,8.721601200000595
149.056,101.04268320949319,101.4889514041048,202.24376918009898,193.71165261104727,8.723485200000596
149.088,98.93750872412559,100.72351860011102,202.56487263453545,193.71962936941415,8.725432000000591
149.12,103.9525927739021,101.69224085224833,202.59808339790663,193.7836067761319,8.727316000000592
149.15200000000002,96.16890631253727,100.03524049033501,202.2051996968301,193.71346010259597,8.729262800000592
149.184,100.49542107799246,100.17329466663224,200.50539703628186,193.3997831055269,8.731146800000593
149.216,98.98868193510437,99.81791084717386,200.06265747747284,193.01131274961566,8.733093600000593
149.248,99.5350609162654,99.73305586790133,200.78112231254426,192.8231949096851,8.735040400000594
149.28,93.94760787703873,97.99742147064255,198.41419386978154,192.29215112682272,8.736924400000595
149.312,105.38271266395837,100.2130088286373,199.74886329300801,192.04736343693568,8.738871200000595
149.344,96.99249829732337,99.2468556692431,198.3631610047977,191.6475063990861,8.740755200000596
149.376,97.71442681586268,98.78712701322897,198.49029272494707,191.29159965928852,8.742702000000596
149.40800000000002,105.43207623456374,100.7806117796294,200.20279687462735,191.36150350137424,8.744586000000597
149.44,96.79564608584562,99.58512207149425,201.268172494869,191.56015190277253,8.746532800000598
149.472,103.30266040043927,100.70038357017776,202.71521125196648,192.0361892093049,8.748416800000598
149.504,100.9174385579923,100.76550006652212,203.12485105655472,192.44877537693768,8.750363600000593
149.536,105.49388952820877,102.18401690502812,204.083524533084,193.01163534526282,8.752247600000594
149.568,101.71587963370672,102.0435757236317,204.7053645064103,193.53373719155545,8.754194400000594
149.6,97.45590727816015,100.66727518999022,202.22412809008557,193.51224228335127,8.756141200000595
149.632,99.83492104710197,100.41756894712373,200.41580426434763,193.2187691421694,8.758025200000596
149.66400000000002,100.94843223017419,100.57682793203887,201.8129207076767,193.17985515409092,8.759972000000596
149.696,101.58658848540597,100.87975609804899,202.50357287029524,193.32442418065654,8.761856000000597
149.728,100.17580224157585,100.66856994110704,201.59121899279276,193.2262594345432,8.763802800000597
149.76,105.56499235492917,102.13749666525368,202.68977714911307,193.39613191304966,8.765686800000598
149.792,103.23061211065638,102.46543129887448,204.62320061084824,193.83376937633025,8.767633600000599
149.824,101.0948088764853,102.05424457215771,203.00598210183577,193.95091637645982,8.769517600000599
149.856,103.75555622509535,102.56463806803899,202.2535754665893,193.85924297544807,8.7714644000006
149.888,101.66236711215498,102.29395678127378,202.06329426759447,193.74972180829968,8.773411200000595
149.92000000000002,100.08941004869965,101.63259276150153,202.2533966024053,193.74586510588583,8.775295200000595
149.952,102.78123337676789,101.97718494608144,204.62939524898724,194.12132294534504,8.777242000000596
149.984,103.2244543792805,102.35136577604115,202.60488504099348,194.11382589454234,8.779126000000597
150.016,97.36315289797605,100.85490191262161,199.90466705331656,193.5675196962973,8.781072800000597
150.048,93.93658874672929,98.77940796285391,199.25786329021255,193.0544570450286,8.782956800000598
150.08,94.13172176529663,97.38510210358672,196.37756929858108,192.06149805360553,8.784903600000598
150.112,103.16681596769423,99.11961626281897,196.0814208349833,191.24609339056894,8.786787600000599
150.144,95.75203922925019,98.10934315274832,194.1224699742272,190.17227635418465,8.7887344000006
150.17600000000002,95.28955195470829,97.2634057933363,193.67920403359528,189.26402085380712,8.7906184000006
150.208,100.62627874366454,98.27226767843476,198.7692195036814,189.39000412169875,8.7925652000006
150.24,102.61317814423052,99.57454081817347,202.97768087092072,190.2549057700913,8.794512000000601
150.272,105.91130473740841,101.47556999394395,203.60132029031456,191.12757291141398,8.796396000000602
150.304,104.97599728005444,102.5256981797771,204.4772164529327,191.94939114134203,8.798342800000597
150.336,100.54810741005677,101.932420948861,202.55682881162465,192.32631028624286,8.800226800000598
150.368,108.80739567097051,103.99491336549383,204.519180669733,192.938755452127,8.802173600000598
150.4,99.88105145338608,102.7607547918615,203.32097197600035,193.27491012978282,8.804057600000599
150.43200000000002,100.50341694945243,102.08355343913877,204.10787773715901,193.641216276054,8.8060044000006
150.464,97.24967707498885,100.63339052989379,202.96462249592338,193.78572892255787,8.8078884000006
150.496,99.51225906935422,100.2970510917319,202.2794797554259,193.72864265162627,8.8098352000006
150.528,98.7815956116564,99.84241444770925,200.56641293254336,193.37182802017165,8.811782000000601
150.56,93.35101147363424,97.89499355548674,199.46372799275235,192.93144607453877,8.813666000000602
150.592,102.94509260615789,99.41002327068807,201.0291153215627,192.80267002185306,8.815612800000602
150.624,100.68270236647876,99.79182699942527,201.34931011817025,192.80658993225998,8.817496800000603
150.656,102.44163447950083,100.58676924344793,202.8737961333207,193.03429516887897,8.819443600000604
150.68800000000002,101.46178756382972,100.84927473956246,202.9919836902431,193.29361133412698,8.821327600000604
150.72,102.67710050054121,101.39762246785608,203.73090153963741,193.5883008549387,8.823274400000605
150.752,98.39229434144275,100.49602402993207,202.56330287389784,193.6697532077603,8.825158400000605
150.784,102.99565192725078,101.24591239912768,202.8471086282908,193.73639766667617,8.827105200000606
150.816,101.7894320840276,101.40896830459764,201.5315582360113,193.60430165206296,8.828989200000606
150.848,102.40238925092518,101.70699458849589,202.2129597289389,193.56801330645985,8.830936000000602
150.88,96.87529189901626,100.25748378165198,198.92743128145457,192.94362058514935,8.832882800000602
150.912,103.3624469386973,101.18897272876558,199.25818767927612,192.54354083461456,8.834766800000603
150.94400000000002,93.02633306771648,98.74018083045084,198.19575869237173,191.97214416372162,8.836713600000603
150.976,100.00221766456801,99.11879188068598,199.14937104543822,191.72820368880747,8.838597600000604
151.008,99.86255678867991,99.34192135308415,200.19168824084085,191.66563929633452,8.840544400000605
151.04,102.53087480227666,100.29860738784188,201.82656051470667,191.96174007418387,8.842428400000605
151.072,100.47309163356627,100.35095266155919,202.98411988590072,192.36232935826314,8.844375200000606
151.104,97.9709901602144,99.63696391115575,201.09715953769827,192.400311205577,8.846259200000606
151.136,92.47051830955286,97.48703023067488,199.40487043584014,192.0736849590573,8.848206000000602
151.168,102.72876001204588,99.05954916508618,200.11753795082046,191.9351682980415,8.850152800000602
151.20000000000002,99.72305452786784,99.25860077392068,200.25719358619233,191.89843348691707,8.852036800000603
151.232,98.85590745790407,99.13779277911568,200.4219216315962,191.84672959544943,8.853983600000603
151.264,95.58491340599109,98.07192896717831,198.72907993489747,191.54941719991294,8.855867600000604
151.296,100.8631838280521,98.90930542544044,198.96793033937786,191.29771558121257,8.857814400000604
151.328,104.07568808729343,100.45922022399633,201.1676941850415,191.54115646957192,8.859698400000605
151.36,105.73548623595966,102.04210002758532,201.13059291170075,191.68238656831358,8.861645200000606
151.392,99.36812339312308,101.23990703724664,203.46360295620497,192.27175674123598,8.863529200000606
151.424,98.74354378743172,100.49099806230215,201.03180586119117,192.26286979782952,8.865476000000607
151.45600000000002,101.2199098435812,100.70967159668587,199.7346922675402,192.0722503915129,8.867360000000607
151.488,102.08849041583255,101.12331724242986,199.6781693981186,191.85446876857839,8.869306800000608
151.52,95.79966776352627,99.52622239875879,197.86875956132312,191.3486063982337,8.871253600000609
151.552,99.30804511675713,99.46076921415829,196.3559975867695,190.71193106048844,8.873137600000609
151.584,111.55379683487821,103.08867750037425,203.45814358907901,191.42452977815424,8.87508440000061
151.616,98.76140429027285,101.79049553734382,204.2772881140446,192.2078463781207,8.87696840000061
151.648,101.74723957134859,101.77751874754524,203.31052592323545,192.62296971419693,8.878915200000606
151.68,99.74347485722635,101.16730558044958,202.7854082150367,192.91934511639855,8.880799200000606
151.712,103.49161455479873,101.86459827275432,202.0988364992146,192.98637617917473,8.882746000000607
151.744,101.59683552707395,101.78426944905021,201.62999603409418,193.007849184644,8.884630000000607
151.776,99.22735318178346,101.01719456887018,200.27040981780004,192.72792055024567,8.886576800000608
151.808,100.385422328224,100.82766289667632,199.97259439736172,192.44475445206888,8.888523600000608
151.84,101.82618890885038,101.12722070032854,200.86272102021312,192.4253847739619,8.890407600000609
151.872,103.54185991130805,101.85161246362239,202.926213945957,192.73157468964922,8.89235440000061
151.904,104.89488498265654,102.76459421933262,203.1902571076403,193.0815695039255,8.89423840000061
151.936,96.26037693481949,100.81332903397868,201.4341441469756,192.99893069382358,8.89618520000061
151.968,104.42833893813149,101.89783200522452,203.65708002172076,193.38502852260345,8.898069200000611
152.0,105.77663141154406,103.06147182712039,204.65072320872903,193.8296571936898,8.900016000000607
152.032,106.05080532542212,103.95827187661091,204.18487362232787,194.16092492127285,8.901900000000607
152.064,100.06590368796375,102.79056142001676,203.23172185879895,194.20828255983741,8.903846800000608
152.096,104.9097295390672,103.42631185573188,202.7114642422833,194.2043366054398,8.905730800000608
152.12800000000001,102.36192773825466,103.1069966204887,202.4472560380404,194.1018504750224,8.907677600000609
152.16,101.25302171263384,102.55080414813224,201.31008077396416,193.8120881852822,8.90962440000061
152.192,104.73505924286778,103.2060806765529,202.09036630605914,193.76743524568758,8.91150840000061
152.224,98.82388993143218,101.89142345301669,201.68728497029443,193.60647430178423,8.91345520000061
152.256,102.35362606801598,102.03008423751646,200.71973386930725,193.3509559021247,8.915339200000611
152.288,109.69444721869613,104.32939313187035,205.8212960744158,194.0136224095542,8.917286000000612
152.32,100.52484844861705,103.18802972689436,206.21162311934543,194.6784295079571,8.919170000000612
152.352,95.12238399403267,100.76833600703586,203.659106448972,194.70947565133363,8.921116800000613
152.38400000000001,96.1071701317793,99.36998624445887,202.09402464944355,194.5030599637568,8.923000800000613
152.416,99.71458560867706,99.47336605372433,202.66537783121308,194.3859851505509,8.924947600000614
152.448,101.77895499049772,100.16504273475634,203.4271490741536,194.4279792873135,8.92689440000061
152.48,97.82846950117097,99.46407076468071,204.6449494928644,194.734224792416,8.92877840000061
152.512,92.56639181384065,97.39476707942869,201.80454072044057,194.4195003446125,8.93072520000061
152.544,95.01406840002456,96.68055747560744,200.1671484162727,193.9168096612663,8.932609200000611
152.576,107.65144440404671,99.9718235541392,201.870593334798,193.76199067770506,8.934556000000612
152.608,102.7505241823417,100.80543374259994,201.81193480872224,193.67600985396243,8.936440000000612
152.64000000000001,104.13824395867516,101.8052768074225,203.90578299973274,193.93313930317595,8.938386800000613
152.672,98.68795538144235,100.87008037962845,202.41816458437722,193.92590708531853,8.940270800000613
152.704,97.43726507630544,99.84023578863153,201.1410475024285,193.63739550977732,8.942217600000614
152.736,97.53285411197788,99.14802128563544,199.88282721032687,193.22480242498472,8.944101600000614
152.768,98.32229410406198,98.90030313116338,198.04293618063662,192.50243860645963,8.946048400000615
152.8,97.597553511558,98.50947824528176,197.20260009168857,191.75872210045318,8.947995200000616
152.832,102.03808649097627,99.5680607189901,198.4842111460456,191.43301820093345,8.949879200000616
152.864,103.1845017573284,100.65299303049159,200.0813443511434,191.40390967792638,8.951826000000612
152.89600000000002,107.79964872884416,102.79698973999736,201.98668026077902,191.77636414136367,8.953710000000612
152.928,97.73272393873478,101.27770999961858,201.38188460659995,191.9205054082775,8.955656800000613
152.96,103.16929807318297,101.8451864216879,203.46973440655296,192.46788644076605,8.957540800000613
152.992,98.05786465499898,100.70898989168121,200.12182458869327,192.25879616295938,8.959487600000614
153.024,100.84822951503577,100.75076177868758,201.77408895881354,192.43803980238377,8.961371600000614
153.056,101.28658342763055,100.91150827337046,202.09916045267016,192.59224456448192,8.963318400000615
153.088,94.74670348892872,99.06206683803794,199.2558343382852,192.20390369452724,8.965265200000616
153.12,102.73425603978163,100.16372359856103,200.86279466142764,192.22814073327697,8.967149200000616
153.15200000000002,98.42516053301307,99.64215467889663,201.03326966282287,192.2274131232669,8.969096000000617
153.184,97.06953584642494,98.87036902915511,200.6537941729491,192.2095664453866,8.970980000000617
153.216,99.97657527075955,99.20223090163644,199.3776005592983,191.9125287461471,8.972926800000618
153.248,102.01334638244506,100.04556554587901,202.10403923337128,192.21416610556548,8.974810800000618
153.28,105.99585765701123,101.83065317921867,203.33277788192368,192.6321731358641,8.976757600000614
153.312,100.24047033017176,101.35359832450459,202.54990071575264,192.88425647011096,8.978641600000614
153.344,94.90400777745481,99.41872116038965,201.60498562856043,192.86825271148342,8.980588400000615
153.376,103.73482679367349,100.71355285037481,204.5821449201423,193.44543737543884,8.982472400000615
153.40800000000002,101.87990994873425,101.06345997988264,204.18072270432452,193.7940632722955,8.984419200000616
153.44,98.24169379105079,100.21693012323308,203.65282501620578,193.984040580692,8.986366000000617
153.472,97.31014260042022,99.34489386638921,202.6496261788368,194.00948933104357,8.988250000000617
153.504,97.98729252300723,98.9376134633746,202.66308649962787,193.98133484924645,8.990196800000618
153.536,98.75476085133039,98.88275767976134,203.5312023114513,194.16683641727315,8.992080800000618
153.568,99.32955125668315,99.01679575283788,202.28924678020883,194.04253844502202,8.994027600000619
153.6,100.9806681737941,99.60595747912474,203.50626279812184,194.21244832458837,8.99591160000062
153.632,105.57461657985792,101.3965552093447,203.0412661328483,194.21600834269762,8.99785840000062
153.66400000000002,104.32359512552276,102.27466718419811,203.30108493719214,194.31738391987207,8.99974240000062
153.696,106.81252699776704,103.63602512826878,204.93193488097944,194.64415719650066,9.001689200000616
153.728,95.69430544177142,101.25350922231956,203.1067274315474,194.63286067114794,9.003573200000616
153.76,100.27196230150133,100.95904514607409,202.18527859012667,194.40539548444104,9.005520000000617
153.792,98.48988478748262,100.21829703849664,198.6913674632085,193.5867117080936,9.007466800000618
153.824,93.11751718376256,98.08806308207642,199.73220732210248,193.1560304402359,9.009350800000618
153.856,107.53997049690793,100.92363530652585,200.032943734985,192.8063005969136,9.011297600000619
153.888,99.83182470944311,100.59609212740102,199.03252091054117,192.39023029887792,9.01318160000062
153.92000000000002,98.03262826449593,99.82705296852949,199.1466645083641,192.0186940408241,9.01512840000062
153.952,101.5117039186974,100.33244825357986,197.44454210767913,191.45775835711066,9.01701240000062
153.984,101.77674851694084,100.76573833258814,199.3124172362324,191.2849980323418,9.018959200000621
154.016,97.3684238930216,99.74654400071817,196.93413138726797,190.76447643032978,9.020843200000622
154.048,105.09252352858877,101.35033785907935,198.44552989286387,190.56029395701552,9.022790000000622
154.08,98.66719900046107,100.54539620149386,197.06553639501413,190.1432926131852,9.024736800000618
154.112,103.96006251025966,101.56979609412359,200.89563369751545,190.54643891557015,9.026620800000618
154.144,100.17974946789488,101.15278210625497,199.91906254060103,190.6484264337558,9.028567600000619
154.17600000000002,104.04673666264296,102.02096847317137,200.50287703613094,190.8890567924791,9.03045160000062
154.208,98.25841490579826,100.89220240295944,199.9537014334517,190.9353008806718,9.03239840000062
154.24,102.52254794938882,101.38130606688826,202.51712434350424,191.4885814301639,9.03428240000062
154.272,100.29659045186614,101.05589138238162,200.2084388644289,191.47241989162742,9.036229200000621
154.304,93.68274881818076,98.84394861312136,198.238083342294,191.15398745948917,9.038113200000621
154.336,97.30439582684483,98.3820827772384,197.55414700992432,190.71796637440798,9.040060000000622
154.368,103.83432575145208,100.01775566950249,199.86031583866628,190.7782748423186,9.042006800000623
154.4,101.23052303145612,100.38158587808857,199.25626900696398,190.76977000985502,9.043890800000623
154.43200000000002,98.72690894186164,99.88518279722048,199.30783249837754,190.7207040383682,9.045837600000624
154.464,102.02989698037514,100.52859705216687,198.9394365996735,190.66527350063342,9.047721600000624
154.496,99.86114082799781,100.32836018491615,197.75474684270003,190.3540164971197,9.04966840000062
154.528,102.70722750724735,101.0420203816155,200.3347397938429,190.61750189940688,9.05155240000062
154.56,94.314405451347,99.02373590253495,195.922009669466,189.98317056759643,9.053499200000621
154.592,101.78391526379292,99.85178971091233,196.96795468310404,189.70439843071475,9.055383200000621
154.624,99.59837066403651,99.77576399684958,198.95368324353626,189.78406193070535,9.057330000000622
154.656,95.842909891344,98.5959077651979,197.0676931914042,189.55938038369783,9.059214000000622
154.68800000000002,103.17227667161347,99.96881843712256,199.3116052701818,189.73007478591887,9.061160800000623
154.72,105.33964703249451,101.58006701573413,202.3257401402071,190.41542483953373,9.063107600000624
154.752,104.76356654798501,102.53511687540939,202.45180695228177,191.05097937391062,9.064991600000624
154.784,98.9400070742933,101.45658393507455,201.3441924307167,191.31959128920994,9.066938400000625
154.816,101.12014320110461,101.35565171488356,203.75048117262503,192.0265507487089,9.068822400000625
154.848,98.38017088368659,100.46300746552447,201.68814689119807,192.1808415737129,9.070769200000626
154.88,107.90647314549192,102.6960471695147,203.4453307250781,192.67668540222314,9.072653200000627
154.912,103.55869212432705,102.95484065595839,202.34249153196282,192.83173822445056,9.074600000000622
154.94400000000002,93.28377025484517,100.05351953562442,198.964979644197,192.39883897791464,9.076484000000622
154.976,98.8426422562926,99.69025635182487,200.63515859630246,192.29515829754223,9.078430800000623
155.008,93.5973142912253,97.86237373364499,198.5656200556088,191.887095590896,9.080314800000624
155.04,101.38497298632436,98.91915350944879,200.64540251829425,191.87789331497055,9.082261600000624
155.072,99.56868443643748,99.11401278754539,201.7730844655057,192.0744642553452,9.084208400000625
155.104,101.93816962158922,99.96125983775855,202.18671436080345,192.36175568283028,9.086092400000625
155.136,101.65538707405244,100.46949800864671,202.49409978315686,192.6012507171808,9.088039200000626
155.168,99.2759997848854,100.11144854151831,200.78219842285202,192.538981214569,9.089923200000626
155.20000000000002,98.05514249809315,99.49455672849076,200.6660700050055,192.41553002605758,9.091870000000627
155.232,104.59764319115321,101.02548266728948,203.46952081672288,192.87327417491213,9.093754000000628
155.264,106.35174827623449,102.62336234997298,204.5971621974305,193.40083470009037,9.095700800000628
155.296,102.78935191943852,102.67315922081264,203.442976447845,193.6754366892311,9.097584800000629
155.328,101.06534447476712,102.19081479699898,204.19637402592213,193.9852661327115,9.099531600000624
155.36,97.7085892922556,100.84614714557596,203.14294288278757,194.04834880122735,9.101478400000625
155.392,100.475430632436,100.73493219163396,202.0767464771385,193.958468122709,9.103362400000625
155.424,105.54546044514827,102.17809066768825,204.00837515929305,194.1830422535907,9.105309200000626
155.45600000000002,99.9381497005504,101.5061083775469,204.32541751860987,194.47578626001766,9.107193200000626
155.488,93.27678723196192,99.03731203387139,201.49086320150016,194.1510636930613,9.109140000000627
155.52,102.12900453042272,99.96481978283678,202.57064300110562,194.1319859168644,9.111024000000628
155.552,103.00092569938857,100.87565155780231,202.16281007073735,193.99111106860073,9.112970800000628
155.584,96.53086606112058,99.57221590879777,199.3581139545131,193.41952455351864,9.114854800000629
155.616,100.06831079964446,99.72104437605178,199.6319748028585,192.94952855188063,9.11680160000063
155.648,99.25313875042892,99.58067268836493,200.00977322380822,192.6329812317766,9.11874840000063
155.68,95.63446079585567,98.39680912061215,200.9672109983811,192.5984554008927,9.12063240000063
155.712,102.50716943624602,99.6299172153023,202.76328429217344,192.8438301015975,9.122579200000631
155.744,98.96463804668679,99.43033346471765,200.93561317484358,192.76542202232068,9.124463200000632
155.776,99.23099978974827,99.37053336222684,201.18647759884757,192.69517809082643,9.126410000000632
155.808,105.66714016201301,101.25951540216269,203.24487735299653,193.06164672748767,9.128294000000633
155.84,99.05774829574426,100.59898527023715,203.7253301825405,193.3973128632995,9.130240800000628
155.872,101.13528921630129,100.7598764540564,202.3220208520409,193.469662121762,9.132124800000629
155.904,102.92104108756376,101.4082258441086,203.5660494182152,193.7026490640568,9.13407160000063
155.936,101.86793566489895,101.54613879034571,204.04420602724215,194.0314444623719,9.13595560000063
155.968,97.54580750721419,100.34603940540626,200.1769456760968,193.5493308518285,9.13790240000063
156.0,97.17562045783765,99.39491372113567,200.55389889002936,193.22270619951988,9.139849200000631
156.032,108.45572108637396,102.11315593070714,204.71095259055204,193.75904953179634,9.141733200000631
156.064,100.00183471659935,101.47975956647478,203.18892986745095,193.87140037217435,9.143680000000632
156.096,103.06510984413725,101.95536464977351,203.68952264298753,194.1054553932545,9.145564000000633
156.12800000000001,98.38835432928406,100.88526155362668,203.6990571370844,194.24743940124625,9.147510800000628
156.16,97.0329743709616,99.72957539882715,201.97993686807797,194.10400152095926,9.149394800000628
156.192,97.81425112531097,99.15497811677228,201.84184840704506,193.9100985160298,9.15134160000063
156.224,100.11163062523326,99.44197386931057,200.80709957013838,193.61543786340206,9.15322560000063
156.256,102.503342123311,100.36038434551068,202.62646433989593,193.65197719720345,9.15517240000063
156.288,99.41406222400758,100.07648770905975,203.17601574302518,193.83280379561623,9.15705640000063
156.32,104.77993348436988,101.48752144165277,202.45776256064937,193.79946583401662,9.159003200000631
156.352,96.45967274108725,99.9791668314831,200.37226322786177,193.39469176914258,9.160950000000632
156.38400000000001,99.05602734762505,99.70222498632567,198.40826007926498,192.75913447503842,9.162834000000633
156.416,102.31296616334055,100.48544733943012,199.1681145404262,192.32470988122193,9.164780800000633
156.448,104.10152733235,101.57027133730608,203.08109397959262,192.7285879590909,9.166664800000634
156.48,98.24267396454631,100.57199212547815,201.4440130396797,192.71162417556488,9.168611600000634
156.512,100.15262621842007,100.44618235336073,200.55955409122112,192.58907928136796,9.170495600000635
156.544,99.8473143613903,100.26652195576959,201.10506368455228,192.53601723135588,9.172442400000635
156.576,103.38795194552257,101.20295095269547,201.60219145942725,192.63397152722885,9.174326400000636
156.608,101.2596142525882,101.21994994266328,202.06872221809152,192.74720388978415,9.176273200000637
156.64000000000001,101.31042007205141,101.24709098147972,202.73830668924876,192.96113460003107,9.178220000000632
156.672,101.09471880991381,101.20137933000993,201.51902487922683,192.9670907655533,9.180104000000632
156.704,99.47283858017911,100.68281710506068,201.16671634325948,192.8567685550968,9.182050800000633
156.736,102.20786617635979,101.14033182645039,199.68122308144115,192.54897716140886,9.183934800000634
156.768,104.31513197643747,102.09277187144652,201.19884642320187,192.52014793775598,9.185881600000634
156.8,89.84811752212076,98.41937556664878,198.32857793461505,192.02845863167104,9.187765600000635
156.832,97.85772359841,98.25087997617715,199.00411363044145,191.69660079114894,9.189712400000635
156.864,101.78853738904667,99.31217720003801,200.74814948417026,191.79190790156,9.191596400000636
156.89600000000002,102.09257217981056,100.14629569396978,202.27013607071785,192.09400709195552,9.193543200000637
156.928,98.26747630994853,99.5826498787634,199.63932874146542,191.91669085434765,9.195427200000637
156.96,101.67169339315345,100.20936293308041,201.77384341480274,192.10637690454175,9.197374000000638
156.992,103.00686248978253,101.04861280009104,202.12039145948253,192.32445458553136,9.199320800000638
157.024,105.6810730836487,102.43835088515833,204.67207565092048,193.01634259610526,9.201204800000639
157.056,103.05570046472553,102.62355575902849,203.5926239423344,193.33618916763953,9.203151600000634
157.088,109.01339266571318,104.5405068310339,205.73601909032374,194.03752685151025,9.205035600000635
157.12,102.20837276030102,103.84086660981403,203.68535288567244,194.1893253211613,9.206982400000635
157.15200000000002,105.36976095143909,104.29953491230154,205.12750774552256,194.62610844379714,9.208866400000636
157.184,99.36479791092503,102.81911381188858,203.25175178205723,194.59289438824868,9.210813200000636
157.216,100.66554094089364,102.1730419505901,203.29520647634735,194.6249905419219,9.212697200000637
157.248,112.78962574135805,105.35801708782049,205.5673636046988,195.01109880346604,9.214644000000638
157.28,104.64827372153292,105.1450940779342,206.32257133202972,195.46401315015405,9.216590800000638
157.312,101.54429235945034,104.06485356238903,202.42656014810444,195.18121615031106,9.218474800000639
157.344,100.38166054608202,102.95989565749693,202.35210250180162,194.88469469897817,9.22042160000064
157.376,106.65302116321291,104.06783330921172,206.03444843606246,195.35977170291682,9.22230560000064
157.40800000000002,99.98863498897745,102.84407381314143,204.08421429835641,195.34444006714702,9.22425240000064
157.44,96.9629396730644,101.07973357111833,203.07701778227874,195.2010167116027,9.226136400000641
157.472,105.97494474021752,102.54829692184808,204.0647091907494,195.21088895839273,9.228083200000636
157.504,106.35719609265755,103.69096667309091,204.78091027281747,195.40003832353693,9.229967200000637
157.536,99.97322521728773,102.57564423634994,203.20794972346982,195.2188168213229,9.231914000000637
157.568,100.55430824578346,101.96924343917999,202.16314410247077,194.93272209806162,9.233798000000638
157.6,101.28130986031452,101.76286336552035,202.37694976364594,194.68567474462196,9.235744800000639
157.632,97.94206119456088,100.6166227142325,201.94455815542148,194.4050805421245,9.23769160000064
157.66400000000002,101.16621214280485,100.7814995428042,203.50336318567258,194.50884638132658,9.23957560000064
157.696,103.57688756822495,101.62011595043042,203.546607738807,194.55022466208143,9.24152240000064
157.728,94.5011806380793,99.48443535672507,199.48467885669595,193.90034790987286,9.24340640000064
157.76,108.75167724566268,102.26460792340634,201.67355605489564,193.71284520484713,9.245353200000642
157.792,93.69526227549729,99.69380422903362,199.03652401089977,193.13341713908244,9.247237200000642
157.824,99.74172979832096,99.7081818998198,200.76748294332447,192.92073001650274,9.249184000000643
157.856,103.18640789669585,100.7516496988826,201.20869157534037,192.8778297551088,9.251068000000643
157.888,99.65653297364744,100.42311468131204,201.48007688986735,192.84038104493013,9.253014800000638
157.92000000000002,93.51006051731878,98.34919843211405,199.07509452482776,192.37441463264156,9.25496160000064
157.952,98.89882442138881,98.51408622889647,201.96276801444455,192.5668820563788,9.25684560000064
157.984,99.98852849601535,98.95641890903212,201.80050046633116,192.64370997642146,9.25879240000064
158.016,97.12977800282087,98.40842663716873,200.21702175941203,192.47145988334597,9.26067640000064
158.048,99.26602851981696,98.66570720196319,199.80885707494934,192.20507647986486,9.262623200000641
158.08,100.38046396686414,99.18013423143347,200.35407724697515,192.13702466084402,9.264507200000642
158.112,105.14029802362757,100.96818336909169,202.69582051515,192.453706401833,9.266454000000643
158.144,98.55063424984468,100.24291863331757,202.32553668150385,192.69748243891354,9.268338000000643
158.17600000000002,96.84506202493395,99.22356165080248,200.12312438206672,192.4470711159473,9.270284800000644
158.208,100.80705095913575,99.69860844330245,202.03306537720715,192.63911154473473,9.272168800000644
158.24,101.45374095567047,100.22514819701284,201.45309796021712,192.6399871176455,9.274115600000645
158.272,97.20947538462192,99.32044635329557,201.60038510537095,192.6673628209258,9.27606240000064
158.304,103.25292638653804,100.5001903632683,202.43940363003657,192.89307721206902,9.27794640000064
158.336,102.71093373391207,101.16341337446143,202.8489894036045,193.1006385098164,9.279893200000641
158.368,102.93161030536953,101.69387245373386,202.87752535620277,193.32723002165162,9.281777200000642
158.4,97.66689273382734,100.4857785377619,199.8724411315875,192.91746290801302,9.283724000000642
158.43200000000002,99.45213818799688,100.17568643283239,198.73391403463557,192.4272254064621,9.285608000000643
158.464,101.54044633562188,100.58511440366924,199.60790173787052,192.13247591714102,9.287554800000644
158.496,99.57980414885257,100.28352132722424,199.71921083473646,191.9626553780379,9.289438800000644
158.528,103.98568657192456,101.39417090063432,200.8808516355088,191.9823926731185,9.291385600000645
158.56,101.76838608699413,101.50643545654226,202.60975538011297,192.31148484387873,9.293332400000645
158.592,98.25776334570635,100.53183382329148,199.99967239922387,192.16002697983703,9.295216400000646
158.624,99.44378407992653,100.205418900282,200.25214689121867,192.03024651120447,9.297163200000647
158.656,97.95265792176968,99.52959060672829,199.05906675338662,191.7594448037076,9.299047200000647
158.68800000000002,95.88421765422498,98.43597872097729,196.6151216859992,191.0438761977166,9.300994000000642
158.72,101.11499474016316,99.23968352673305,199.9485333853426,191.11259631105514,9.302878000000643
158.752,97.79624206286914,98.80665108757387,201.24117893618876,191.3514105277527,9.304824800000643
158.784,96.30544364320674,98.05628885426373,199.984458824064,191.37097010741147,9.306708800000644
158.816,102.36320812880489,99.34836463662607,201.01806327443467,191.52263592993341,9.308655600000645
158.848,95.78881453833876,98.28049960713986,200.39714008121354,191.58589841870136,9.310539600000645
158.88,104.10274721759556,100.02717389027657,200.26121971644648,191.5616759502419,9.312486400000646
158.912,98.79554129064232,99.65768411038628,200.50780211559464,191.5864684891713,9.314433200000646
158.94400000000002,99.62604562262138,99.64819256405681,200.4040391664295,191.6394261607677,9.316317200000647
158.976,96.45265861051962,98.68953237799565,201.1508166044648,191.7665301279387,9.318264000000648
159.008,95.34868265595779,97.68727746138427,199.220378826616,191.5726575137762,9.320148000000648
159.04,99.2693616208835,98.16190270923403,199.23385946401763,191.36488196611913,9.322094800000649
159.072,101.90638797398276,99.28524828865864,199.73371754037154,191.33661970033486,9.32397880000065
159.104,110.50556855947661,102.65134436990402,202.5257187878339,191.7673847586073,9.325925600000645
159.136,105.71036244979541,103.56904979387144,203.42479850278093,192.33434696098547,9.327809600000645
159.168,102.72135928900971,103.31474264241291,201.02174406707024,192.31231018379597,9.329756400000646
159.20000000000002,108.91581171079224,104.9950633629267,205.22466762072455,193.0549807165726,9.331703200000646
159.232,99.4463311497386,103.33044369897026,204.46047547649113,193.5763462094686,9.333587200000647
159.264,93.95500719105625,100.51781274659605,201.62206417686747,193.4381671044036,9.335534000000647
159.296,106.5793330408745,102.33626883487958,202.00882077386422,193.44643341181384,9.337418000000648
159.328,100.6075087147533,101.8176407988417,202.8869263824886,193.56070511273074,9.339364800000649
159.36,97.22354890698402,100.43941323128439,202.7815452377829,193.68665355121382,9.341248800000649
159.392,106.90395656369856,102.37877623100863,205.51173773062882,194.23253032905708,9.34319560000065
159.424,104.64931237407569,103.05993707392874,206.5031905954578,194.91048862646005,9.34507960000065
159.45600000000002,90.66889325753206,99.34262392900972,199.90223337000674,194.21954796487313,9.34702640000065
159.488,104.86221800359168,100.99850215138432,201.53098416817855,193.99989904331045,9.348910400000651
159.52,95.1376856505858,99.24025720114476,200.08246274177105,193.5063938990699,9.350857200000647
159.552,102.4936625549982,100.21627880730078,201.07728100617953,193.28227158947115,9.352804000000647
159.584,99.17797724341528,99.90478833813512,200.04097778524488,192.962579911504,9.354688000000648
159.616,102.43877568505505,100.6649845422111,201.06339260973823,192.8343728156678,9.356634800000649
159.648,95.83990340083075,99.21746019979699,201.52078575572847,192.8635912630965,9.358518800000649
159.68,107.00098494137117,101.55251762226922,202.89815498509262,193.0853882922055,9.36046560000065
159.71200000000002,106.14785155879302,102.93111780322636,202.18982551572432,193.1902680950723,9.36234960000065
159.744,103.44567336224094,103.08548447093072,203.34432068852806,193.43369231267764,9.36429640000065
159.776,98.58553742808101,101.7355003580758,200.30911699153012,193.13512638980146,9.366180400000651
159.808,105.29779831669111,102.8041897456604,201.8604504572862,193.1199542982791,9.368127200000652
159.84,105.34809484908165,103.56736127668677,202.59116630861308,193.23978606895835,9.370074000000653
159.872,103.2516624347243,103.47265162409802,202.5216734051191,193.37678390079242,9.371958000000653
159.904,105.51811796454078,104.08629152623084,202.9521379849578,193.51546512777364,9.373904800000654
159.936,99.04352672952083,102.57346208721782,200.7212162911945,193.2766874768916,9.375788800000654
159.968,100.2765696672303,101.88439436122155,201.10146904689213,193.09851943349392,9.377735600000655
160.0,100.44175241087834,101.45160177611858,201.17975535395954,193.01820234580072,9.379619600000655
